#Type,IsPar,Factor_1,ShiftSize_1,Factor_2,ShiftSize_2,Currency,TradeId,Date,Time,EPE,ENE,AllocatedEPE,AllocatedENE,PFE,BaselEE,BaselEEE,TimeWeightedBaselEPE,TimeWeightedBaselEEPE
Base,false,,0.00000000,,0.00000000,EUR,ComFwd_WTI_QuantoEUR_5Y,2016-02-05,0.000000,0,6085,0,0,0,0,0,0.00,0.00
Base,false,,0.00000000,,0.00000000,EUR,ComFwd_WTI_QuantoEUR_5Y,2016-03-07,0.084699,36,7881,0,0,0,36,36,36.10,36.10
Base,false,,0.00000000,,0.00000000,EUR,ComFwd_WTI_QuantoEUR_5Y,2016-04-05,0.163934,151,9226,0,0,292,151,151,91.48,91.48
Base,false,,0.00000000,,0.00000000,EUR,ComFwd_WTI_QuantoEUR_5Y,2016-05-06,0.248634,351,10242,0,0,2508,350,350,179.65,179.65
Base,false,,0.00000000,,0.00000000,EUR,ComFwd_WTI_QuantoEUR_5Y,2016-06-06,0.333333,702,11081,0,0,5981,701,701,312.22,312.22
Base,false,,0.00000000,,0.00000000,EUR,ComFwd_WTI_QuantoEUR_5Y,2016-07-05,0.412568,1038,11691,0,0,7508,1037,1037,451.43,451.43
Base,false,,0.00000000,,0.00000000,EUR,ComFwd_WTI_QuantoEUR_5Y,2016-08-05,0.497268,1183,13672,0,0,8414,1181,1181,575.72,575.72
Base,false,,0.00000000,,0.00000000,EUR,ComFwd_WTI_QuantoEUR_5Y,2016-09-06,0.584699,1392,15157,0,0,10344,1390,1390,697.51,697.51
Base,false,,0.00000000,,0.00000000,EUR,ComFwd_WTI_QuantoEUR_5Y,2016-10-05,0.663934,1709,16061,0,0,11879,1705,1705,817.80,817.80
Base,false,,0.00000000,,0.00000000,EUR,ComFwd_WTI_QuantoEUR_5Y,2016-11-07,0.754098,2286,16766,0,0,15393,2280,2280,992.67,992.67
Base,false,,0.00000000,,0.00000000,EUR,ComFwd_WTI_QuantoEUR_5Y,2016-12-05,0.830601,2836,16940,0,0,18562,2828,2828,1161.76,1161.76
Base,false,,0.00000000,,0.00000000,EUR,ComFwd_WTI_QuantoEUR_5Y,2017-01-05,0.915330,3590,17279,0,0,22387,3579,3579,1385.54,1385.54
Base,false,,0.00000000,,0.00000000,EUR,ComFwd_WTI_QuantoEUR_5Y,2017-02-06,1.003002,4040,18361,0,0,24086,4028,4028,1616.48,1616.48
Base,false,,0.00000000,,0.00000000,EUR,ComFwd_WTI_QuantoEUR_5Y,2017-03-06,1.079714,4571,19241,0,0,27027,4555,4555,1825.28,1825.28
Base,false,,0.00000000,,0.00000000,EUR,ComFwd_WTI_QuantoEUR_5Y,2017-04-05,1.161906,5001,19985,0,0,32043,4982,4982,2048.59,2048.59
Base,false,,0.00000000,,0.00000000,EUR,ComFwd_WTI_QuantoEUR_5Y,2017-05-05,1.244098,5675,20775,0,0,31794,5652,5652,2286.62,2286.62
Base,false,,0.00000000,,0.00000000,EUR,ComFwd_WTI_QuantoEUR_5Y,2017-06-06,1.331769,6549,21530,0,0,39347,6520,6520,2565.30,2565.30
Base,false,,0.00000000,,0.00000000,EUR,ComFwd_WTI_QuantoEUR_5Y,2017-07-05,1.411221,7191,22014,0,0,40843,7157,7157,2823.83,2823.83
Base,false,,0.00000000,,0.00000000,EUR,ComFwd_WTI_QuantoEUR_5Y,2017-08-07,1.501632,7767,22800,0,0,42747,7727,7727,3119.07,3119.07
Base,false,,0.00000000,,0.00000000,EUR,ComFwd_WTI_QuantoEUR_5Y,2017-09-05,1.581084,8395,23387,0,0,45536,8350,8350,3381.94,3381.94
Base,false,,0.00000000,,0.00000000,EUR,ComFwd_WTI_QuantoEUR_5Y,2017-10-05,1.663276,9236,24068,0,0,50179,9184,9184,3668.66,3668.66
Base,false,,0.00000000,,0.00000000,EUR,ComFwd_WTI_QuantoEUR_5Y,2017-11-06,1.750947,10084,24566,0,0,55728,10024,10024,3986.87,3986.87
Base,false,,0.00000000,,0.00000000,EUR,ComFwd_WTI_QuantoEUR_5Y,2017-12-05,1.830399,10816,24818,0,0,61492,10748,10748,4280.35,4280.35
Base,false,,0.00000000,,0.00000000,EUR,ComFwd_WTI_QuantoEUR_5Y,2018-01-05,1.915330,11453,24868,0,0,60701,11377,11377,4595.02,4595.02
Base,false,,0.00000000,,0.00000000,EUR,ComFwd_WTI_QuantoEUR_5Y,2018-02-05,2.000262,12061,25839,0,0,64874,11976,11976,4908.43,4908.43
Base,false,,0.00000000,,0.00000000,EUR,ComFwd_WTI_QuantoEUR_5Y,2018-03-05,2.076974,12670,26814,0,0,67194,12579,12579,5191.73,5191.73
Base,false,,0.00000000,,0.00000000,EUR,ComFwd_WTI_QuantoEUR_5Y,2018-04-05,2.161906,13375,27370,0,0,71151,13276,13276,5509.31,5509.31
Base,false,,0.00000000,,0.00000000,EUR,ComFwd_WTI_QuantoEUR_5Y,2018-05-08,2.252317,14115,27962,0,0,73627,14007,14007,5850.44,5850.44
Base,false,,0.00000000,,0.00000000,EUR,ComFwd_WTI_QuantoEUR_5Y,2018-06-05,2.329029,15182,28619,0,0,77446,15063,15063,6153.88,6153.88
Base,false,,0.00000000,,0.00000000,EUR,ComFwd_WTI_QuantoEUR_5Y,2018-07-05,2.411221,16127,29182,0,0,77275,15998,15998,6489.45,6489.45
Base,false,,0.00000000,,0.00000000,EUR,ComFwd_WTI_QuantoEUR_5Y,2018-08-06,2.498892,16792,30222,0,0,82749,16655,16655,6846.08,6846.08
Base,false,,0.00000000,,0.00000000,EUR,ComFwd_WTI_QuantoEUR_5Y,2018-09-05,2.581084,17139,30662,0,0,87310,16996,16996,7169.28,7169.28
Base,false,,0.00000000,,0.00000000,EUR,ComFwd_WTI_QuantoEUR_5Y,2018-10-05,2.663276,18035,31179,0,0,88196,17881,17881,7499.85,7499.85
Base,false,,0.00000000,,0.00000000,EUR,ComFwd_WTI_QuantoEUR_5Y,2018-11-05,2.748207,19179,31555,0,0,94003,19011,19011,7855.59,7855.59
Base,false,,0.00000000,,0.00000000,EUR,ComFwd_WTI_QuantoEUR_5Y,2018-12-05,2.830399,20551,31792,0,0,92765,20366,20366,8218.89,8218.89
Base,false,,0.00000000,,0.00000000,EUR,ComFwd_WTI_QuantoEUR_5Y,2019-01-07,2.920810,21714,31717,0,0,99116,21514,21514,8630.42,8630.42
Base,false,,0.00000000,,0.00000000,EUR,ComFwd_WTI_QuantoEUR_5Y,2019-02-05,3.000262,22279,32477,0,0,100849,22070,22070,8986.33,8986.33
Base,false,,0.00000000,,0.00000000,EUR,ComFwd_WTI_QuantoEUR_5Y,2019-03-05,3.076974,22965,33144,0,0,105660,22747,22747,9329.41,9329.41
Base,false,,0.00000000,,0.00000000,EUR,ComFwd_WTI_QuantoEUR_5Y,2019-04-05,3.161906,23530,33814,0,0,102667,23306,23306,9704.84,9704.84
Base,false,,0.00000000,,0.00000000,EUR,ComFwd_WTI_QuantoEUR_5Y,2019-05-07,3.249577,24665,34472,0,0,122884,24428,24428,10102.07,10102.07
Base,false,,0.00000000,,0.00000000,EUR,ComFwd_WTI_QuantoEUR_5Y,2019-06-05,3.329029,25498,34931,0,0,118078,25253,25253,10463.66,10463.66
Base,false,,0.00000000,,0.00000000,EUR,ComFwd_WTI_QuantoEUR_5Y,2019-07-05,3.411221,26351,35059,0,0,137790,26096,26096,10840.30,10840.30
Base,false,,0.00000000,,0.00000000,EUR,ComFwd_WTI_QuantoEUR_5Y,2019-08-05,3.496152,27203,36219,0,0,145165,26938,26938,11231.36,11231.36
Base,false,,0.00000000,,0.00000000,EUR,ComFwd_WTI_QuantoEUR_5Y,2019-09-05,3.581084,27975,36994,0,0,136864,27701,27701,11621.97,11621.97
Base,false,,0.00000000,,0.00000000,EUR,ComFwd_WTI_QuantoEUR_5Y,2019-10-07,3.668755,29526,37944,0,0,150781,29236,29236,12042.88,12042.88
Base,false,,0.00000000,,0.00000000,EUR,ComFwd_WTI_QuantoEUR_5Y,2019-11-05,3.748207,30220,38092,0,0,149378,29921,29921,12421.84,12421.84
Base,false,,0.00000000,,0.00000000,EUR,ComFwd_WTI_QuantoEUR_5Y,2019-12-05,3.830399,31307,38044,0,0,145241,30996,30996,12820.40,12820.40
Base,false,,0.00000000,,0.00000000,EUR,ComFwd_WTI_QuantoEUR_5Y,2020-01-06,3.918033,32098,37725,0,0,155971,31777,31777,13244.40,13244.40
Base,false,,0.00000000,,0.00000000,EUR,ComFwd_WTI_QuantoEUR_5Y,2020-02-05,4.000000,32144,38244,0,0,152112,31821,31821,13625.06,13625.06
Base,false,,0.00000000,,0.00000000,EUR,ComFwd_WTI_QuantoEUR_5Y,2020-03-05,4.079235,32377,37545,0,0,157988,32053,32053,13983.01,13983.01
Base,false,,0.00000000,,0.00000000,EUR,ComFwd_WTI_QuantoEUR_5Y,2020-04-06,4.166667,33387,37409,0,0,161536,33057,33057,14383.25,14383.25
Base,false,,0.00000000,,0.00000000,EUR,ComFwd_WTI_QuantoEUR_5Y,2020-05-05,4.245902,34661,37165,0,0,162748,34321,34321,14755.33,14755.33
Base,false,,0.00000000,,0.00000000,EUR,ComFwd_WTI_QuantoEUR_5Y,2020-06-05,4.330601,35932,36454,0,0,159805,35584,35584,15162.69,15162.69
Base,false,,0.00000000,,0.00000000,EUR,ComFwd_WTI_QuantoEUR_5Y,2020-07-06,4.415301,37240,35863,0,0,168836,36884,36884,15579.37,15579.37
Base,false,,0.00000000,,0.00000000,EUR,ComFwd_WTI_QuantoEUR_5Y,2020-08-05,4.497268,37587,36211,0,0,169732,37231,37231,15973.99,15973.99
Base,false,,0.00000000,,0.00000000,EUR,ComFwd_WTI_QuantoEUR_5Y,2020-09-08,4.590164,37419,35477,0,0,157788,37068,37231,16400.89,16404.18
Base,false,,0.00000000,,0.00000000,EUR,ComFwd_WTI_QuantoEUR_5Y,2020-10-05,4.663934,37888,34995,0,0,162261,37536,37536,16735.19,16738.43
Base,false,,0.00000000,,0.00000000,EUR,ComFwd_WTI_QuantoEUR_5Y,2020-11-05,4.748634,38361,33999,0,0,170939,38009,38009,17114.64,17117.82
Base,false,,0.00000000,,0.00000000,EUR,ComFwd_WTI_QuantoEUR_5Y,2020-12-07,4.836066,39716,33087,0,0,175785,39356,39356,17516.74,17519.86
Base,false,,0.00000000,,0.00000000,EUR,ComFwd_WTI_QuantoEUR_5Y,2021-01-05,4.915330,40968,32247,0,0,169955,40601,40601,17888.99,17892.06
Base,false,,0.00000000,,0.00000000,EUR,ComFwd_WTI_QuantoEUR_5Y,2021-02-05,5.000262,0,0,0,0,0,0,40601,17585.14,18277.78
Up,false,DiscountCurve/EUR/0/1Y,0.00010000,,0.00000000,EUR,ComFwd_WTI_QuantoEUR_5Y,2016-02-05,0.000000,0,6085,0,0,0,0,0,0.00,0.00
Up,false,DiscountCurve/EUR/0/1Y,0.00010000,,0.00000000,EUR,ComFwd_WTI_QuantoEUR_5Y,2016-03-07,0.084699,36,7881,0,0,0,36,36,36.10,36.10
Up,false,DiscountCurve/EUR/0/1Y,0.00010000,,0.00000000,EUR,ComFwd_WTI_QuantoEUR_5Y,2016-04-05,0.163934,151,9226,0,0,292,151,151,91.48,91.48
Up,false,DiscountCurve/EUR/0/1Y,0.00010000,,0.00000000,EUR,ComFwd_WTI_QuantoEUR_5Y,2016-05-06,0.248634,351,10242,0,0,2508,350,350,179.65,179.65
Up,false,DiscountCurve/EUR/0/1Y,0.00010000,,0.00000000,EUR,ComFwd_WTI_QuantoEUR_5Y,2016-06-06,0.333333,702,11081,0,0,5981,701,701,312.22,312.22
Up,false,DiscountCurve/EUR/0/1Y,0.00010000,,0.00000000,EUR,ComFwd_WTI_QuantoEUR_5Y,2016-07-05,0.412568,1038,11691,0,0,7508,1037,1037,451.45,451.45
Up,false,DiscountCurve/EUR/0/1Y,0.00010000,,0.00000000,EUR,ComFwd_WTI_QuantoEUR_5Y,2016-08-05,0.497268,1183,13672,0,0,8414,1181,1181,575.74,575.74
Up,false,DiscountCurve/EUR/0/1Y,0.00010000,,0.00000000,EUR,ComFwd_WTI_QuantoEUR_5Y,2016-09-06,0.584699,1392,15157,0,0,10344,1390,1390,697.54,697.54
Up,false,DiscountCurve/EUR/0/1Y,0.00010000,,0.00000000,EUR,ComFwd_WTI_QuantoEUR_5Y,2016-10-05,0.663934,1709,16061,0,0,11879,1706,1706,817.84,817.84
Up,false,DiscountCurve/EUR/0/1Y,0.00010000,,0.00000000,EUR,ComFwd_WTI_QuantoEUR_5Y,2016-11-07,0.754098,2286,16766,0,0,15393,2281,2281,992.72,992.72
Up,false,DiscountCurve/EUR/0/1Y,0.00010000,,0.00000000,EUR,ComFwd_WTI_QuantoEUR_5Y,2016-12-05,0.830601,2836,16940,0,0,18562,2829,2829,1161.83,1161.83
Up,false,DiscountCurve/EUR/0/1Y,0.00010000,,0.00000000,EUR,ComFwd_WTI_QuantoEUR_5Y,2017-01-05,0.915330,3590,17279,0,0,22387,3580,3580,1385.63,1385.63
Up,false,DiscountCurve/EUR/0/1Y,0.00010000,,0.00000000,EUR,ComFwd_WTI_QuantoEUR_5Y,2017-02-06,1.003002,4040,18361,0,0,24086,4028,4028,1616.60,1616.60
Up,false,DiscountCurve/EUR/0/1Y,0.00010000,,0.00000000,EUR,ComFwd_WTI_QuantoEUR_5Y,2017-03-06,1.079714,4571,19241,0,0,27027,4556,4556,1825.43,1825.43
Up,false,DiscountCurve/EUR/0/1Y,0.00010000,,0.00000000,EUR,ComFwd_WTI_QuantoEUR_5Y,2017-04-05,1.161906,5001,19985,0,0,32043,4983,4983,2048.76,2048.76
Up,false,DiscountCurve/EUR/0/1Y,0.00010000,,0.00000000,EUR,ComFwd_WTI_QuantoEUR_5Y,2017-05-05,1.244098,5675,20775,0,0,31794,5652,5652,2286.81,2286.81
Up,false,DiscountCurve/EUR/0/1Y,0.00010000,,0.00000000,EUR,ComFwd_WTI_QuantoEUR_5Y,2017-06-06,1.331769,6549,21530,0,0,39347,6521,6521,2565.52,2565.52
Up,false,DiscountCurve/EUR/0/1Y,0.00010000,,0.00000000,EUR,ComFwd_WTI_QuantoEUR_5Y,2017-07-05,1.411221,7191,22014,0,0,40843,7158,7158,2824.08,2824.08
Up,false,DiscountCurve/EUR/0/1Y,0.00010000,,0.00000000,EUR,ComFwd_WTI_QuantoEUR_5Y,2017-08-07,1.501632,7767,22800,0,0,42747,7728,7728,3119.34,3119.34
Up,false,DiscountCurve/EUR/0/1Y,0.00010000,,0.00000000,EUR,ComFwd_WTI_QuantoEUR_5Y,2017-09-05,1.581084,8395,23387,0,0,45536,8351,8351,3382.23,3382.23
Up,false,DiscountCurve/EUR/0/1Y,0.00010000,,0.00000000,EUR,ComFwd_WTI_QuantoEUR_5Y,2017-10-05,1.663276,9236,24068,0,0,50179,9185,9185,3668.97,3668.97
Up,false,DiscountCurve/EUR/0/1Y,0.00010000,,0.00000000,EUR,ComFwd_WTI_QuantoEUR_5Y,2017-11-06,1.750947,10084,24566,0,0,55728,10025,10025,3987.21,3987.21
Up,false,DiscountCurve/EUR/0/1Y,0.00010000,,0.00000000,EUR,ComFwd_WTI_QuantoEUR_5Y,2017-12-05,1.830399,10816,24818,0,0,61492,10749,10749,4280.71,4280.71
Up,false,DiscountCurve/EUR/0/1Y,0.00010000,,0.00000000,EUR,ComFwd_WTI_QuantoEUR_5Y,2018-01-05,1.915330,11453,24868,0,0,60701,11377,11377,4595.41,4595.41
Up,false,DiscountCurve/EUR/0/1Y,0.00010000,,0.00000000,EUR,ComFwd_WTI_QuantoEUR_5Y,2018-02-05,2.000262,12061,25839,0,0,64874,11977,11977,4908.84,4908.84
Up,false,DiscountCurve/EUR/0/1Y,0.00010000,,0.00000000,EUR,ComFwd_WTI_QuantoEUR_5Y,2018-03-05,2.076974,12670,26814,0,0,67194,12580,12580,5192.16,5192.16
Up,false,DiscountCurve/EUR/0/1Y,0.00010000,,0.00000000,EUR,ComFwd_WTI_QuantoEUR_5Y,2018-04-05,2.161906,13375,27371,0,0,71151,13276,13276,5509.76,5509.76
Up,false,DiscountCurve/EUR/0/1Y,0.00010000,,0.00000000,EUR,ComFwd_WTI_QuantoEUR_5Y,2018-05-08,2.252317,14115,27962,0,0,73627,14008,14008,5850.91,5850.91
Up,false,DiscountCurve/EUR/0/1Y,0.00010000,,0.00000000,EUR,ComFwd_WTI_QuantoEUR_5Y,2018-06-05,2.329029,15182,28619,0,0,77446,15064,15064,6154.37,6154.37
Up,false,DiscountCurve/EUR/0/1Y,0.00010000,,0.00000000,EUR,ComFwd_WTI_QuantoEUR_5Y,2018-07-05,2.411221,16127,29182,0,0,77275,15999,15999,6489.96,6489.96
Up,false,DiscountCurve/EUR/0/1Y,0.00010000,,0.00000000,EUR,ComFwd_WTI_QuantoEUR_5Y,2018-08-06,2.498892,16792,30222,0,0,82749,16656,16656,6846.61,6846.61
Up,false,DiscountCurve/EUR/0/1Y,0.00010000,,0.00000000,EUR,ComFwd_WTI_QuantoEUR_5Y,2018-09-05,2.581084,17139,30662,0,0,87310,16997,16997,7169.83,7169.83
Up,false,DiscountCurve/EUR/0/1Y,0.00010000,,0.00000000,EUR,ComFwd_WTI_QuantoEUR_5Y,2018-10-05,2.663276,18036,31179,0,0,88196,17882,17882,7500.40,7500.40
Up,false,DiscountCurve/EUR/0/1Y,0.00010000,,0.00000000,EUR,ComFwd_WTI_QuantoEUR_5Y,2018-11-05,2.748207,19179,31555,0,0,94003,19012,19012,7856.16,7856.16
Up,false,DiscountCurve/EUR/0/1Y,0.00010000,,0.00000000,EUR,ComFwd_WTI_QuantoEUR_5Y,2018-12-05,2.830399,20551,31792,0,0,92765,20367,20367,8219.48,8219.48
Up,false,DiscountCurve/EUR/0/1Y,0.00010000,,0.00000000,EUR,ComFwd_WTI_QuantoEUR_5Y,2019-01-07,2.920810,21714,31717,0,0,99116,21515,21515,8631.03,8631.03
Up,false,DiscountCurve/EUR/0/1Y,0.00010000,,0.00000000,EUR,ComFwd_WTI_QuantoEUR_5Y,2019-02-05,3.000262,22279,32477,0,0,100849,22071,22071,8986.96,8986.96
Up,false,DiscountCurve/EUR/0/1Y,0.00010000,,0.00000000,EUR,ComFwd_WTI_QuantoEUR_5Y,2019-03-05,3.076974,22965,33144,0,0,105660,22748,22748,9330.05,9330.05
Up,false,DiscountCurve/EUR/0/1Y,0.00010000,,0.00000000,EUR,ComFwd_WTI_QuantoEUR_5Y,2019-04-05,3.161906,23530,33814,0,0,102667,23307,23307,9705.48,9705.48
Up,false,DiscountCurve/EUR/0/1Y,0.00010000,,0.00000000,EUR,ComFwd_WTI_QuantoEUR_5Y,2019-05-07,3.249577,24665,34472,0,0,122884,24430,24430,10102.73,10102.73
Up,false,DiscountCurve/EUR/0/1Y,0.00010000,,0.00000000,EUR,ComFwd_WTI_QuantoEUR_5Y,2019-06-05,3.329029,25498,34931,0,0,118078,25254,25254,10464.33,10464.33
Up,false,DiscountCurve/EUR/0/1Y,0.00010000,,0.00000000,EUR,ComFwd_WTI_QuantoEUR_5Y,2019-07-05,3.411221,26351,35059,0,0,137790,26097,26097,10840.98,10840.98
Up,false,DiscountCurve/EUR/0/1Y,0.00010000,,0.00000000,EUR,ComFwd_WTI_QuantoEUR_5Y,2019-08-05,3.496152,27203,36219,0,0,145165,26939,26939,11232.04,11232.04
Up,false,DiscountCurve/EUR/0/1Y,0.00010000,,0.00000000,EUR,ComFwd_WTI_QuantoEUR_5Y,2019-09-05,3.581084,27975,36994,0,0,136864,27702,27702,11622.66,11622.66
Up,false,DiscountCurve/EUR/0/1Y,0.00010000,,0.00000000,EUR,ComFwd_WTI_QuantoEUR_5Y,2019-10-07,3.668755,29526,37944,0,0,150781,29237,29237,12043.58,12043.58
Up,false,DiscountCurve/EUR/0/1Y,0.00010000,,0.00000000,EUR,ComFwd_WTI_QuantoEUR_5Y,2019-11-05,3.748207,30220,38092,0,0,149378,29922,29922,12422.55,12422.55
Up,false,DiscountCurve/EUR/0/1Y,0.00010000,,0.00000000,EUR,ComFwd_WTI_QuantoEUR_5Y,2019-12-05,3.830399,31307,38044,0,0,145241,30997,30997,12821.11,12821.11
Up,false,DiscountCurve/EUR/0/1Y,0.00010000,,0.00000000,EUR,ComFwd_WTI_QuantoEUR_5Y,2020-01-06,3.918033,32098,37725,0,0,155971,31778,31778,13245.11,13245.11
Up,false,DiscountCurve/EUR/0/1Y,0.00010000,,0.00000000,EUR,ComFwd_WTI_QuantoEUR_5Y,2020-02-05,4.000000,32144,38244,0,0,152112,31822,31822,13625.78,13625.78
Up,false,DiscountCurve/EUR/0/1Y,0.00010000,,0.00000000,EUR,ComFwd_WTI_QuantoEUR_5Y,2020-03-05,4.079235,32377,37545,0,0,157988,32054,32054,13983.72,13983.72
Up,false,DiscountCurve/EUR/0/1Y,0.00010000,,0.00000000,EUR,ComFwd_WTI_QuantoEUR_5Y,2020-04-06,4.166667,33387,37409,0,0,161536,33058,33058,14383.97,14383.97
Up,false,DiscountCurve/EUR/0/1Y,0.00010000,,0.00000000,EUR,ComFwd_WTI_QuantoEUR_5Y,2020-05-05,4.245902,34661,37165,0,0,162748,34322,34322,14756.04,14756.04
Up,false,DiscountCurve/EUR/0/1Y,0.00010000,,0.00000000,EUR,ComFwd_WTI_QuantoEUR_5Y,2020-06-05,4.330601,35932,36454,0,0,159805,35584,35584,15163.41,15163.41
Up,false,DiscountCurve/EUR/0/1Y,0.00010000,,0.00000000,EUR,ComFwd_WTI_QuantoEUR_5Y,2020-07-06,4.415301,37240,35863,0,0,168836,36884,36884,15580.08,15580.08
Up,false,DiscountCurve/EUR/0/1Y,0.00010000,,0.00000000,EUR,ComFwd_WTI_QuantoEUR_5Y,2020-08-05,4.497268,37587,36211,0,0,169732,37231,37231,15974.69,15974.69
Up,false,DiscountCurve/EUR/0/1Y,0.00010000,,0.00000000,EUR,ComFwd_WTI_QuantoEUR_5Y,2020-09-08,4.590164,37419,35477,0,0,157788,37068,37231,16401.59,16404.88
Up,false,DiscountCurve/EUR/0/1Y,0.00010000,,0.00000000,EUR,ComFwd_WTI_QuantoEUR_5Y,2020-10-05,4.663934,37888,34995,0,0,162261,37537,37537,16735.89,16739.13
Up,false,DiscountCurve/EUR/0/1Y,0.00010000,,0.00000000,EUR,ComFwd_WTI_QuantoEUR_5Y,2020-11-05,4.748634,38361,33999,0,0,170939,38009,38009,17115.33,17118.51
Up,false,DiscountCurve/EUR/0/1Y,0.00010000,,0.00000000,EUR,ComFwd_WTI_QuantoEUR_5Y,2020-12-07,4.836066,39716,33087,0,0,175785,39356,39356,17517.42,17520.54
Up,false,DiscountCurve/EUR/0/1Y,0.00010000,,0.00000000,EUR,ComFwd_WTI_QuantoEUR_5Y,2021-01-05,4.915330,40968,32247,0,0,169955,40601,40601,17889.66,17892.73
Up,false,DiscountCurve/EUR/0/1Y,0.00010000,,0.00000000,EUR,ComFwd_WTI_QuantoEUR_5Y,2021-02-05,5.000262,0,0,0,0,0,0,40601,17585.80,18278.44
Up,false,DiscountCurve/EUR/1/5Y,0.00010000,,0.00000000,EUR,ComFwd_WTI_QuantoEUR_5Y,2016-02-05,0.000000,0,6085,0,0,0,0,0,0.00,0.00
Up,false,DiscountCurve/EUR/1/5Y,0.00010000,,0.00000000,EUR,ComFwd_WTI_QuantoEUR_5Y,2016-03-07,0.084699,36,7881,0,0,0,36,36,36.10,36.10
Up,false,DiscountCurve/EUR/1/5Y,0.00010000,,0.00000000,EUR,ComFwd_WTI_QuantoEUR_5Y,2016-04-05,0.163934,151,9226,0,0,292,151,151,91.48,91.48
Up,false,DiscountCurve/EUR/1/5Y,0.00010000,,0.00000000,EUR,ComFwd_WTI_QuantoEUR_5Y,2016-05-06,0.248634,351,10242,0,0,2508,350,350,179.65,179.65
Up,false,DiscountCurve/EUR/1/5Y,0.00010000,,0.00000000,EUR,ComFwd_WTI_QuantoEUR_5Y,2016-06-06,0.333333,702,11081,0,0,5981,701,701,312.22,312.22
Up,false,DiscountCurve/EUR/1/5Y,0.00010000,,0.00000000,EUR,ComFwd_WTI_QuantoEUR_5Y,2016-07-05,0.412568,1038,11691,0,0,7508,1037,1037,451.43,451.43
Up,false,DiscountCurve/EUR/1/5Y,0.00010000,,0.00000000,EUR,ComFwd_WTI_QuantoEUR_5Y,2016-08-05,0.497268,1183,13672,0,0,8414,1181,1181,575.72,575.72
Up,false,DiscountCurve/EUR/1/5Y,0.00010000,,0.00000000,EUR,ComFwd_WTI_QuantoEUR_5Y,2016-09-06,0.584699,1392,15157,0,0,10344,1390,1390,697.51,697.51
Up,false,DiscountCurve/EUR/1/5Y,0.00010000,,0.00000000,EUR,ComFwd_WTI_QuantoEUR_5Y,2016-10-05,0.663934,1709,16061,0,0,11879,1705,1705,817.80,817.80
Up,false,DiscountCurve/EUR/1/5Y,0.00010000,,0.00000000,EUR,ComFwd_WTI_QuantoEUR_5Y,2016-11-07,0.754098,2286,16766,0,0,15393,2280,2280,992.67,992.67
Up,false,DiscountCurve/EUR/1/5Y,0.00010000,,0.00000000,EUR,ComFwd_WTI_QuantoEUR_5Y,2016-12-05,0.830601,2836,16940,0,0,18561,2828,2828,1161.76,1161.76
Up,false,DiscountCurve/EUR/1/5Y,0.00010000,,0.00000000,EUR,ComFwd_WTI_QuantoEUR_5Y,2017-01-05,0.915330,3590,17279,0,0,22387,3579,3579,1385.54,1385.54
Up,false,DiscountCurve/EUR/1/5Y,0.00010000,,0.00000000,EUR,ComFwd_WTI_QuantoEUR_5Y,2017-02-06,1.003002,4040,18361,0,0,24086,4028,4028,1616.48,1616.48
Up,false,DiscountCurve/EUR/1/5Y,0.00010000,,0.00000000,EUR,ComFwd_WTI_QuantoEUR_5Y,2017-03-06,1.079714,4571,19241,0,0,27027,4555,4555,1825.29,1825.29
Up,false,DiscountCurve/EUR/1/5Y,0.00010000,,0.00000000,EUR,ComFwd_WTI_QuantoEUR_5Y,2017-04-05,1.161906,5001,19985,0,0,32043,4982,4982,2048.60,2048.60
Up,false,DiscountCurve/EUR/1/5Y,0.00010000,,0.00000000,EUR,ComFwd_WTI_QuantoEUR_5Y,2017-05-05,1.244098,5675,20775,0,0,31794,5652,5652,2286.64,2286.64
Up,false,DiscountCurve/EUR/1/5Y,0.00010000,,0.00000000,EUR,ComFwd_WTI_QuantoEUR_5Y,2017-06-06,1.331769,6549,21530,0,0,39347,6520,6520,2565.34,2565.34
Up,false,DiscountCurve/EUR/1/5Y,0.00010000,,0.00000000,EUR,ComFwd_WTI_QuantoEUR_5Y,2017-07-05,1.411221,7191,22014,0,0,40843,7158,7158,2823.89,2823.89
Up,false,DiscountCurve/EUR/1/5Y,0.00010000,,0.00000000,EUR,ComFwd_WTI_QuantoEUR_5Y,2017-08-07,1.501632,7767,22800,0,0,42747,7728,7728,3119.15,3119.15
Up,false,DiscountCurve/EUR/1/5Y,0.00010000,,0.00000000,EUR,ComFwd_WTI_QuantoEUR_5Y,2017-09-05,1.581084,8395,23387,0,0,45536,8351,8351,3382.04,3382.04
Up,false,DiscountCurve/EUR/1/5Y,0.00010000,,0.00000000,EUR,ComFwd_WTI_QuantoEUR_5Y,2017-10-05,1.663276,9236,24068,0,0,50179,9185,9185,3668.79,3668.79
Up,false,DiscountCurve/EUR/1/5Y,0.00010000,,0.00000000,EUR,ComFwd_WTI_QuantoEUR_5Y,2017-11-06,1.750947,10084,24566,0,0,55728,10025,10025,3987.05,3987.05
Up,false,DiscountCurve/EUR/1/5Y,0.00010000,,0.00000000,EUR,ComFwd_WTI_QuantoEUR_5Y,2017-12-05,1.830399,10816,24818,0,0,61492,10749,10749,4280.56,4280.56
Up,false,DiscountCurve/EUR/1/5Y,0.00010000,,0.00000000,EUR,ComFwd_WTI_QuantoEUR_5Y,2018-01-05,1.915330,11453,24868,0,0,60701,11378,11378,4595.28,4595.28
Up,false,DiscountCurve/EUR/1/5Y,0.00010000,,0.00000000,EUR,ComFwd_WTI_QuantoEUR_5Y,2018-02-05,2.000262,12061,25839,0,0,64874,11978,11978,4908.75,4908.75
Up,false,DiscountCurve/EUR/1/5Y,0.00010000,,0.00000000,EUR,ComFwd_WTI_QuantoEUR_5Y,2018-03-05,2.076974,12670,26814,0,0,67194,12580,12580,5192.10,5192.10
Up,false,DiscountCurve/EUR/1/5Y,0.00010000,,0.00000000,EUR,ComFwd_WTI_QuantoEUR_5Y,2018-04-05,2.161906,13375,27370,0,0,71151,13277,13277,5509.73,5509.73
Up,false,DiscountCurve/EUR/1/5Y,0.00010000,,0.00000000,EUR,ComFwd_WTI_QuantoEUR_5Y,2018-05-08,2.252317,14115,27962,0,0,73627,14010,14010,5850.93,5850.93
Up,false,DiscountCurve/EUR/1/5Y,0.00010000,,0.00000000,EUR,ComFwd_WTI_QuantoEUR_5Y,2018-06-05,2.329029,15182,28619,0,0,77446,15066,15066,6154.44,6154.44
Up,false,DiscountCurve/EUR/1/5Y,0.00010000,,0.00000000,EUR,ComFwd_WTI_QuantoEUR_5Y,2018-07-05,2.411221,16127,29182,0,0,77275,16001,16001,6490.09,6490.09
Up,false,DiscountCurve/EUR/1/5Y,0.00010000,,0.00000000,EUR,ComFwd_WTI_QuantoEUR_5Y,2018-08-06,2.498892,16792,30222,0,0,82749,16658,16658,6846.81,6846.81
Up,false,DiscountCurve/EUR/1/5Y,0.00010000,,0.00000000,EUR,ComFwd_WTI_QuantoEUR_5Y,2018-09-05,2.581084,17139,30662,0,0,87310,16999,16999,7170.09,7170.09
Up,false,DiscountCurve/EUR/1/5Y,0.00010000,,0.00000000,EUR,ComFwd_WTI_QuantoEUR_5Y,2018-10-05,2.663276,18035,31179,0,0,88196,17884,17884,7500.74,7500.74
Up,false,DiscountCurve/EUR/1/5Y,0.00010000,,0.00000000,EUR,ComFwd_WTI_QuantoEUR_5Y,2018-11-05,2.748207,19179,31555,0,0,94003,19015,19015,7856.58,7856.58
Up,false,DiscountCurve/EUR/1/5Y,0.00010000,,0.00000000,EUR,ComFwd_WTI_QuantoEUR_5Y,2018-12-05,2.830399,20551,31792,0,0,92765,20371,20371,8219.99,8219.99
Up,false,DiscountCurve/EUR/1/5Y,0.00010000,,0.00000000,EUR,ComFwd_WTI_QuantoEUR_5Y,2019-01-07,2.920810,21714,31717,0,0,99116,21519,21519,8631.65,8631.65
Up,false,DiscountCurve/EUR/1/5Y,0.00010000,,0.00000000,EUR,ComFwd_WTI_QuantoEUR_5Y,2019-02-05,3.000262,22279,32477,0,0,100848,22076,22076,8987.67,8987.67
Up,false,DiscountCurve/EUR/1/5Y,0.00010000,,0.00000000,EUR,ComFwd_WTI_QuantoEUR_5Y,2019-03-05,3.076974,22965,33144,0,0,105660,22753,22753,9330.87,9330.87
Up,false,DiscountCurve/EUR/1/5Y,0.00010000,,0.00000000,EUR,ComFwd_WTI_QuantoEUR_5Y,2019-04-05,3.161906,23530,33814,0,0,102666,23312,23312,9706.42,9706.42
Up,false,DiscountCurve/EUR/1/5Y,0.00010000,,0.00000000,EUR,ComFwd_WTI_QuantoEUR_5Y,2019-05-07,3.249577,24665,34472,0,0,122883,24435,24435,10103.80,10103.80
Up,false,DiscountCurve/EUR/1/5Y,0.00010000,,0.00000000,EUR,ComFwd_WTI_QuantoEUR_5Y,2019-06-05,3.329029,25498,34931,0,0,118078,25260,25260,10465.52,10465.52
Up,false,DiscountCurve/EUR/1/5Y,0.00010000,,0.00000000,EUR,ComFwd_WTI_QuantoEUR_5Y,2019-07-05,3.411221,26351,35059,0,0,137790,26103,26103,10842.30,10842.30
Up,false,DiscountCurve/EUR/1/5Y,0.00010000,,0.00000000,EUR,ComFwd_WTI_QuantoEUR_5Y,2019-08-05,3.496152,27203,36219,0,0,145165,26946,26946,11233.52,11233.52
Up,false,DiscountCurve/EUR/1/5Y,0.00010000,,0.00000000,EUR,ComFwd_WTI_QuantoEUR_5Y,2019-09-05,3.581084,27975,36994,0,0,136864,27710,27710,11624.28,11624.28
Up,false,DiscountCurve/EUR/1/5Y,0.00010000,,0.00000000,EUR,ComFwd_WTI_QuantoEUR_5Y,2019-10-07,3.668755,29526,37944,0,0,150781,29245,29245,12045.37,12045.37
Up,false,DiscountCurve/EUR/1/5Y,0.00010000,,0.00000000,EUR,ComFwd_WTI_QuantoEUR_5Y,2019-11-05,3.748207,30220,38092,0,0,149378,29931,29931,12424.50,12424.50
Up,false,DiscountCurve/EUR/1/5Y,0.00010000,,0.00000000,EUR,ComFwd_WTI_QuantoEUR_5Y,2019-12-05,3.830399,31307,38044,0,0,145241,31007,31007,12823.24,12823.24
Up,false,DiscountCurve/EUR/1/5Y,0.00010000,,0.00000000,EUR,ComFwd_WTI_QuantoEUR_5Y,2020-01-06,3.918033,32098,37725,0,0,155971,31788,31788,13247.43,13247.43
Up,false,DiscountCurve/EUR/1/5Y,0.00010000,,0.00000000,EUR,ComFwd_WTI_QuantoEUR_5Y,2020-02-05,4.000000,32144,38244,0,0,152112,31833,31833,13628.28,13628.28
Up,false,DiscountCurve/EUR/1/5Y,0.00010000,,0.00000000,EUR,ComFwd_WTI_QuantoEUR_5Y,2020-03-05,4.079235,32377,37545,0,0,157988,32065,32065,13986.40,13986.40
Up,false,DiscountCurve/EUR/1/5Y,0.00010000,,0.00000000,EUR,ComFwd_WTI_QuantoEUR_5Y,2020-04-06,4.166667,33387,37409,0,0,161536,33070,33070,14386.85,14386.85
Up,false,DiscountCurve/EUR/1/5Y,0.00010000,,0.00000000,EUR,ComFwd_WTI_QuantoEUR_5Y,2020-05-05,4.245902,34660,37165,0,0,162748,34335,34335,14759.11,14759.11
Up,false,DiscountCurve/EUR/1/5Y,0.00010000,,0.00000000,EUR,ComFwd_WTI_QuantoEUR_5Y,2020-06-05,4.330601,35932,36454,0,0,159805,35598,35598,15166.69,15166.69
Up,false,DiscountCurve/EUR/1/5Y,0.00010000,,0.00000000,EUR,ComFwd_WTI_QuantoEUR_5Y,2020-07-06,4.415301,37240,35863,0,0,168835,36899,36899,15583.60,15583.60
Up,false,DiscountCurve/EUR/1/5Y,0.00010000,,0.00000000,EUR,ComFwd_WTI_QuantoEUR_5Y,2020-08-05,4.497268,37587,36211,0,0,169732,37247,37247,15978.43,15978.43
Up,false,DiscountCurve/EUR/1/5Y,0.00010000,,0.00000000,EUR,ComFwd_WTI_QuantoEUR_5Y,2020-09-08,4.590164,37419,35477,0,0,157788,37085,37247,16405.58,16408.86
Up,false,DiscountCurve/EUR/1/5Y,0.00010000,,0.00000000,EUR,ComFwd_WTI_QuantoEUR_5Y,2020-10-05,4.663934,37888,34995,0,0,162261,37554,37554,16740.08,16743.31
Up,false,DiscountCurve/EUR/1/5Y,0.00010000,,0.00000000,EUR,ComFwd_WTI_QuantoEUR_5Y,2020-11-05,4.748634,38361,33999,0,0,170939,38027,38027,17119.76,17122.93
Up,false,DiscountCurve/EUR/1/5Y,0.00010000,,0.00000000,EUR,ComFwd_WTI_QuantoEUR_5Y,2020-12-07,4.836066,39716,33087,0,0,175785,39374,39374,17522.10,17525.22
Up,false,DiscountCurve/EUR/1/5Y,0.00010000,,0.00000000,EUR,ComFwd_WTI_QuantoEUR_5Y,2021-01-05,4.915330,40968,32247,0,0,169955,40621,40621,17894.59,17897.66
Up,false,DiscountCurve/EUR/1/5Y,0.00010000,,0.00000000,EUR,ComFwd_WTI_QuantoEUR_5Y,2021-02-05,5.000262,0,0,0,0,0,0,40621,17590.65,18283.62
Up,false,DiscountCurve/USD/0/1Y,0.00010000,,0.00000000,EUR,ComFwd_WTI_QuantoEUR_5Y,2016-02-05,0.000000,0,6085,0,0,0,0,0,0.00,0.00
Up,false,DiscountCurve/USD/0/1Y,0.00010000,,0.00000000,EUR,ComFwd_WTI_QuantoEUR_5Y,2016-03-07,0.084699,36,7881,0,0,0,36,36,36.10,36.10
Up,false,DiscountCurve/USD/0/1Y,0.00010000,,0.00000000,EUR,ComFwd_WTI_QuantoEUR_5Y,2016-04-05,0.163934,151,9226,0,0,292,151,151,91.48,91.48
Up,false,DiscountCurve/USD/0/1Y,0.00010000,,0.00000000,EUR,ComFwd_WTI_QuantoEUR_5Y,2016-05-06,0.248634,351,10242,0,0,2508,350,350,179.65,179.65
Up,false,DiscountCurve/USD/0/1Y,0.00010000,,0.00000000,EUR,ComFwd_WTI_QuantoEUR_5Y,2016-06-06,0.333333,702,11081,0,0,5981,701,701,312.22,312.22
Up,false,DiscountCurve/USD/0/1Y,0.00010000,,0.00000000,EUR,ComFwd_WTI_QuantoEUR_5Y,2016-07-05,0.412568,1038,11691,0,0,7508,1037,1037,451.43,451.43
Up,false,DiscountCurve/USD/0/1Y,0.00010000,,0.00000000,EUR,ComFwd_WTI_QuantoEUR_5Y,2016-08-05,0.497268,1183,13672,0,0,8414,1181,1181,575.72,575.72
Up,false,DiscountCurve/USD/0/1Y,0.00010000,,0.00000000,EUR,ComFwd_WTI_QuantoEUR_5Y,2016-09-06,0.584699,1392,15157,0,0,10344,1390,1390,697.51,697.51
Up,false,DiscountCurve/USD/0/1Y,0.00010000,,0.00000000,EUR,ComFwd_WTI_QuantoEUR_5Y,2016-10-05,0.663934,1709,16061,0,0,11879,1705,1705,817.80,817.80
Up,false,DiscountCurve/USD/0/1Y,0.00010000,,0.00000000,EUR,ComFwd_WTI_QuantoEUR_5Y,2016-11-07,0.754098,2286,16766,0,0,15393,2280,2280,992.67,992.67
Up,false,DiscountCurve/USD/0/1Y,0.00010000,,0.00000000,EUR,ComFwd_WTI_QuantoEUR_5Y,2016-12-05,0.830601,2836,16940,0,0,18562,2828,2828,1161.76,1161.76
Up,false,DiscountCurve/USD/0/1Y,0.00010000,,0.00000000,EUR,ComFwd_WTI_QuantoEUR_5Y,2017-01-05,0.915330,3590,17279,0,0,22387,3579,3579,1385.54,1385.54
Up,false,DiscountCurve/USD/0/1Y,0.00010000,,0.00000000,EUR,ComFwd_WTI_QuantoEUR_5Y,2017-02-06,1.003002,4040,18361,0,0,24086,4028,4028,1616.48,1616.48
Up,false,DiscountCurve/USD/0/1Y,0.00010000,,0.00000000,EUR,ComFwd_WTI_QuantoEUR_5Y,2017-03-06,1.079714,4571,19241,0,0,27027,4555,4555,1825.28,1825.28
Up,false,DiscountCurve/USD/0/1Y,0.00010000,,0.00000000,EUR,ComFwd_WTI_QuantoEUR_5Y,2017-04-05,1.161906,5001,19985,0,0,32043,4982,4982,2048.59,2048.59
Up,false,DiscountCurve/USD/0/1Y,0.00010000,,0.00000000,EUR,ComFwd_WTI_QuantoEUR_5Y,2017-05-05,1.244098,5675,20775,0,0,31794,5652,5652,2286.62,2286.62
Up,false,DiscountCurve/USD/0/1Y,0.00010000,,0.00000000,EUR,ComFwd_WTI_QuantoEUR_5Y,2017-06-06,1.331769,6549,21530,0,0,39347,6520,6520,2565.30,2565.30
Up,false,DiscountCurve/USD/0/1Y,0.00010000,,0.00000000,EUR,ComFwd_WTI_QuantoEUR_5Y,2017-07-05,1.411221,7191,22014,0,0,40843,7157,7157,2823.83,2823.83
Up,false,DiscountCurve/USD/0/1Y,0.00010000,,0.00000000,EUR,ComFwd_WTI_QuantoEUR_5Y,2017-08-07,1.501632,7767,22800,0,0,42747,7727,7727,3119.07,3119.07
Up,false,DiscountCurve/USD/0/1Y,0.00010000,,0.00000000,EUR,ComFwd_WTI_QuantoEUR_5Y,2017-09-05,1.581084,8395,23387,0,0,45536,8350,8350,3381.93,3381.93
Up,false,DiscountCurve/USD/0/1Y,0.00010000,,0.00000000,EUR,ComFwd_WTI_QuantoEUR_5Y,2017-10-05,1.663276,9236,24068,0,0,50179,9184,9184,3668.65,3668.65
Up,false,DiscountCurve/USD/0/1Y,0.00010000,,0.00000000,EUR,ComFwd_WTI_QuantoEUR_5Y,2017-11-06,1.750947,10084,24566,0,0,55728,10024,10024,3986.87,3986.87
Up,false,DiscountCurve/USD/0/1Y,0.00010000,,0.00000000,EUR,ComFwd_WTI_QuantoEUR_5Y,2017-12-05,1.830399,10816,24818,0,0,61492,10748,10748,4280.35,4280.35
Up,false,DiscountCurve/USD/0/1Y,0.00010000,,0.00000000,EUR,ComFwd_WTI_QuantoEUR_5Y,2018-01-05,1.915330,11453,24868,0,0,60701,11377,11377,4595.01,4595.01
Up,false,DiscountCurve/USD/0/1Y,0.00010000,,0.00000000,EUR,ComFwd_WTI_QuantoEUR_5Y,2018-02-05,2.000262,12061,25839,0,0,64874,11976,11976,4908.43,4908.43
Up,false,DiscountCurve/USD/0/1Y,0.00010000,,0.00000000,EUR,ComFwd_WTI_QuantoEUR_5Y,2018-03-05,2.076974,12670,26814,0,0,67194,12579,12579,5191.73,5191.73
Up,false,DiscountCurve/USD/0/1Y,0.00010000,,0.00000000,EUR,ComFwd_WTI_QuantoEUR_5Y,2018-04-05,2.161906,13375,27370,0,0,71151,13276,13276,5509.30,5509.30
Up,false,DiscountCurve/USD/0/1Y,0.00010000,,0.00000000,EUR,ComFwd_WTI_QuantoEUR_5Y,2018-05-08,2.252317,14115,27962,0,0,73627,14007,14007,5850.43,5850.43
Up,false,DiscountCurve/USD/0/1Y,0.00010000,,0.00000000,EUR,ComFwd_WTI_QuantoEUR_5Y,2018-06-05,2.329029,15182,28619,0,0,77446,15063,15063,6153.88,6153.88
Up,false,DiscountCurve/USD/0/1Y,0.00010000,,0.00000000,EUR,ComFwd_WTI_QuantoEUR_5Y,2018-07-05,2.411221,16127,29182,0,0,77275,15998,15998,6489.44,6489.44
Up,false,DiscountCurve/USD/0/1Y,0.00010000,,0.00000000,EUR,ComFwd_WTI_QuantoEUR_5Y,2018-08-06,2.498892,16792,30222,0,0,82749,16655,16655,6846.08,6846.08
Up,false,DiscountCurve/USD/0/1Y,0.00010000,,0.00000000,EUR,ComFwd_WTI_QuantoEUR_5Y,2018-09-05,2.581084,17139,30662,0,0,87310,16996,16996,7169.28,7169.28
Up,false,DiscountCurve/USD/0/1Y,0.00010000,,0.00000000,EUR,ComFwd_WTI_QuantoEUR_5Y,2018-10-05,2.663276,18035,31179,0,0,88196,17881,17881,7499.84,7499.84
Up,false,DiscountCurve/USD/0/1Y,0.00010000,,0.00000000,EUR,ComFwd_WTI_QuantoEUR_5Y,2018-11-05,2.748207,19179,31555,0,0,94003,19011,19011,7855.58,7855.58
Up,false,DiscountCurve/USD/0/1Y,0.00010000,,0.00000000,EUR,ComFwd_WTI_QuantoEUR_5Y,2018-12-05,2.830399,20551,31792,0,0,92765,20366,20366,8218.88,8218.88
Up,false,DiscountCurve/USD/0/1Y,0.00010000,,0.00000000,EUR,ComFwd_WTI_QuantoEUR_5Y,2019-01-07,2.920810,21714,31717,0,0,99116,21514,21514,8630.42,8630.42
Up,false,DiscountCurve/USD/0/1Y,0.00010000,,0.00000000,EUR,ComFwd_WTI_QuantoEUR_5Y,2019-02-05,3.000262,22279,32477,0,0,100849,22070,22070,8986.33,8986.33
Up,false,DiscountCurve/USD/0/1Y,0.00010000,,0.00000000,EUR,ComFwd_WTI_QuantoEUR_5Y,2019-03-05,3.076974,22965,33144,0,0,105660,22747,22747,9329.41,9329.41
Up,false,DiscountCurve/USD/0/1Y,0.00010000,,0.00000000,EUR,ComFwd_WTI_QuantoEUR_5Y,2019-04-05,3.161906,23530,33814,0,0,102667,23306,23306,9704.83,9704.83
Up,false,DiscountCurve/USD/0/1Y,0.00010000,,0.00000000,EUR,ComFwd_WTI_QuantoEUR_5Y,2019-05-07,3.249577,24665,34472,0,0,122883,24428,24428,10102.07,10102.07
Up,false,DiscountCurve/USD/0/1Y,0.00010000,,0.00000000,EUR,ComFwd_WTI_QuantoEUR_5Y,2019-06-05,3.329029,25498,34931,0,0,118078,25253,25253,10463.65,10463.65
Up,false,DiscountCurve/USD/0/1Y,0.00010000,,0.00000000,EUR,ComFwd_WTI_QuantoEUR_5Y,2019-07-05,3.411221,26351,35059,0,0,137790,26096,26096,10840.30,10840.30
Up,false,DiscountCurve/USD/0/1Y,0.00010000,,0.00000000,EUR,ComFwd_WTI_QuantoEUR_5Y,2019-08-05,3.496152,27203,36219,0,0,145165,26938,26938,11231.35,11231.35
Up,false,DiscountCurve/USD/0/1Y,0.00010000,,0.00000000,EUR,ComFwd_WTI_QuantoEUR_5Y,2019-09-05,3.581084,27975,36994,0,0,136864,27701,27701,11621.96,11621.96
Up,false,DiscountCurve/USD/0/1Y,0.00010000,,0.00000000,EUR,ComFwd_WTI_QuantoEUR_5Y,2019-10-07,3.668755,29526,37944,0,0,150781,29236,29236,12042.87,12042.87
Up,false,DiscountCurve/USD/0/1Y,0.00010000,,0.00000000,EUR,ComFwd_WTI_QuantoEUR_5Y,2019-11-05,3.748207,30220,38092,0,0,149378,29921,29921,12421.83,12421.83
Up,false,DiscountCurve/USD/0/1Y,0.00010000,,0.00000000,EUR,ComFwd_WTI_QuantoEUR_5Y,2019-12-05,3.830399,31307,38044,0,0,145241,30996,30996,12820.39,12820.39
Up,false,DiscountCurve/USD/0/1Y,0.00010000,,0.00000000,EUR,ComFwd_WTI_QuantoEUR_5Y,2020-01-06,3.918033,32098,37725,0,0,155971,31777,31777,13244.39,13244.39
Up,false,DiscountCurve/USD/0/1Y,0.00010000,,0.00000000,EUR,ComFwd_WTI_QuantoEUR_5Y,2020-02-05,4.000000,32144,38244,0,0,152112,31821,31821,13625.06,13625.06
Up,false,DiscountCurve/USD/0/1Y,0.00010000,,0.00000000,EUR,ComFwd_WTI_QuantoEUR_5Y,2020-03-05,4.079235,32377,37545,0,0,157988,32053,32053,13983.00,13983.00
Up,false,DiscountCurve/USD/0/1Y,0.00010000,,0.00000000,EUR,ComFwd_WTI_QuantoEUR_5Y,2020-04-06,4.166667,33387,37409,0,0,161536,33057,33057,14383.25,14383.25
Up,false,DiscountCurve/USD/0/1Y,0.00010000,,0.00000000,EUR,ComFwd_WTI_QuantoEUR_5Y,2020-05-05,4.245902,34660,37165,0,0,162748,34321,34321,14755.32,14755.32
Up,false,DiscountCurve/USD/0/1Y,0.00010000,,0.00000000,EUR,ComFwd_WTI_QuantoEUR_5Y,2020-06-05,4.330601,35932,36454,0,0,159805,35584,35584,15162.69,15162.69
Up,false,DiscountCurve/USD/0/1Y,0.00010000,,0.00000000,EUR,ComFwd_WTI_QuantoEUR_5Y,2020-07-06,4.415301,37240,35863,0,0,168835,36884,36884,15579.36,15579.36
Up,false,DiscountCurve/USD/0/1Y,0.00010000,,0.00000000,EUR,ComFwd_WTI_QuantoEUR_5Y,2020-08-05,4.497268,37587,36211,0,0,169732,37231,37231,15973.98,15973.98
Up,false,DiscountCurve/USD/0/1Y,0.00010000,,0.00000000,EUR,ComFwd_WTI_QuantoEUR_5Y,2020-09-08,4.590164,37419,35477,0,0,157788,37068,37231,16400.88,16404.17
Up,false,DiscountCurve/USD/0/1Y,0.00010000,,0.00000000,EUR,ComFwd_WTI_QuantoEUR_5Y,2020-10-05,4.663934,37888,34995,0,0,162261,37536,37536,16735.18,16738.42
Up,false,DiscountCurve/USD/0/1Y,0.00010000,,0.00000000,EUR,ComFwd_WTI_QuantoEUR_5Y,2020-11-05,4.748634,38361,33999,0,0,170939,38009,38009,17114.63,17117.81
Up,false,DiscountCurve/USD/0/1Y,0.00010000,,0.00000000,EUR,ComFwd_WTI_QuantoEUR_5Y,2020-12-07,4.836066,39716,33087,0,0,175785,39355,39355,17516.73,17519.85
Up,false,DiscountCurve/USD/0/1Y,0.00010000,,0.00000000,EUR,ComFwd_WTI_QuantoEUR_5Y,2021-01-05,4.915330,40968,32247,0,0,169955,40601,40601,17888.98,17892.05
Up,false,DiscountCurve/USD/0/1Y,0.00010000,,0.00000000,EUR,ComFwd_WTI_QuantoEUR_5Y,2021-02-05,5.000262,0,0,0,0,0,0,40601,17585.13,18277.77
Up,false,DiscountCurve/USD/1/5Y,0.00010000,,0.00000000,EUR,ComFwd_WTI_QuantoEUR_5Y,2016-02-05,0.000000,0,6082,0,0,0,0,0,0.00,0.00
Up,false,DiscountCurve/USD/1/5Y,0.00010000,,0.00000000,EUR,ComFwd_WTI_QuantoEUR_5Y,2016-03-07,0.084699,36,7877,0,0,0,36,36,36.09,36.09
Up,false,DiscountCurve/USD/1/5Y,0.00010000,,0.00000000,EUR,ComFwd_WTI_QuantoEUR_5Y,2016-04-05,0.163934,151,9222,0,0,291,151,151,91.44,91.44
Up,false,DiscountCurve/USD/1/5Y,0.00010000,,0.00000000,EUR,ComFwd_WTI_QuantoEUR_5Y,2016-05-06,0.248634,350,10237,0,0,2507,350,350,179.56,179.56
Up,false,DiscountCurve/USD/1/5Y,0.00010000,,0.00000000,EUR,ComFwd_WTI_QuantoEUR_5Y,2016-06-06,0.333333,702,11075,0,0,5978,701,701,312.06,312.06
Up,false,DiscountCurve/USD/1/5Y,0.00010000,,0.00000000,EUR,ComFwd_WTI_QuantoEUR_5Y,2016-07-05,0.412568,1038,11685,0,0,7504,1037,1037,451.21,451.21
Up,false,DiscountCurve/USD/1/5Y,0.00010000,,0.00000000,EUR,ComFwd_WTI_QuantoEUR_5Y,2016-08-05,0.497268,1182,13665,0,0,8410,1181,1181,575.43,575.43
Up,false,DiscountCurve/USD/1/5Y,0.00010000,,0.00000000,EUR,ComFwd_WTI_QuantoEUR_5Y,2016-09-06,0.584699,1392,15149,0,0,10338,1389,1389,697.16,697.16
Up,false,DiscountCurve/USD/1/5Y,0.00010000,,0.00000000,EUR,ComFwd_WTI_QuantoEUR_5Y,2016-10-05,0.663934,1708,16053,0,0,11873,1705,1705,817.39,817.39
Up,false,DiscountCurve/USD/1/5Y,0.00010000,,0.00000000,EUR,ComFwd_WTI_QuantoEUR_5Y,2016-11-07,0.754098,2285,16758,0,0,15385,2279,2279,992.17,992.17
Up,false,DiscountCurve/USD/1/5Y,0.00010000,,0.00000000,EUR,ComFwd_WTI_QuantoEUR_5Y,2016-12-05,0.830601,2834,16932,0,0,18552,2827,2827,1161.18,1161.18
Up,false,DiscountCurve/USD/1/5Y,0.00010000,,0.00000000,EUR,ComFwd_WTI_QuantoEUR_5Y,2017-01-05,0.915330,3588,17270,0,0,22376,3577,3577,1384.84,1384.84
Up,false,DiscountCurve/USD/1/5Y,0.00010000,,0.00000000,EUR,ComFwd_WTI_QuantoEUR_5Y,2017-02-06,1.003002,4038,18352,0,0,24074,4026,4026,1615.67,1615.67
Up,false,DiscountCurve/USD/1/5Y,0.00010000,,0.00000000,EUR,ComFwd_WTI_QuantoEUR_5Y,2017-03-06,1.079714,4569,19231,0,0,27014,4553,4553,1824.37,1824.37
Up,false,DiscountCurve/USD/1/5Y,0.00010000,,0.00000000,EUR,ComFwd_WTI_QuantoEUR_5Y,2017-04-05,1.161906,4999,19975,0,0,32027,4980,4980,2047.57,2047.57
Up,false,DiscountCurve/USD/1/5Y,0.00010000,,0.00000000,EUR,ComFwd_WTI_QuantoEUR_5Y,2017-05-05,1.244098,5672,20764,0,0,31778,5649,5649,2285.48,2285.48
Up,false,DiscountCurve/USD/1/5Y,0.00010000,,0.00000000,EUR,ComFwd_WTI_QuantoEUR_5Y,2017-06-06,1.331769,6546,21519,0,0,39327,6517,6517,2564.02,2564.02
Up,false,DiscountCurve/USD/1/5Y,0.00010000,,0.00000000,EUR,ComFwd_WTI_QuantoEUR_5Y,2017-07-05,1.411221,7188,22003,0,0,40822,7154,7154,2822.43,2822.43
Up,false,DiscountCurve/USD/1/5Y,0.00010000,,0.00000000,EUR,ComFwd_WTI_QuantoEUR_5Y,2017-08-07,1.501632,7763,22788,0,0,42725,7724,7724,3117.51,3117.51
Up,false,DiscountCurve/USD/1/5Y,0.00010000,,0.00000000,EUR,ComFwd_WTI_QuantoEUR_5Y,2017-09-05,1.581084,8391,23375,0,0,45514,8346,8346,3380.25,3380.25
Up,false,DiscountCurve/USD/1/5Y,0.00010000,,0.00000000,EUR,ComFwd_WTI_QuantoEUR_5Y,2017-10-05,1.663276,9232,24056,0,0,50154,9180,9180,3666.83,3666.83
Up,false,DiscountCurve/USD/1/5Y,0.00010000,,0.00000000,EUR,ComFwd_WTI_QuantoEUR_5Y,2017-11-06,1.750947,10079,24554,0,0,55701,10019,10019,3984.88,3984.88
Up,false,DiscountCurve/USD/1/5Y,0.00010000,,0.00000000,EUR,ComFwd_WTI_QuantoEUR_5Y,2017-12-05,1.830399,10810,24806,0,0,61461,10743,10743,4278.21,4278.21
Up,false,DiscountCurve/USD/1/5Y,0.00010000,,0.00000000,EUR,ComFwd_WTI_QuantoEUR_5Y,2018-01-05,1.915330,11447,24856,0,0,60671,11371,11371,4592.72,4592.72
Up,false,DiscountCurve/USD/1/5Y,0.00010000,,0.00000000,EUR,ComFwd_WTI_QuantoEUR_5Y,2018-02-05,2.000262,12055,25826,0,0,64841,11970,11970,4905.98,4905.98
Up,false,DiscountCurve/USD/1/5Y,0.00010000,,0.00000000,EUR,ComFwd_WTI_QuantoEUR_5Y,2018-03-05,2.076974,12664,26800,0,0,67161,12572,12572,5189.14,5189.14
Up,false,DiscountCurve/USD/1/5Y,0.00010000,,0.00000000,EUR,ComFwd_WTI_QuantoEUR_5Y,2018-04-05,2.161906,13368,27357,0,0,71116,13269,13269,5506.56,5506.56
Up,false,DiscountCurve/USD/1/5Y,0.00010000,,0.00000000,EUR,ComFwd_WTI_QuantoEUR_5Y,2018-05-08,2.252317,14108,27948,0,0,73590,14000,14000,5847.52,5847.52
Up,false,DiscountCurve/USD/1/5Y,0.00010000,,0.00000000,EUR,ComFwd_WTI_QuantoEUR_5Y,2018-06-05,2.329029,15174,28604,0,0,77407,15056,15056,6150.81,6150.81
Up,false,DiscountCurve/USD/1/5Y,0.00010000,,0.00000000,EUR,ComFwd_WTI_QuantoEUR_5Y,2018-07-05,2.411221,16119,29167,0,0,77237,15990,15990,6486.21,6486.21
Up,false,DiscountCurve/USD/1/5Y,0.00010000,,0.00000000,EUR,ComFwd_WTI_QuantoEUR_5Y,2018-08-06,2.498892,16784,30206,0,0,82708,16646,16646,6842.67,6842.67
Up,false,DiscountCurve/USD/1/5Y,0.00010000,,0.00000000,EUR,ComFwd_WTI_QuantoEUR_5Y,2018-09-05,2.581084,17131,30647,0,0,87267,16987,16987,7165.70,7165.70
Up,false,DiscountCurve/USD/1/5Y,0.00010000,,0.00000000,EUR,ComFwd_WTI_QuantoEUR_5Y,2018-10-05,2.663276,18027,31163,0,0,88152,17872,17872,7496.10,7496.10
Up,false,DiscountCurve/USD/1/5Y,0.00010000,,0.00000000,EUR,ComFwd_WTI_QuantoEUR_5Y,2018-11-05,2.748207,19170,31539,0,0,93956,19001,19001,7851.67,7851.67
Up,false,DiscountCurve/USD/1/5Y,0.00010000,,0.00000000,EUR,ComFwd_WTI_QuantoEUR_5Y,2018-12-05,2.830399,20541,31776,0,0,92718,20356,20356,8214.79,8214.79
Up,false,DiscountCurve/USD/1/5Y,0.00010000,,0.00000000,EUR,ComFwd_WTI_QuantoEUR_5Y,2019-01-07,2.920810,21703,31701,0,0,99066,21503,21503,8626.12,8626.12
Up,false,DiscountCurve/USD/1/5Y,0.00010000,,0.00000000,EUR,ComFwd_WTI_QuantoEUR_5Y,2019-02-05,3.000262,22268,32461,0,0,100798,22059,22059,8981.85,8981.85
Up,false,DiscountCurve/USD/1/5Y,0.00010000,,0.00000000,EUR,ComFwd_WTI_QuantoEUR_5Y,2019-03-05,3.076974,22953,33128,0,0,105607,22736,22736,9324.76,9324.76
Up,false,DiscountCurve/USD/1/5Y,0.00010000,,0.00000000,EUR,ComFwd_WTI_QuantoEUR_5Y,2019-04-05,3.161906,23518,33797,0,0,102615,23294,23294,9700.00,9700.00
Up,false,DiscountCurve/USD/1/5Y,0.00010000,,0.00000000,EUR,ComFwd_WTI_QuantoEUR_5Y,2019-05-07,3.249577,24652,34455,0,0,122822,24416,24416,10097.03,10097.03
Up,false,DiscountCurve/USD/1/5Y,0.00010000,,0.00000000,EUR,ComFwd_WTI_QuantoEUR_5Y,2019-06-05,3.329029,25485,34914,0,0,118019,25240,25240,10458.44,10458.44
Up,false,DiscountCurve/USD/1/5Y,0.00010000,,0.00000000,EUR,ComFwd_WTI_QuantoEUR_5Y,2019-07-05,3.411221,26337,35042,0,0,137721,26083,26083,10834.89,10834.89
Up,false,DiscountCurve/USD/1/5Y,0.00010000,,0.00000000,EUR,ComFwd_WTI_QuantoEUR_5Y,2019-08-05,3.496152,27189,36201,0,0,145092,26924,26924,11225.75,11225.75
Up,false,DiscountCurve/USD/1/5Y,0.00010000,,0.00000000,EUR,ComFwd_WTI_QuantoEUR_5Y,2019-09-05,3.581084,27961,36976,0,0,136796,27687,27687,11616.17,11616.17
Up,false,DiscountCurve/USD/1/5Y,0.00010000,,0.00000000,EUR,ComFwd_WTI_QuantoEUR_5Y,2019-10-07,3.668755,29512,37925,0,0,150705,29221,29221,12036.87,12036.87
Up,false,DiscountCurve/USD/1/5Y,0.00010000,,0.00000000,EUR,ComFwd_WTI_QuantoEUR_5Y,2019-11-05,3.748207,30205,38073,0,0,149303,29906,29906,12415.64,12415.64
Up,false,DiscountCurve/USD/1/5Y,0.00010000,,0.00000000,EUR,ComFwd_WTI_QuantoEUR_5Y,2019-12-05,3.830399,31292,38025,0,0,145169,30980,30980,12814.00,12814.00
Up,false,DiscountCurve/USD/1/5Y,0.00010000,,0.00000000,EUR,ComFwd_WTI_QuantoEUR_5Y,2020-01-06,3.918033,32082,37706,0,0,155893,31761,31761,13237.79,13237.79
Up,false,DiscountCurve/USD/1/5Y,0.00010000,,0.00000000,EUR,ComFwd_WTI_QuantoEUR_5Y,2020-02-05,4.000000,32128,38224,0,0,152036,31805,31805,13618.26,13618.26
Up,false,DiscountCurve/USD/1/5Y,0.00010000,,0.00000000,EUR,ComFwd_WTI_QuantoEUR_5Y,2020-03-05,4.079235,32360,37526,0,0,157909,32037,32037,13976.03,13976.03
Up,false,DiscountCurve/USD/1/5Y,0.00010000,,0.00000000,EUR,ComFwd_WTI_QuantoEUR_5Y,2020-04-06,4.166667,33371,37390,0,0,161455,33041,33041,14376.08,14376.08
Up,false,DiscountCurve/USD/1/5Y,0.00010000,,0.00000000,EUR,ComFwd_WTI_QuantoEUR_5Y,2020-05-05,4.245902,34643,37146,0,0,162667,34304,34304,14747.96,14747.96
Up,false,DiscountCurve/USD/1/5Y,0.00010000,,0.00000000,EUR,ComFwd_WTI_QuantoEUR_5Y,2020-06-05,4.330601,35914,36436,0,0,159725,35566,35566,15155.13,15155.13
Up,false,DiscountCurve/USD/1/5Y,0.00010000,,0.00000000,EUR,ComFwd_WTI_QuantoEUR_5Y,2020-07-06,4.415301,37222,35845,0,0,168751,36865,36865,15571.60,15571.60
Up,false,DiscountCurve/USD/1/5Y,0.00010000,,0.00000000,EUR,ComFwd_WTI_QuantoEUR_5Y,2020-08-05,4.497268,37568,36193,0,0,169647,37212,37212,15966.01,15966.01
Up,false,DiscountCurve/USD/1/5Y,0.00010000,,0.00000000,EUR,ComFwd_WTI_QuantoEUR_5Y,2020-09-08,4.590164,37400,35460,0,0,157709,37050,37212,16392.70,16395.99
Up,false,DiscountCurve/USD/1/5Y,0.00010000,,0.00000000,EUR,ComFwd_WTI_QuantoEUR_5Y,2020-10-05,4.663934,37869,34977,0,0,162180,37518,37518,16726.84,16730.08
Up,false,DiscountCurve/USD/1/5Y,0.00010000,,0.00000000,EUR,ComFwd_WTI_QuantoEUR_5Y,2020-11-05,4.748634,38342,33982,0,0,170854,37990,37990,17106.10,17109.28
Up,false,DiscountCurve/USD/1/5Y,0.00010000,,0.00000000,EUR,ComFwd_WTI_QuantoEUR_5Y,2020-12-07,4.836066,39696,33071,0,0,175697,39336,39336,17508.00,17511.12
Up,false,DiscountCurve/USD/1/5Y,0.00010000,,0.00000000,EUR,ComFwd_WTI_QuantoEUR_5Y,2021-01-05,4.915330,40948,32230,0,0,169870,40581,40581,17880.07,17883.14
Up,false,DiscountCurve/USD/1/5Y,0.00010000,,0.00000000,EUR,ComFwd_WTI_QuantoEUR_5Y,2021-02-05,5.000262,0,0,0,0,0,0,40581,17576.37,18268.66
Up,false,FXSpot/EURUSD/0/spot,0.01132337,,0.00000000,EUR,ComFwd_WTI_QuantoEUR_5Y,2016-02-05,0.000000,0,6025,0,0,0,0,0,0.00,0.00
Up,false,FXSpot/EURUSD/0/spot,0.01132337,,0.00000000,EUR,ComFwd_WTI_QuantoEUR_5Y,2016-03-07,0.084699,36,7803,0,0,0,36,36,35.75,35.75
Up,false,FXSpot/EURUSD/0/spot,0.01132337,,0.00000000,EUR,ComFwd_WTI_QuantoEUR_5Y,2016-04-05,0.163934,149,9135,0,0,289,149,149,90.58,90.58
Up,false,FXSpot/EURUSD/0/spot,0.01132337,,0.00000000,EUR,ComFwd_WTI_QuantoEUR_5Y,2016-05-06,0.248634,347,10141,0,0,2484,347,347,177.87,177.87
Up,false,FXSpot/EURUSD/0/spot,0.01132337,,0.00000000,EUR,ComFwd_WTI_QuantoEUR_5Y,2016-06-06,0.333333,695,10971,0,0,5922,694,694,309.12,309.12
Up,false,FXSpot/EURUSD/0/spot,0.01132337,,0.00000000,EUR,ComFwd_WTI_QuantoEUR_5Y,2016-07-05,0.412568,1028,11575,0,0,7434,1027,1027,446.96,446.96
Up,false,FXSpot/EURUSD/0/spot,0.01132337,,0.00000000,EUR,ComFwd_WTI_QuantoEUR_5Y,2016-08-05,0.497268,1171,13537,0,0,8331,1169,1169,570.02,570.02
Up,false,FXSpot/EURUSD/0/spot,0.01132337,,0.00000000,EUR,ComFwd_WTI_QuantoEUR_5Y,2016-09-06,0.584699,1379,15007,0,0,10241,1376,1376,690.60,690.60
Up,false,FXSpot/EURUSD/0/spot,0.01132337,,0.00000000,EUR,ComFwd_WTI_QuantoEUR_5Y,2016-10-05,0.663934,1692,15902,0,0,11762,1689,1689,809.70,809.70
Up,false,FXSpot/EURUSD/0/spot,0.01132337,,0.00000000,EUR,ComFwd_WTI_QuantoEUR_5Y,2016-11-07,0.754098,2263,16600,0,0,15241,2258,2258,982.84,982.84
Up,false,FXSpot/EURUSD/0/spot,0.01132337,,0.00000000,EUR,ComFwd_WTI_QuantoEUR_5Y,2016-12-05,0.830601,2808,16772,0,0,18378,2800,2800,1150.25,1150.25
Up,false,FXSpot/EURUSD/0/spot,0.01132337,,0.00000000,EUR,ComFwd_WTI_QuantoEUR_5Y,2017-01-05,0.915330,3554,17108,0,0,22166,3544,3544,1371.82,1371.82
Up,false,FXSpot/EURUSD/0/spot,0.01132337,,0.00000000,EUR,ComFwd_WTI_QuantoEUR_5Y,2017-02-06,1.003002,4000,18179,0,0,23847,3988,3988,1600.47,1600.47
Up,false,FXSpot/EURUSD/0/spot,0.01132337,,0.00000000,EUR,ComFwd_WTI_QuantoEUR_5Y,2017-03-06,1.079714,4526,19050,0,0,26760,4510,4510,1807.21,1807.21
Up,false,FXSpot/EURUSD/0/spot,0.01132337,,0.00000000,EUR,ComFwd_WTI_QuantoEUR_5Y,2017-04-05,1.161906,4952,19787,0,0,31725,4933,4933,2028.31,2028.31
Up,false,FXSpot/EURUSD/0/spot,0.01132337,,0.00000000,EUR,ComFwd_WTI_QuantoEUR_5Y,2017-05-05,1.244098,5619,20569,0,0,31479,5596,5596,2263.98,2263.98
Up,false,FXSpot/EURUSD/0/spot,0.01132337,,0.00000000,EUR,ComFwd_WTI_QuantoEUR_5Y,2017-06-06,1.331769,6484,21316,0,0,38957,6455,6455,2539.90,2539.90
Up,false,FXSpot/EURUSD/0/spot,0.01132337,,0.00000000,EUR,ComFwd_WTI_QuantoEUR_5Y,2017-07-05,1.411221,7120,21796,0,0,40438,7086,7086,2795.88,2795.88
Up,false,FXSpot/EURUSD/0/spot,0.01132337,,0.00000000,EUR,ComFwd_WTI_QuantoEUR_5Y,2017-08-07,1.501632,7690,22574,0,0,42324,7651,7651,3088.19,3088.19
Up,false,FXSpot/EURUSD/0/spot,0.01132337,,0.00000000,EUR,ComFwd_WTI_QuantoEUR_5Y,2017-09-05,1.581084,8312,23155,0,0,45085,8267,8267,3348.45,3348.45
Up,false,FXSpot/EURUSD/0/spot,0.01132337,,0.00000000,EUR,ComFwd_WTI_QuantoEUR_5Y,2017-10-05,1.663276,9145,23829,0,0,49682,9093,9093,3632.33,3632.33
Up,false,FXSpot/EURUSD/0/spot,0.01132337,,0.00000000,EUR,ComFwd_WTI_QuantoEUR_5Y,2017-11-06,1.750947,9984,24323,0,0,55177,9925,9925,3947.40,3947.40
Up,false,FXSpot/EURUSD/0/spot,0.01132337,,0.00000000,EUR,ComFwd_WTI_QuantoEUR_5Y,2017-12-05,1.830399,10709,24573,0,0,60883,10642,10642,4237.97,4237.97
Up,false,FXSpot/EURUSD/0/spot,0.01132337,,0.00000000,EUR,ComFwd_WTI_QuantoEUR_5Y,2018-01-05,1.915330,11339,24622,0,0,60100,11264,11264,4549.52,4549.52
Up,false,FXSpot/EURUSD/0/spot,0.01132337,,0.00000000,EUR,ComFwd_WTI_QuantoEUR_5Y,2018-02-05,2.000262,11941,25583,0,0,64231,11858,11858,4859.83,4859.83
Up,false,FXSpot/EURUSD/0/spot,0.01132337,,0.00000000,EUR,ComFwd_WTI_QuantoEUR_5Y,2018-03-05,2.076974,12545,26548,0,0,66529,12454,12454,5140.33,5140.33
Up,false,FXSpot/EURUSD/0/spot,0.01132337,,0.00000000,EUR,ComFwd_WTI_QuantoEUR_5Y,2018-04-05,2.161906,13242,27099,0,0,70447,13144,13144,5454.76,5454.76
Up,false,FXSpot/EURUSD/0/spot,0.01132337,,0.00000000,EUR,ComFwd_WTI_QuantoEUR_5Y,2018-05-08,2.252317,13975,27685,0,0,72898,13869,13869,5792.51,5792.51
Up,false,FXSpot/EURUSD/0/spot,0.01132337,,0.00000000,EUR,ComFwd_WTI_QuantoEUR_5Y,2018-06-05,2.329029,15031,28335,0,0,76679,14914,14914,6092.95,6092.95
Up,false,FXSpot/EURUSD/0/spot,0.01132337,,0.00000000,EUR,ComFwd_WTI_QuantoEUR_5Y,2018-07-05,2.411221,15967,28893,0,0,76510,15840,15840,6425.20,6425.20
Up,false,FXSpot/EURUSD/0/spot,0.01132337,,0.00000000,EUR,ComFwd_WTI_QuantoEUR_5Y,2018-08-06,2.498892,16626,29922,0,0,81930,16490,16490,6778.30,6778.30
Up,false,FXSpot/EURUSD/0/spot,0.01132337,,0.00000000,EUR,ComFwd_WTI_QuantoEUR_5Y,2018-09-05,2.581084,16970,30358,0,0,86446,16827,16827,7098.30,7098.30
Up,false,FXSpot/EURUSD/0/spot,0.01132337,,0.00000000,EUR,ComFwd_WTI_QuantoEUR_5Y,2018-10-05,2.663276,17857,30870,0,0,87323,17704,17704,7425.59,7425.59
Up,false,FXSpot/EURUSD/0/spot,0.01132337,,0.00000000,EUR,ComFwd_WTI_QuantoEUR_5Y,2018-11-05,2.748207,18990,31242,0,0,93072,18823,18823,7777.81,7777.81
Up,false,FXSpot/EURUSD/0/spot,0.01132337,,0.00000000,EUR,ComFwd_WTI_QuantoEUR_5Y,2018-12-05,2.830399,20347,31478,0,0,91846,20165,20165,8137.51,8137.51
Up,false,FXSpot/EURUSD/0/spot,0.01132337,,0.00000000,EUR,ComFwd_WTI_QuantoEUR_5Y,2019-01-07,2.920810,21499,31403,0,0,98134,21301,21301,8544.97,8544.97
Up,false,FXSpot/EURUSD/0/spot,0.01132337,,0.00000000,EUR,ComFwd_WTI_QuantoEUR_5Y,2019-02-05,3.000262,22059,32156,0,0,99850,21852,21852,8897.36,8897.36
Up,false,FXSpot/EURUSD/0/spot,0.01132337,,0.00000000,EUR,ComFwd_WTI_QuantoEUR_5Y,2019-03-05,3.076974,22737,32816,0,0,104614,22522,22522,9237.04,9237.04
Up,false,FXSpot/EURUSD/0/spot,0.01132337,,0.00000000,EUR,ComFwd_WTI_QuantoEUR_5Y,2019-04-05,3.161906,23297,33479,0,0,101650,23075,23075,9608.75,9608.75
Up,false,FXSpot/EURUSD/0/spot,0.01132337,,0.00000000,EUR,ComFwd_WTI_QuantoEUR_5Y,2019-05-07,3.249577,24420,34131,0,0,121667,24187,24187,10002.05,10002.05
Up,false,FXSpot/EURUSD/0/spot,0.01132337,,0.00000000,EUR,ComFwd_WTI_QuantoEUR_5Y,2019-06-05,3.329029,25246,34586,0,0,116909,25002,25002,10360.06,10360.06
Up,false,FXSpot/EURUSD/0/spot,0.01132337,,0.00000000,EUR,ComFwd_WTI_QuantoEUR_5Y,2019-07-05,3.411221,26090,34712,0,0,136426,25837,25837,10732.97,10732.97
Up,false,FXSpot/EURUSD/0/spot,0.01132337,,0.00000000,EUR,ComFwd_WTI_QuantoEUR_5Y,2019-08-05,3.496152,26933,35861,0,0,143728,26671,26671,11120.16,11120.16
Up,false,FXSpot/EURUSD/0/spot,0.01132337,,0.00000000,EUR,ComFwd_WTI_QuantoEUR_5Y,2019-09-05,3.581084,27698,36628,0,0,135509,27427,27427,11506.90,11506.90
Up,false,FXSpot/EURUSD/0/spot,0.01132337,,0.00000000,EUR,ComFwd_WTI_QuantoEUR_5Y,2019-10-07,3.668755,29234,37568,0,0,149288,28946,28946,11923.64,11923.64
Up,false,FXSpot/EURUSD/0/spot,0.01132337,,0.00000000,EUR,ComFwd_WTI_QuantoEUR_5Y,2019-11-05,3.748207,29921,37715,0,0,147899,29625,29625,12298.85,12298.85
Up,false,FXSpot/EURUSD/0/spot,0.01132337,,0.00000000,EUR,ComFwd_WTI_QuantoEUR_5Y,2019-12-05,3.830399,30997,37667,0,0,143803,30689,30689,12693.46,12693.46
Up,false,FXSpot/EURUSD/0/spot,0.01132337,,0.00000000,EUR,ComFwd_WTI_QuantoEUR_5Y,2020-01-06,3.918033,31780,37352,0,0,154427,31462,31462,13113.26,13113.26
Up,false,FXSpot/EURUSD/0/spot,0.01132337,,0.00000000,EUR,ComFwd_WTI_QuantoEUR_5Y,2020-02-05,4.000000,31826,37865,0,0,150606,31506,31506,13490.16,13490.16
Up,false,FXSpot/EURUSD/0/spot,0.01132337,,0.00000000,EUR,ComFwd_WTI_QuantoEUR_5Y,2020-03-05,4.079235,32056,37173,0,0,156424,31736,31736,13844.56,13844.56
Up,false,FXSpot/EURUSD/0/spot,0.01132337,,0.00000000,EUR,ComFwd_WTI_QuantoEUR_5Y,2020-04-06,4.166667,33057,37039,0,0,159937,32730,32730,14240.85,14240.85
Up,false,FXSpot/EURUSD/0/spot,0.01132337,,0.00000000,EUR,ComFwd_WTI_QuantoEUR_5Y,2020-05-05,4.245902,34317,36797,0,0,161137,33981,33981,14609.23,14609.23
Up,false,FXSpot/EURUSD/0/spot,0.01132337,,0.00000000,EUR,ComFwd_WTI_QuantoEUR_5Y,2020-06-05,4.330601,35576,36093,0,0,158223,35231,35231,15012.57,15012.57
Up,false,FXSpot/EURUSD/0/spot,0.01132337,,0.00000000,EUR,ComFwd_WTI_QuantoEUR_5Y,2020-07-06,4.415301,36872,35508,0,0,167164,36518,36518,15425.12,15425.12
Up,false,FXSpot/EURUSD/0/spot,0.01132337,,0.00000000,EUR,ComFwd_WTI_QuantoEUR_5Y,2020-08-05,4.497268,37215,35852,0,0,168051,36862,36862,15815.83,15815.83
Up,false,FXSpot/EURUSD/0/spot,0.01132337,,0.00000000,EUR,ComFwd_WTI_QuantoEUR_5Y,2020-09-08,4.590164,37048,35126,0,0,156226,36701,36862,16238.50,16241.76
Up,false,FXSpot/EURUSD/0/spot,0.01132337,,0.00000000,EUR,ComFwd_WTI_QuantoEUR_5Y,2020-10-05,4.663934,37513,34648,0,0,160654,37165,37165,16569.50,16572.70
Up,false,FXSpot/EURUSD/0/spot,0.01132337,,0.00000000,EUR,ComFwd_WTI_QuantoEUR_5Y,2020-11-05,4.748634,37981,33663,0,0,169247,37632,37632,16945.19,16948.34
Up,false,FXSpot/EURUSD/0/spot,0.01132337,,0.00000000,EUR,ComFwd_WTI_QuantoEUR_5Y,2020-12-07,4.836066,39322,32760,0,0,174044,38966,38966,17343.30,17346.40
Up,false,FXSpot/EURUSD/0/spot,0.01132337,,0.00000000,EUR,ComFwd_WTI_QuantoEUR_5Y,2021-01-05,4.915330,40563,31927,0,0,168272,40199,40199,17711.87,17714.91
Up,false,FXSpot/EURUSD/0/spot,0.01132337,,0.00000000,EUR,ComFwd_WTI_QuantoEUR_5Y,2021-02-05,5.000262,0,0,0,0,0,0,40199,17411.03,18096.81
Up,false,FXSpot/USDEUR/0/spot,0.00883129,,0.00000000,EUR,ComFwd_WTI_QuantoEUR_5Y,2016-02-05,0.000000,0,6146,0,0,0,0,0,0.00,0.00
Up,false,FXSpot/USDEUR/0/spot,0.00883129,,0.00000000,EUR,ComFwd_WTI_QuantoEUR_5Y,2016-03-07,0.084699,36,7960,0,0,0,36,36,36.47,36.47
Up,false,FXSpot/USDEUR/0/spot,0.00883129,,0.00000000,EUR,ComFwd_WTI_QuantoEUR_5Y,2016-04-05,0.163934,152,9318,0,0,294,152,152,92.40,92.40
Up,false,FXSpot/USDEUR/0/spot,0.00883129,,0.00000000,EUR,ComFwd_WTI_QuantoEUR_5Y,2016-05-06,0.248634,354,10344,0,0,2534,354,354,181.45,181.45
Up,false,FXSpot/USDEUR/0/spot,0.00883129,,0.00000000,EUR,ComFwd_WTI_QuantoEUR_5Y,2016-06-06,0.333333,709,11192,0,0,6041,708,708,315.34,315.34
Up,false,FXSpot/USDEUR/0/spot,0.00883129,,0.00000000,EUR,ComFwd_WTI_QuantoEUR_5Y,2016-07-05,0.412568,1049,11808,0,0,7583,1047,1047,455.95,455.95
Up,false,FXSpot/USDEUR/0/spot,0.00883129,,0.00000000,EUR,ComFwd_WTI_QuantoEUR_5Y,2016-08-05,0.497268,1194,13809,0,0,8498,1193,1193,581.47,581.47
Up,false,FXSpot/USDEUR/0/spot,0.00883129,,0.00000000,EUR,ComFwd_WTI_QuantoEUR_5Y,2016-09-06,0.584699,1406,15309,0,0,10447,1404,1404,704.48,704.48
Up,false,FXSpot/USDEUR/0/spot,0.00883129,,0.00000000,EUR,ComFwd_WTI_QuantoEUR_5Y,2016-10-05,0.663934,1726,16221,0,0,11998,1723,1723,825.98,825.98
Up,false,FXSpot/USDEUR/0/spot,0.00883129,,0.00000000,EUR,ComFwd_WTI_QuantoEUR_5Y,2016-11-07,0.754098,2309,16934,0,0,15547,2303,2303,1002.59,1002.59
Up,false,FXSpot/USDEUR/0/spot,0.00883129,,0.00000000,EUR,ComFwd_WTI_QuantoEUR_5Y,2016-12-05,0.830601,2864,17110,0,0,18747,2857,2857,1173.37,1173.37
Up,false,FXSpot/USDEUR/0/spot,0.00883129,,0.00000000,EUR,ComFwd_WTI_QuantoEUR_5Y,2017-01-05,0.915330,3626,17452,0,0,22611,3615,3615,1399.39,1399.39
Up,false,FXSpot/USDEUR/0/spot,0.00883129,,0.00000000,EUR,ComFwd_WTI_QuantoEUR_5Y,2017-02-06,1.003002,4081,18545,0,0,24326,4068,4068,1632.64,1632.64
Up,false,FXSpot/USDEUR/0/spot,0.00883129,,0.00000000,EUR,ComFwd_WTI_QuantoEUR_5Y,2017-03-06,1.079714,4617,19433,0,0,27297,4601,4601,1843.54,1843.54
Up,false,FXSpot/USDEUR/0/spot,0.00883129,,0.00000000,EUR,ComFwd_WTI_QuantoEUR_5Y,2017-04-05,1.161906,5051,20185,0,0,32363,5032,5032,2069.08,2069.08
Up,false,FXSpot/USDEUR/0/spot,0.00883129,,0.00000000,EUR,ComFwd_WTI_QuantoEUR_5Y,2017-05-05,1.244098,5732,20982,0,0,32112,5708,5708,2309.49,2309.49
Up,false,FXSpot/USDEUR/0/spot,0.00883129,,0.00000000,EUR,ComFwd_WTI_QuantoEUR_5Y,2017-06-06,1.331769,6615,21745,0,0,39740,6585,6585,2590.96,2590.96
Up,false,FXSpot/USDEUR/0/spot,0.00883129,,0.00000000,EUR,ComFwd_WTI_QuantoEUR_5Y,2017-07-05,1.411221,7263,22234,0,0,41251,7229,7229,2852.07,2852.07
Up,false,FXSpot/USDEUR/0/spot,0.00883129,,0.00000000,EUR,ComFwd_WTI_QuantoEUR_5Y,2017-08-07,1.501632,7844,23028,0,0,43174,7805,7805,3150.26,3150.26
Up,false,FXSpot/USDEUR/0/spot,0.00883129,,0.00000000,EUR,ComFwd_WTI_QuantoEUR_5Y,2017-09-05,1.581084,8479,23621,0,0,45992,8434,8434,3415.75,3415.75
Up,false,FXSpot/USDEUR/0/spot,0.00883129,,0.00000000,EUR,ComFwd_WTI_QuantoEUR_5Y,2017-10-05,1.663276,9328,24308,0,0,50681,9276,9276,3705.34,3705.34
Up,false,FXSpot/USDEUR/0/spot,0.00883129,,0.00000000,EUR,ComFwd_WTI_QuantoEUR_5Y,2017-11-06,1.750947,10185,24812,0,0,56286,10124,10124,4026.74,4026.74
Up,false,FXSpot/USDEUR/0/spot,0.00883129,,0.00000000,EUR,ComFwd_WTI_QuantoEUR_5Y,2017-12-05,1.830399,10924,25067,0,0,62107,10855,10855,4323.15,4323.15
Up,false,FXSpot/USDEUR/0/spot,0.00883129,,0.00000000,EUR,ComFwd_WTI_QuantoEUR_5Y,2018-01-05,1.915330,11567,25117,0,0,61308,11490,11490,4640.97,4640.97
Up,false,FXSpot/USDEUR/0/spot,0.00883129,,0.00000000,EUR,ComFwd_WTI_QuantoEUR_5Y,2018-02-05,2.000262,12181,26098,0,0,65522,12096,12096,4957.51,4957.51
Up,false,FXSpot/USDEUR/0/spot,0.00883129,,0.00000000,EUR,ComFwd_WTI_QuantoEUR_5Y,2018-03-05,2.076974,12797,27082,0,0,67866,12705,12705,5243.65,5243.65
Up,false,FXSpot/USDEUR/0/spot,0.00883129,,0.00000000,EUR,ComFwd_WTI_QuantoEUR_5Y,2018-04-05,2.161906,13508,27644,0,0,71863,13408,13408,5564.40,5564.40
Up,false,FXSpot/USDEUR/0/spot,0.00883129,,0.00000000,EUR,ComFwd_WTI_QuantoEUR_5Y,2018-05-08,2.252317,14256,28241,0,0,74363,14148,14148,5908.94,5908.94
Up,false,FXSpot/USDEUR/0/spot,0.00883129,,0.00000000,EUR,ComFwd_WTI_QuantoEUR_5Y,2018-06-05,2.329029,15333,28905,0,0,78220,15214,15214,6215.42,6215.42
Up,false,FXSpot/USDEUR/0/spot,0.00883129,,0.00000000,EUR,ComFwd_WTI_QuantoEUR_5Y,2018-07-05,2.411221,16288,29474,0,0,78048,16158,16158,6554.34,6554.34
Up,false,FXSpot/USDEUR/0/spot,0.00883129,,0.00000000,EUR,ComFwd_WTI_QuantoEUR_5Y,2018-08-06,2.498892,16960,30524,0,0,83576,16821,16821,6914.54,6914.54
Up,false,FXSpot/USDEUR/0/spot,0.00883129,,0.00000000,EUR,ComFwd_WTI_QuantoEUR_5Y,2018-09-05,2.581084,17311,30968,0,0,88183,17165,17165,7240.97,7240.97
Up,false,FXSpot/USDEUR/0/spot,0.00883129,,0.00000000,EUR,ComFwd_WTI_QuantoEUR_5Y,2018-10-05,2.663276,18216,31491,0,0,89078,18059,18059,7574.84,7574.84
Up,false,FXSpot/USDEUR/0/spot,0.00883129,,0.00000000,EUR,ComFwd_WTI_QuantoEUR_5Y,2018-11-05,2.748207,19371,31870,0,0,94943,19201,19201,7934.14,7934.14
Up,false,FXSpot/USDEUR/0/spot,0.00883129,,0.00000000,EUR,ComFwd_WTI_QuantoEUR_5Y,2018-12-05,2.830399,20756,32110,0,0,93692,20570,20570,8301.07,8301.07
Up,false,FXSpot/USDEUR/0/spot,0.00883129,,0.00000000,EUR,ComFwd_WTI_QuantoEUR_5Y,2019-01-07,2.920810,21931,32034,0,0,100107,21729,21729,8716.73,8716.73
Up,false,FXSpot/USDEUR/0/spot,0.00883129,,0.00000000,EUR,ComFwd_WTI_QuantoEUR_5Y,2019-02-05,3.000262,22502,32802,0,0,101857,22291,22291,9076.20,9076.20
Up,false,FXSpot/USDEUR/0/spot,0.00883129,,0.00000000,EUR,ComFwd_WTI_QuantoEUR_5Y,2019-03-05,3.076974,23194,33476,0,0,106717,22975,22975,9422.71,9422.71
Up,false,FXSpot/USDEUR/0/spot,0.00883129,,0.00000000,EUR,ComFwd_WTI_QuantoEUR_5Y,2019-04-05,3.161906,23765,34152,0,0,103693,23539,23539,9801.89,9801.89
Up,false,FXSpot/USDEUR/0/spot,0.00883129,,0.00000000,EUR,ComFwd_WTI_QuantoEUR_5Y,2019-05-07,3.249577,24911,34817,0,0,124112,24673,24673,10203.09,10203.09
Up,false,FXSpot/USDEUR/0/spot,0.00883129,,0.00000000,EUR,ComFwd_WTI_QuantoEUR_5Y,2019-06-05,3.329029,25753,35281,0,0,119259,25505,25505,10568.29,10568.29
Up,false,FXSpot/USDEUR/0/spot,0.00883129,,0.00000000,EUR,ComFwd_WTI_QuantoEUR_5Y,2019-07-05,3.411221,26614,35410,0,0,139168,26357,26357,10948.70,10948.70
Up,false,FXSpot/USDEUR/0/spot,0.00883129,,0.00000000,EUR,ComFwd_WTI_QuantoEUR_5Y,2019-08-05,3.496152,27475,36581,0,0,146617,27207,27207,11343.67,11343.67
Up,false,FXSpot/USDEUR/0/spot,0.00883129,,0.00000000,EUR,ComFwd_WTI_QuantoEUR_5Y,2019-09-05,3.581084,28255,37364,0,0,138233,27978,27978,11738.19,11738.19
Up,false,FXSpot/USDEUR/0/spot,0.00883129,,0.00000000,EUR,ComFwd_WTI_QuantoEUR_5Y,2019-10-07,3.668755,29822,38323,0,0,152289,29528,29528,12163.30,12163.30
Up,false,FXSpot/USDEUR/0/spot,0.00883129,,0.00000000,EUR,ComFwd_WTI_QuantoEUR_5Y,2019-11-05,3.748207,30522,38473,0,0,150872,30220,30220,12546.06,12546.06
Up,false,FXSpot/USDEUR/0/spot,0.00883129,,0.00000000,EUR,ComFwd_WTI_QuantoEUR_5Y,2019-12-05,3.830399,31621,38424,0,0,146694,31306,31306,12948.60,12948.60
Up,false,FXSpot/USDEUR/0/spot,0.00883129,,0.00000000,EUR,ComFwd_WTI_QuantoEUR_5Y,2020-01-06,3.918033,32419,38102,0,0,157531,32095,32095,13376.84,13376.84
Up,false,FXSpot/USDEUR/0/spot,0.00883129,,0.00000000,EUR,ComFwd_WTI_QuantoEUR_5Y,2020-02-05,4.000000,32466,38626,0,0,153633,32139,32139,13761.31,13761.31
Up,false,FXSpot/USDEUR/0/spot,0.00883129,,0.00000000,EUR,ComFwd_WTI_QuantoEUR_5Y,2020-03-05,4.079235,32700,37920,0,0,159568,32374,32374,14122.84,14122.84
Up,false,FXSpot/USDEUR/0/spot,0.00883129,,0.00000000,EUR,ComFwd_WTI_QuantoEUR_5Y,2020-04-06,4.166667,33721,37783,0,0,163151,33388,33388,14527.09,14527.09
Up,false,FXSpot/USDEUR/0/spot,0.00883129,,0.00000000,EUR,ComFwd_WTI_QuantoEUR_5Y,2020-05-05,4.245902,35007,37536,0,0,164376,34664,34664,14902.88,14902.88
Up,false,FXSpot/USDEUR/0/spot,0.00883129,,0.00000000,EUR,ComFwd_WTI_QuantoEUR_5Y,2020-06-05,4.330601,36291,36818,0,0,161403,35939,35939,15314.32,15314.32
Up,false,FXSpot/USDEUR/0/spot,0.00883129,,0.00000000,EUR,ComFwd_WTI_QuantoEUR_5Y,2020-07-06,4.415301,37613,36222,0,0,170524,37252,37252,15735.16,15735.16
Up,false,FXSpot/USDEUR/0/spot,0.00883129,,0.00000000,EUR,ComFwd_WTI_QuantoEUR_5Y,2020-08-05,4.497268,37963,36573,0,0,171429,37603,37603,16133.73,16133.73
Up,false,FXSpot/USDEUR/0/spot,0.00883129,,0.00000000,EUR,ComFwd_WTI_QuantoEUR_5Y,2020-09-08,4.590164,37793,35832,0,0,159366,37439,37603,16564.90,16568.22
Up,false,FXSpot/USDEUR/0/spot,0.00883129,,0.00000000,EUR,ComFwd_WTI_QuantoEUR_5Y,2020-10-05,4.663934,38267,35345,0,0,163883,37912,37912,16902.55,16905.81
Up,false,FXSpot/USDEUR/0/spot,0.00883129,,0.00000000,EUR,ComFwd_WTI_QuantoEUR_5Y,2020-11-05,4.748634,38744,34339,0,0,172649,38389,38389,17285.79,17289.00
Up,false,FXSpot/USDEUR/0/spot,0.00883129,,0.00000000,EUR,ComFwd_WTI_QuantoEUR_5Y,2020-12-07,4.836066,40113,33418,0,0,177543,39749,39749,17691.90,17695.06
Up,false,FXSpot/USDEUR/0/spot,0.00883129,,0.00000000,EUR,ComFwd_WTI_QuantoEUR_5Y,2021-01-05,4.915330,41378,32569,0,0,171655,41007,41007,18067.88,18070.98
Up,false,FXSpot/USDEUR/0/spot,0.00883129,,0.00000000,EUR,ComFwd_WTI_QuantoEUR_5Y,2021-02-05,5.000262,0,0,0,0,0,0,41007,17760.99,18460.56
Up,false,EquitySpot/SP5/0/spot,21.47560000,,0.00000000,EUR,ComFwd_WTI_QuantoEUR_5Y,2016-02-05,0.000000,0,6085,0,0,0,0,0,0.00,0.00
Up,false,EquitySpot/SP5/0/spot,21.47560000,,0.00000000,EUR,ComFwd_WTI_QuantoEUR_5Y,2016-03-07,0.084699,36,7881,0,0,0,36,36,36.10,36.10
Up,false,EquitySpot/SP5/0/spot,21.47560000,,0.00000000,EUR,ComFwd_WTI_QuantoEUR_5Y,2016-04-05,0.163934,151,9226,0,0,292,151,151,91.48,91.48
Up,false,EquitySpot/SP5/0/spot,21.47560000,,0.00000000,EUR,ComFwd_WTI_QuantoEUR_5Y,2016-05-06,0.248634,351,10242,0,0,2508,350,350,179.65,179.65
Up,false,EquitySpot/SP5/0/spot,21.47560000,,0.00000000,EUR,ComFwd_WTI_QuantoEUR_5Y,2016-06-06,0.333333,702,11081,0,0,5981,701,701,312.22,312.22
Up,false,EquitySpot/SP5/0/spot,21.47560000,,0.00000000,EUR,ComFwd_WTI_QuantoEUR_5Y,2016-07-05,0.412568,1038,11691,0,0,7508,1037,1037,451.43,451.43
Up,false,EquitySpot/SP5/0/spot,21.47560000,,0.00000000,EUR,ComFwd_WTI_QuantoEUR_5Y,2016-08-05,0.497268,1183,13672,0,0,8414,1181,1181,575.72,575.72
Up,false,EquitySpot/SP5/0/spot,21.47560000,,0.00000000,EUR,ComFwd_WTI_QuantoEUR_5Y,2016-09-06,0.584699,1392,15157,0,0,10344,1390,1390,697.51,697.51
Up,false,EquitySpot/SP5/0/spot,21.47560000,,0.00000000,EUR,ComFwd_WTI_QuantoEUR_5Y,2016-10-05,0.663934,1709,16061,0,0,11879,1705,1705,817.80,817.80
Up,false,EquitySpot/SP5/0/spot,21.47560000,,0.00000000,EUR,ComFwd_WTI_QuantoEUR_5Y,2016-11-07,0.754098,2286,16766,0,0,15393,2280,2280,992.67,992.67
Up,false,EquitySpot/SP5/0/spot,21.47560000,,0.00000000,EUR,ComFwd_WTI_QuantoEUR_5Y,2016-12-05,0.830601,2836,16940,0,0,18562,2828,2828,1161.76,1161.76
Up,false,EquitySpot/SP5/0/spot,21.47560000,,0.00000000,EUR,ComFwd_WTI_QuantoEUR_5Y,2017-01-05,0.915330,3590,17279,0,0,22387,3579,3579,1385.54,1385.54
Up,false,EquitySpot/SP5/0/spot,21.47560000,,0.00000000,EUR,ComFwd_WTI_QuantoEUR_5Y,2017-02-06,1.003002,4040,18361,0,0,24086,4028,4028,1616.48,1616.48
Up,false,EquitySpot/SP5/0/spot,21.47560000,,0.00000000,EUR,ComFwd_WTI_QuantoEUR_5Y,2017-03-06,1.079714,4571,19241,0,0,27027,4555,4555,1825.28,1825.28
Up,false,EquitySpot/SP5/0/spot,21.47560000,,0.00000000,EUR,ComFwd_WTI_QuantoEUR_5Y,2017-04-05,1.161906,5001,19985,0,0,32043,4982,4982,2048.59,2048.59
Up,false,EquitySpot/SP5/0/spot,21.47560000,,0.00000000,EUR,ComFwd_WTI_QuantoEUR_5Y,2017-05-05,1.244098,5675,20775,0,0,31794,5652,5652,2286.62,2286.62
Up,false,EquitySpot/SP5/0/spot,21.47560000,,0.00000000,EUR,ComFwd_WTI_QuantoEUR_5Y,2017-06-06,1.331769,6549,21530,0,0,39347,6520,6520,2565.30,2565.30
Up,false,EquitySpot/SP5/0/spot,21.47560000,,0.00000000,EUR,ComFwd_WTI_QuantoEUR_5Y,2017-07-05,1.411221,7191,22014,0,0,40843,7157,7157,2823.83,2823.83
Up,false,EquitySpot/SP5/0/spot,21.47560000,,0.00000000,EUR,ComFwd_WTI_QuantoEUR_5Y,2017-08-07,1.501632,7767,22800,0,0,42747,7727,7727,3119.07,3119.07
Up,false,EquitySpot/SP5/0/spot,21.47560000,,0.00000000,EUR,ComFwd_WTI_QuantoEUR_5Y,2017-09-05,1.581084,8395,23387,0,0,45536,8350,8350,3381.94,3381.94
Up,false,EquitySpot/SP5/0/spot,21.47560000,,0.00000000,EUR,ComFwd_WTI_QuantoEUR_5Y,2017-10-05,1.663276,9236,24068,0,0,50179,9184,9184,3668.66,3668.66
Up,false,EquitySpot/SP5/0/spot,21.47560000,,0.00000000,EUR,ComFwd_WTI_QuantoEUR_5Y,2017-11-06,1.750947,10084,24566,0,0,55728,10024,10024,3986.87,3986.87
Up,false,EquitySpot/SP5/0/spot,21.47560000,,0.00000000,EUR,ComFwd_WTI_QuantoEUR_5Y,2017-12-05,1.830399,10816,24818,0,0,61492,10748,10748,4280.35,4280.35
Up,false,EquitySpot/SP5/0/spot,21.47560000,,0.00000000,EUR,ComFwd_WTI_QuantoEUR_5Y,2018-01-05,1.915330,11453,24868,0,0,60701,11377,11377,4595.02,4595.02
Up,false,EquitySpot/SP5/0/spot,21.47560000,,0.00000000,EUR,ComFwd_WTI_QuantoEUR_5Y,2018-02-05,2.000262,12061,25839,0,0,64874,11976,11976,4908.43,4908.43
Up,false,EquitySpot/SP5/0/spot,21.47560000,,0.00000000,EUR,ComFwd_WTI_QuantoEUR_5Y,2018-03-05,2.076974,12670,26814,0,0,67194,12579,12579,5191.73,5191.73
Up,false,EquitySpot/SP5/0/spot,21.47560000,,0.00000000,EUR,ComFwd_WTI_QuantoEUR_5Y,2018-04-05,2.161906,13375,27370,0,0,71151,13276,13276,5509.31,5509.31
Up,false,EquitySpot/SP5/0/spot,21.47560000,,0.00000000,EUR,ComFwd_WTI_QuantoEUR_5Y,2018-05-08,2.252317,14115,27962,0,0,73627,14007,14007,5850.44,5850.44
Up,false,EquitySpot/SP5/0/spot,21.47560000,,0.00000000,EUR,ComFwd_WTI_QuantoEUR_5Y,2018-06-05,2.329029,15182,28619,0,0,77446,15063,15063,6153.88,6153.88
Up,false,EquitySpot/SP5/0/spot,21.47560000,,0.00000000,EUR,ComFwd_WTI_QuantoEUR_5Y,2018-07-05,2.411221,16127,29182,0,0,77275,15998,15998,6489.45,6489.45
Up,false,EquitySpot/SP5/0/spot,21.47560000,,0.00000000,EUR,ComFwd_WTI_QuantoEUR_5Y,2018-08-06,2.498892,16792,30222,0,0,82749,16655,16655,6846.08,6846.08
Up,false,EquitySpot/SP5/0/spot,21.47560000,,0.00000000,EUR,ComFwd_WTI_QuantoEUR_5Y,2018-09-05,2.581084,17139,30662,0,0,87310,16996,16996,7169.28,7169.28
Up,false,EquitySpot/SP5/0/spot,21.47560000,,0.00000000,EUR,ComFwd_WTI_QuantoEUR_5Y,2018-10-05,2.663276,18035,31179,0,0,88196,17881,17881,7499.85,7499.85
Up,false,EquitySpot/SP5/0/spot,21.47560000,,0.00000000,EUR,ComFwd_WTI_QuantoEUR_5Y,2018-11-05,2.748207,19179,31555,0,0,94003,19011,19011,7855.59,7855.59
Up,false,EquitySpot/SP5/0/spot,21.47560000,,0.00000000,EUR,ComFwd_WTI_QuantoEUR_5Y,2018-12-05,2.830399,20551,31792,0,0,92765,20366,20366,8218.89,8218.89
Up,false,EquitySpot/SP5/0/spot,21.47560000,,0.00000000,EUR,ComFwd_WTI_QuantoEUR_5Y,2019-01-07,2.920810,21714,31717,0,0,99116,21514,21514,8630.42,8630.42
Up,false,EquitySpot/SP5/0/spot,21.47560000,,0.00000000,EUR,ComFwd_WTI_QuantoEUR_5Y,2019-02-05,3.000262,22279,32477,0,0,100849,22070,22070,8986.33,8986.33
Up,false,EquitySpot/SP5/0/spot,21.47560000,,0.00000000,EUR,ComFwd_WTI_QuantoEUR_5Y,2019-03-05,3.076974,22965,33144,0,0,105660,22747,22747,9329.41,9329.41
Up,false,EquitySpot/SP5/0/spot,21.47560000,,0.00000000,EUR,ComFwd_WTI_QuantoEUR_5Y,2019-04-05,3.161906,23530,33814,0,0,102667,23306,23306,9704.84,9704.84
Up,false,EquitySpot/SP5/0/spot,21.47560000,,0.00000000,EUR,ComFwd_WTI_QuantoEUR_5Y,2019-05-07,3.249577,24665,34472,0,0,122884,24428,24428,10102.07,10102.07
Up,false,EquitySpot/SP5/0/spot,21.47560000,,0.00000000,EUR,ComFwd_WTI_QuantoEUR_5Y,2019-06-05,3.329029,25498,34931,0,0,118078,25253,25253,10463.66,10463.66
Up,false,EquitySpot/SP5/0/spot,21.47560000,,0.00000000,EUR,ComFwd_WTI_QuantoEUR_5Y,2019-07-05,3.411221,26351,35059,0,0,137790,26096,26096,10840.30,10840.30
Up,false,EquitySpot/SP5/0/spot,21.47560000,,0.00000000,EUR,ComFwd_WTI_QuantoEUR_5Y,2019-08-05,3.496152,27203,36219,0,0,145165,26938,26938,11231.36,11231.36
Up,false,EquitySpot/SP5/0/spot,21.47560000,,0.00000000,EUR,ComFwd_WTI_QuantoEUR_5Y,2019-09-05,3.581084,27975,36994,0,0,136864,27701,27701,11621.97,11621.97
Up,false,EquitySpot/SP5/0/spot,21.47560000,,0.00000000,EUR,ComFwd_WTI_QuantoEUR_5Y,2019-10-07,3.668755,29526,37944,0,0,150781,29236,29236,12042.88,12042.88
Up,false,EquitySpot/SP5/0/spot,21.47560000,,0.00000000,EUR,ComFwd_WTI_QuantoEUR_5Y,2019-11-05,3.748207,30220,38092,0,0,149378,29921,29921,12421.84,12421.84
Up,false,EquitySpot/SP5/0/spot,21.47560000,,0.00000000,EUR,ComFwd_WTI_QuantoEUR_5Y,2019-12-05,3.830399,31307,38044,0,0,145241,30996,30996,12820.40,12820.40
Up,false,EquitySpot/SP5/0/spot,21.47560000,,0.00000000,EUR,ComFwd_WTI_QuantoEUR_5Y,2020-01-06,3.918033,32098,37725,0,0,155971,31777,31777,13244.40,13244.40
Up,false,EquitySpot/SP5/0/spot,21.47560000,,0.00000000,EUR,ComFwd_WTI_QuantoEUR_5Y,2020-02-05,4.000000,32144,38244,0,0,152112,31821,31821,13625.06,13625.06
Up,false,EquitySpot/SP5/0/spot,21.47560000,,0.00000000,EUR,ComFwd_WTI_QuantoEUR_5Y,2020-03-05,4.079235,32377,37545,0,0,157988,32053,32053,13983.01,13983.01
Up,false,EquitySpot/SP5/0/spot,21.47560000,,0.00000000,EUR,ComFwd_WTI_QuantoEUR_5Y,2020-04-06,4.166667,33387,37409,0,0,161536,33057,33057,14383.25,14383.25
Up,false,EquitySpot/SP5/0/spot,21.47560000,,0.00000000,EUR,ComFwd_WTI_QuantoEUR_5Y,2020-05-05,4.245902,34661,37165,0,0,162748,34321,34321,14755.33,14755.33
Up,false,EquitySpot/SP5/0/spot,21.47560000,,0.00000000,EUR,ComFwd_WTI_QuantoEUR_5Y,2020-06-05,4.330601,35932,36454,0,0,159805,35584,35584,15162.69,15162.69
Up,false,EquitySpot/SP5/0/spot,21.47560000,,0.00000000,EUR,ComFwd_WTI_QuantoEUR_5Y,2020-07-06,4.415301,37240,35863,0,0,168836,36884,36884,15579.37,15579.37
Up,false,EquitySpot/SP5/0/spot,21.47560000,,0.00000000,EUR,ComFwd_WTI_QuantoEUR_5Y,2020-08-05,4.497268,37587,36211,0,0,169732,37231,37231,15973.99,15973.99
Up,false,EquitySpot/SP5/0/spot,21.47560000,,0.00000000,EUR,ComFwd_WTI_QuantoEUR_5Y,2020-09-08,4.590164,37419,35477,0,0,157788,37068,37231,16400.89,16404.18
Up,false,EquitySpot/SP5/0/spot,21.47560000,,0.00000000,EUR,ComFwd_WTI_QuantoEUR_5Y,2020-10-05,4.663934,37888,34995,0,0,162261,37536,37536,16735.19,16738.43
Up,false,EquitySpot/SP5/0/spot,21.47560000,,0.00000000,EUR,ComFwd_WTI_QuantoEUR_5Y,2020-11-05,4.748634,38361,33999,0,0,170939,38009,38009,17114.64,17117.82
Up,false,EquitySpot/SP5/0/spot,21.47560000,,0.00000000,EUR,ComFwd_WTI_QuantoEUR_5Y,2020-12-07,4.836066,39716,33087,0,0,175785,39356,39356,17516.74,17519.86
Up,false,EquitySpot/SP5/0/spot,21.47560000,,0.00000000,EUR,ComFwd_WTI_QuantoEUR_5Y,2021-01-05,4.915330,40968,32247,0,0,169955,40601,40601,17888.99,17892.06
Up,false,EquitySpot/SP5/0/spot,21.47560000,,0.00000000,EUR,ComFwd_WTI_QuantoEUR_5Y,2021-02-05,5.000262,0,0,0,0,0,0,40601,17585.14,18277.78
Up,false,EquityVolatility/SP5/0/6M/ATM,0.00250000,,0.00000000,EUR,ComFwd_WTI_QuantoEUR_5Y,2016-02-05,0.000000,0,6085,0,0,0,0,0,0.00,0.00
Up,false,EquityVolatility/SP5/0/6M/ATM,0.00250000,,0.00000000,EUR,ComFwd_WTI_QuantoEUR_5Y,2016-03-07,0.084699,36,7881,0,0,0,36,36,36.10,36.10
Up,false,EquityVolatility/SP5/0/6M/ATM,0.00250000,,0.00000000,EUR,ComFwd_WTI_QuantoEUR_5Y,2016-04-05,0.163934,151,9226,0,0,292,151,151,91.48,91.48
Up,false,EquityVolatility/SP5/0/6M/ATM,0.00250000,,0.00000000,EUR,ComFwd_WTI_QuantoEUR_5Y,2016-05-06,0.248634,351,10242,0,0,2508,350,350,179.65,179.65
Up,false,EquityVolatility/SP5/0/6M/ATM,0.00250000,,0.00000000,EUR,ComFwd_WTI_QuantoEUR_5Y,2016-06-06,0.333333,702,11081,0,0,5981,701,701,312.22,312.22
Up,false,EquityVolatility/SP5/0/6M/ATM,0.00250000,,0.00000000,EUR,ComFwd_WTI_QuantoEUR_5Y,2016-07-05,0.412568,1038,11691,0,0,7508,1037,1037,451.43,451.43
Up,false,EquityVolatility/SP5/0/6M/ATM,0.00250000,,0.00000000,EUR,ComFwd_WTI_QuantoEUR_5Y,2016-08-05,0.497268,1183,13672,0,0,8414,1181,1181,575.72,575.72
Up,false,EquityVolatility/SP5/0/6M/ATM,0.00250000,,0.00000000,EUR,ComFwd_WTI_QuantoEUR_5Y,2016-09-06,0.584699,1392,15157,0,0,10344,1390,1390,697.51,697.51
Up,false,EquityVolatility/SP5/0/6M/ATM,0.00250000,,0.00000000,EUR,ComFwd_WTI_QuantoEUR_5Y,2016-10-05,0.663934,1709,16061,0,0,11879,1705,1705,817.80,817.80
Up,false,EquityVolatility/SP5/0/6M/ATM,0.00250000,,0.00000000,EUR,ComFwd_WTI_QuantoEUR_5Y,2016-11-07,0.754098,2286,16766,0,0,15393,2280,2280,992.67,992.67
Up,false,EquityVolatility/SP5/0/6M/ATM,0.00250000,,0.00000000,EUR,ComFwd_WTI_QuantoEUR_5Y,2016-12-05,0.830601,2836,16940,0,0,18562,2828,2828,1161.76,1161.76
Up,false,EquityVolatility/SP5/0/6M/ATM,0.00250000,,0.00000000,EUR,ComFwd_WTI_QuantoEUR_5Y,2017-01-05,0.915330,3590,17279,0,0,22387,3579,3579,1385.54,1385.54
Up,false,EquityVolatility/SP5/0/6M/ATM,0.00250000,,0.00000000,EUR,ComFwd_WTI_QuantoEUR_5Y,2017-02-06,1.003002,4040,18361,0,0,24086,4028,4028,1616.48,1616.48
Up,false,EquityVolatility/SP5/0/6M/ATM,0.00250000,,0.00000000,EUR,ComFwd_WTI_QuantoEUR_5Y,2017-03-06,1.079714,4571,19241,0,0,27027,4555,4555,1825.28,1825.28
Up,false,EquityVolatility/SP5/0/6M/ATM,0.00250000,,0.00000000,EUR,ComFwd_WTI_QuantoEUR_5Y,2017-04-05,1.161906,5001,19985,0,0,32043,4982,4982,2048.59,2048.59
Up,false,EquityVolatility/SP5/0/6M/ATM,0.00250000,,0.00000000,EUR,ComFwd_WTI_QuantoEUR_5Y,2017-05-05,1.244098,5675,20775,0,0,31794,5652,5652,2286.62,2286.62
Up,false,EquityVolatility/SP5/0/6M/ATM,0.00250000,,0.00000000,EUR,ComFwd_WTI_QuantoEUR_5Y,2017-06-06,1.331769,6549,21530,0,0,39347,6520,6520,2565.30,2565.30
Up,false,EquityVolatility/SP5/0/6M/ATM,0.00250000,,0.00000000,EUR,ComFwd_WTI_QuantoEUR_5Y,2017-07-05,1.411221,7191,22014,0,0,40843,7157,7157,2823.83,2823.83
Up,false,EquityVolatility/SP5/0/6M/ATM,0.00250000,,0.00000000,EUR,ComFwd_WTI_QuantoEUR_5Y,2017-08-07,1.501632,7767,22800,0,0,42747,7727,7727,3119.07,3119.07
Up,false,EquityVolatility/SP5/0/6M/ATM,0.00250000,,0.00000000,EUR,ComFwd_WTI_QuantoEUR_5Y,2017-09-05,1.581084,8395,23387,0,0,45536,8350,8350,3381.94,3381.94
Up,false,EquityVolatility/SP5/0/6M/ATM,0.00250000,,0.00000000,EUR,ComFwd_WTI_QuantoEUR_5Y,2017-10-05,1.663276,9236,24068,0,0,50179,9184,9184,3668.66,3668.66
Up,false,EquityVolatility/SP5/0/6M/ATM,0.00250000,,0.00000000,EUR,ComFwd_WTI_QuantoEUR_5Y,2017-11-06,1.750947,10084,24566,0,0,55728,10024,10024,3986.87,3986.87
Up,false,EquityVolatility/SP5/0/6M/ATM,0.00250000,,0.00000000,EUR,ComFwd_WTI_QuantoEUR_5Y,2017-12-05,1.830399,10816,24818,0,0,61492,10748,10748,4280.35,4280.35
Up,false,EquityVolatility/SP5/0/6M/ATM,0.00250000,,0.00000000,EUR,ComFwd_WTI_QuantoEUR_5Y,2018-01-05,1.915330,11453,24868,0,0,60701,11377,11377,4595.02,4595.02
Up,false,EquityVolatility/SP5/0/6M/ATM,0.00250000,,0.00000000,EUR,ComFwd_WTI_QuantoEUR_5Y,2018-02-05,2.000262,12061,25839,0,0,64874,11976,11976,4908.43,4908.43
Up,false,EquityVolatility/SP5/0/6M/ATM,0.00250000,,0.00000000,EUR,ComFwd_WTI_QuantoEUR_5Y,2018-03-05,2.076974,12670,26814,0,0,67194,12579,12579,5191.73,5191.73
Up,false,EquityVolatility/SP5/0/6M/ATM,0.00250000,,0.00000000,EUR,ComFwd_WTI_QuantoEUR_5Y,2018-04-05,2.161906,13375,27370,0,0,71151,13276,13276,5509.31,5509.31
Up,false,EquityVolatility/SP5/0/6M/ATM,0.00250000,,0.00000000,EUR,ComFwd_WTI_QuantoEUR_5Y,2018-05-08,2.252317,14115,27962,0,0,73627,14007,14007,5850.44,5850.44
Up,false,EquityVolatility/SP5/0/6M/ATM,0.00250000,,0.00000000,EUR,ComFwd_WTI_QuantoEUR_5Y,2018-06-05,2.329029,15182,28619,0,0,77446,15063,15063,6153.88,6153.88
Up,false,EquityVolatility/SP5/0/6M/ATM,0.00250000,,0.00000000,EUR,ComFwd_WTI_QuantoEUR_5Y,2018-07-05,2.411221,16127,29182,0,0,77275,15998,15998,6489.45,6489.45
Up,false,EquityVolatility/SP5/0/6M/ATM,0.00250000,,0.00000000,EUR,ComFwd_WTI_QuantoEUR_5Y,2018-08-06,2.498892,16792,30222,0,0,82749,16655,16655,6846.08,6846.08
Up,false,EquityVolatility/SP5/0/6M/ATM,0.00250000,,0.00000000,EUR,ComFwd_WTI_QuantoEUR_5Y,2018-09-05,2.581084,17139,30662,0,0,87310,16996,16996,7169.28,7169.28
Up,false,EquityVolatility/SP5/0/6M/ATM,0.00250000,,0.00000000,EUR,ComFwd_WTI_QuantoEUR_5Y,2018-10-05,2.663276,18035,31179,0,0,88196,17881,17881,7499.85,7499.85
Up,false,EquityVolatility/SP5/0/6M/ATM,0.00250000,,0.00000000,EUR,ComFwd_WTI_QuantoEUR_5Y,2018-11-05,2.748207,19179,31555,0,0,94003,19011,19011,7855.59,7855.59
Up,false,EquityVolatility/SP5/0/6M/ATM,0.00250000,,0.00000000,EUR,ComFwd_WTI_QuantoEUR_5Y,2018-12-05,2.830399,20551,31792,0,0,92765,20366,20366,8218.89,8218.89
Up,false,EquityVolatility/SP5/0/6M/ATM,0.00250000,,0.00000000,EUR,ComFwd_WTI_QuantoEUR_5Y,2019-01-07,2.920810,21714,31717,0,0,99116,21514,21514,8630.42,8630.42
Up,false,EquityVolatility/SP5/0/6M/ATM,0.00250000,,0.00000000,EUR,ComFwd_WTI_QuantoEUR_5Y,2019-02-05,3.000262,22279,32477,0,0,100849,22070,22070,8986.33,8986.33
Up,false,EquityVolatility/SP5/0/6M/ATM,0.00250000,,0.00000000,EUR,ComFwd_WTI_QuantoEUR_5Y,2019-03-05,3.076974,22965,33144,0,0,105660,22747,22747,9329.41,9329.41
Up,false,EquityVolatility/SP5/0/6M/ATM,0.00250000,,0.00000000,EUR,ComFwd_WTI_QuantoEUR_5Y,2019-04-05,3.161906,23530,33814,0,0,102667,23306,23306,9704.84,9704.84
Up,false,EquityVolatility/SP5/0/6M/ATM,0.00250000,,0.00000000,EUR,ComFwd_WTI_QuantoEUR_5Y,2019-05-07,3.249577,24665,34472,0,0,122884,24428,24428,10102.07,10102.07
Up,false,EquityVolatility/SP5/0/6M/ATM,0.00250000,,0.00000000,EUR,ComFwd_WTI_QuantoEUR_5Y,2019-06-05,3.329029,25498,34931,0,0,118078,25253,25253,10463.66,10463.66
Up,false,EquityVolatility/SP5/0/6M/ATM,0.00250000,,0.00000000,EUR,ComFwd_WTI_QuantoEUR_5Y,2019-07-05,3.411221,26351,35059,0,0,137790,26096,26096,10840.30,10840.30
Up,false,EquityVolatility/SP5/0/6M/ATM,0.00250000,,0.00000000,EUR,ComFwd_WTI_QuantoEUR_5Y,2019-08-05,3.496152,27203,36219,0,0,145165,26938,26938,11231.36,11231.36
Up,false,EquityVolatility/SP5/0/6M/ATM,0.00250000,,0.00000000,EUR,ComFwd_WTI_QuantoEUR_5Y,2019-09-05,3.581084,27975,36994,0,0,136864,27701,27701,11621.97,11621.97
Up,false,EquityVolatility/SP5/0/6M/ATM,0.00250000,,0.00000000,EUR,ComFwd_WTI_QuantoEUR_5Y,2019-10-07,3.668755,29526,37944,0,0,150781,29236,29236,12042.88,12042.88
Up,false,EquityVolatility/SP5/0/6M/ATM,0.00250000,,0.00000000,EUR,ComFwd_WTI_QuantoEUR_5Y,2019-11-05,3.748207,30220,38092,0,0,149378,29921,29921,12421.84,12421.84
Up,false,EquityVolatility/SP5/0/6M/ATM,0.00250000,,0.00000000,EUR,ComFwd_WTI_QuantoEUR_5Y,2019-12-05,3.830399,31307,38044,0,0,145241,30996,30996,12820.40,12820.40
Up,false,EquityVolatility/SP5/0/6M/ATM,0.00250000,,0.00000000,EUR,ComFwd_WTI_QuantoEUR_5Y,2020-01-06,3.918033,32098,37725,0,0,155971,31777,31777,13244.40,13244.40
Up,false,EquityVolatility/SP5/0/6M/ATM,0.00250000,,0.00000000,EUR,ComFwd_WTI_QuantoEUR_5Y,2020-02-05,4.000000,32144,38244,0,0,152112,31821,31821,13625.06,13625.06
Up,false,EquityVolatility/SP5/0/6M/ATM,0.00250000,,0.00000000,EUR,ComFwd_WTI_QuantoEUR_5Y,2020-03-05,4.079235,32377,37545,0,0,157988,32053,32053,13983.01,13983.01
Up,false,EquityVolatility/SP5/0/6M/ATM,0.00250000,,0.00000000,EUR,ComFwd_WTI_QuantoEUR_5Y,2020-04-06,4.166667,33387,37409,0,0,161536,33057,33057,14383.25,14383.25
Up,false,EquityVolatility/SP5/0/6M/ATM,0.00250000,,0.00000000,EUR,ComFwd_WTI_QuantoEUR_5Y,2020-05-05,4.245902,34661,37165,0,0,162748,34321,34321,14755.33,14755.33
Up,false,EquityVolatility/SP5/0/6M/ATM,0.00250000,,0.00000000,EUR,ComFwd_WTI_QuantoEUR_5Y,2020-06-05,4.330601,35932,36454,0,0,159805,35584,35584,15162.69,15162.69
Up,false,EquityVolatility/SP5/0/6M/ATM,0.00250000,,0.00000000,EUR,ComFwd_WTI_QuantoEUR_5Y,2020-07-06,4.415301,37240,35863,0,0,168836,36884,36884,15579.37,15579.37
Up,false,EquityVolatility/SP5/0/6M/ATM,0.00250000,,0.00000000,EUR,ComFwd_WTI_QuantoEUR_5Y,2020-08-05,4.497268,37587,36211,0,0,169732,37231,37231,15973.99,15973.99
Up,false,EquityVolatility/SP5/0/6M/ATM,0.00250000,,0.00000000,EUR,ComFwd_WTI_QuantoEUR_5Y,2020-09-08,4.590164,37419,35477,0,0,157788,37068,37231,16400.89,16404.18
Up,false,EquityVolatility/SP5/0/6M/ATM,0.00250000,,0.00000000,EUR,ComFwd_WTI_QuantoEUR_5Y,2020-10-05,4.663934,37888,34995,0,0,162261,37536,37536,16735.19,16738.43
Up,false,EquityVolatility/SP5/0/6M/ATM,0.00250000,,0.00000000,EUR,ComFwd_WTI_QuantoEUR_5Y,2020-11-05,4.748634,38361,33999,0,0,170939,38009,38009,17114.64,17117.82
Up,false,EquityVolatility/SP5/0/6M/ATM,0.00250000,,0.00000000,EUR,ComFwd_WTI_QuantoEUR_5Y,2020-12-07,4.836066,39716,33087,0,0,175785,39356,39356,17516.74,17519.86
Up,false,EquityVolatility/SP5/0/6M/ATM,0.00250000,,0.00000000,EUR,ComFwd_WTI_QuantoEUR_5Y,2021-01-05,4.915330,40968,32247,0,0,169955,40601,40601,17888.99,17892.06
Up,false,EquityVolatility/SP5/0/6M/ATM,0.00250000,,0.00000000,EUR,ComFwd_WTI_QuantoEUR_5Y,2021-02-05,5.000262,0,0,0,0,0,0,40601,17585.14,18277.78
Up,false,EquityVolatility/SP5/1/5Y/ATM,0.00170700,,0.00000000,EUR,ComFwd_WTI_QuantoEUR_5Y,2016-02-05,0.000000,0,6085,0,0,0,0,0,0.00,0.00
Up,false,EquityVolatility/SP5/1/5Y/ATM,0.00170700,,0.00000000,EUR,ComFwd_WTI_QuantoEUR_5Y,2016-03-07,0.084699,36,7881,0,0,0,36,36,36.10,36.10
Up,false,EquityVolatility/SP5/1/5Y/ATM,0.00170700,,0.00000000,EUR,ComFwd_WTI_QuantoEUR_5Y,2016-04-05,0.163934,151,9226,0,0,292,151,151,91.48,91.48
Up,false,EquityVolatility/SP5/1/5Y/ATM,0.00170700,,0.00000000,EUR,ComFwd_WTI_QuantoEUR_5Y,2016-05-06,0.248634,351,10242,0,0,2508,350,350,179.65,179.65
Up,false,EquityVolatility/SP5/1/5Y/ATM,0.00170700,,0.00000000,EUR,ComFwd_WTI_QuantoEUR_5Y,2016-06-06,0.333333,702,11081,0,0,5981,701,701,312.22,312.22
Up,false,EquityVolatility/SP5/1/5Y/ATM,0.00170700,,0.00000000,EUR,ComFwd_WTI_QuantoEUR_5Y,2016-07-05,0.412568,1038,11691,0,0,7508,1037,1037,451.43,451.43
Up,false,EquityVolatility/SP5/1/5Y/ATM,0.00170700,,0.00000000,EUR,ComFwd_WTI_QuantoEUR_5Y,2016-08-05,0.497268,1183,13672,0,0,8414,1181,1181,575.72,575.72
Up,false,EquityVolatility/SP5/1/5Y/ATM,0.00170700,,0.00000000,EUR,ComFwd_WTI_QuantoEUR_5Y,2016-09-06,0.584699,1392,15157,0,0,10344,1390,1390,697.51,697.51
Up,false,EquityVolatility/SP5/1/5Y/ATM,0.00170700,,0.00000000,EUR,ComFwd_WTI_QuantoEUR_5Y,2016-10-05,0.663934,1709,16061,0,0,11879,1705,1705,817.80,817.80
Up,false,EquityVolatility/SP5/1/5Y/ATM,0.00170700,,0.00000000,EUR,ComFwd_WTI_QuantoEUR_5Y,2016-11-07,0.754098,2286,16766,0,0,15393,2280,2280,992.67,992.67
Up,false,EquityVolatility/SP5/1/5Y/ATM,0.00170700,,0.00000000,EUR,ComFwd_WTI_QuantoEUR_5Y,2016-12-05,0.830601,2836,16940,0,0,18562,2828,2828,1161.76,1161.76
Up,false,EquityVolatility/SP5/1/5Y/ATM,0.00170700,,0.00000000,EUR,ComFwd_WTI_QuantoEUR_5Y,2017-01-05,0.915330,3590,17279,0,0,22387,3579,3579,1385.54,1385.54
Up,false,EquityVolatility/SP5/1/5Y/ATM,0.00170700,,0.00000000,EUR,ComFwd_WTI_QuantoEUR_5Y,2017-02-06,1.003002,4040,18361,0,0,24086,4028,4028,1616.48,1616.48
Up,false,EquityVolatility/SP5/1/5Y/ATM,0.00170700,,0.00000000,EUR,ComFwd_WTI_QuantoEUR_5Y,2017-03-06,1.079714,4571,19241,0,0,27027,4555,4555,1825.28,1825.28
Up,false,EquityVolatility/SP5/1/5Y/ATM,0.00170700,,0.00000000,EUR,ComFwd_WTI_QuantoEUR_5Y,2017-04-05,1.161906,5001,19985,0,0,32043,4982,4982,2048.59,2048.59
Up,false,EquityVolatility/SP5/1/5Y/ATM,0.00170700,,0.00000000,EUR,ComFwd_WTI_QuantoEUR_5Y,2017-05-05,1.244098,5675,20775,0,0,31794,5652,5652,2286.62,2286.62
Up,false,EquityVolatility/SP5/1/5Y/ATM,0.00170700,,0.00000000,EUR,ComFwd_WTI_QuantoEUR_5Y,2017-06-06,1.331769,6549,21530,0,0,39347,6520,6520,2565.30,2565.30
Up,false,EquityVolatility/SP5/1/5Y/ATM,0.00170700,,0.00000000,EUR,ComFwd_WTI_QuantoEUR_5Y,2017-07-05,1.411221,7191,22014,0,0,40843,7157,7157,2823.83,2823.83
Up,false,EquityVolatility/SP5/1/5Y/ATM,0.00170700,,0.00000000,EUR,ComFwd_WTI_QuantoEUR_5Y,2017-08-07,1.501632,7767,22800,0,0,42747,7727,7727,3119.07,3119.07
Up,false,EquityVolatility/SP5/1/5Y/ATM,0.00170700,,0.00000000,EUR,ComFwd_WTI_QuantoEUR_5Y,2017-09-05,1.581084,8395,23387,0,0,45536,8350,8350,3381.94,3381.94
Up,false,EquityVolatility/SP5/1/5Y/ATM,0.00170700,,0.00000000,EUR,ComFwd_WTI_QuantoEUR_5Y,2017-10-05,1.663276,9236,24068,0,0,50179,9184,9184,3668.66,3668.66
Up,false,EquityVolatility/SP5/1/5Y/ATM,0.00170700,,0.00000000,EUR,ComFwd_WTI_QuantoEUR_5Y,2017-11-06,1.750947,10084,24566,0,0,55728,10024,10024,3986.87,3986.87
Up,false,EquityVolatility/SP5/1/5Y/ATM,0.00170700,,0.00000000,EUR,ComFwd_WTI_QuantoEUR_5Y,2017-12-05,1.830399,10816,24818,0,0,61492,10748,10748,4280.35,4280.35
Up,false,EquityVolatility/SP5/1/5Y/ATM,0.00170700,,0.00000000,EUR,ComFwd_WTI_QuantoEUR_5Y,2018-01-05,1.915330,11453,24868,0,0,60701,11377,11377,4595.02,4595.02
Up,false,EquityVolatility/SP5/1/5Y/ATM,0.00170700,,0.00000000,EUR,ComFwd_WTI_QuantoEUR_5Y,2018-02-05,2.000262,12061,25839,0,0,64874,11976,11976,4908.43,4908.43
Up,false,EquityVolatility/SP5/1/5Y/ATM,0.00170700,,0.00000000,EUR,ComFwd_WTI_QuantoEUR_5Y,2018-03-05,2.076974,12670,26814,0,0,67194,12579,12579,5191.73,5191.73
Up,false,EquityVolatility/SP5/1/5Y/ATM,0.00170700,,0.00000000,EUR,ComFwd_WTI_QuantoEUR_5Y,2018-04-05,2.161906,13375,27370,0,0,71151,13276,13276,5509.31,5509.31
Up,false,EquityVolatility/SP5/1/5Y/ATM,0.00170700,,0.00000000,EUR,ComFwd_WTI_QuantoEUR_5Y,2018-05-08,2.252317,14115,27962,0,0,73627,14007,14007,5850.44,5850.44
Up,false,EquityVolatility/SP5/1/5Y/ATM,0.00170700,,0.00000000,EUR,ComFwd_WTI_QuantoEUR_5Y,2018-06-05,2.329029,15182,28619,0,0,77446,15063,15063,6153.88,6153.88
Up,false,EquityVolatility/SP5/1/5Y/ATM,0.00170700,,0.00000000,EUR,ComFwd_WTI_QuantoEUR_5Y,2018-07-05,2.411221,16127,29182,0,0,77275,15998,15998,6489.45,6489.45
Up,false,EquityVolatility/SP5/1/5Y/ATM,0.00170700,,0.00000000,EUR,ComFwd_WTI_QuantoEUR_5Y,2018-08-06,2.498892,16792,30222,0,0,82749,16655,16655,6846.08,6846.08
Up,false,EquityVolatility/SP5/1/5Y/ATM,0.00170700,,0.00000000,EUR,ComFwd_WTI_QuantoEUR_5Y,2018-09-05,2.581084,17139,30662,0,0,87310,16996,16996,7169.28,7169.28
Up,false,EquityVolatility/SP5/1/5Y/ATM,0.00170700,,0.00000000,EUR,ComFwd_WTI_QuantoEUR_5Y,2018-10-05,2.663276,18035,31179,0,0,88196,17881,17881,7499.85,7499.85
Up,false,EquityVolatility/SP5/1/5Y/ATM,0.00170700,,0.00000000,EUR,ComFwd_WTI_QuantoEUR_5Y,2018-11-05,2.748207,19179,31555,0,0,94003,19011,19011,7855.59,7855.59
Up,false,EquityVolatility/SP5/1/5Y/ATM,0.00170700,,0.00000000,EUR,ComFwd_WTI_QuantoEUR_5Y,2018-12-05,2.830399,20551,31792,0,0,92765,20366,20366,8218.89,8218.89
Up,false,EquityVolatility/SP5/1/5Y/ATM,0.00170700,,0.00000000,EUR,ComFwd_WTI_QuantoEUR_5Y,2019-01-07,2.920810,21714,31717,0,0,99116,21514,21514,8630.42,8630.42
Up,false,EquityVolatility/SP5/1/5Y/ATM,0.00170700,,0.00000000,EUR,ComFwd_WTI_QuantoEUR_5Y,2019-02-05,3.000262,22279,32477,0,0,100849,22070,22070,8986.33,8986.33
Up,false,EquityVolatility/SP5/1/5Y/ATM,0.00170700,,0.00000000,EUR,ComFwd_WTI_QuantoEUR_5Y,2019-03-05,3.076974,22965,33144,0,0,105660,22747,22747,9329.41,9329.41
Up,false,EquityVolatility/SP5/1/5Y/ATM,0.00170700,,0.00000000,EUR,ComFwd_WTI_QuantoEUR_5Y,2019-04-05,3.161906,23530,33814,0,0,102667,23306,23306,9704.84,9704.84
Up,false,EquityVolatility/SP5/1/5Y/ATM,0.00170700,,0.00000000,EUR,ComFwd_WTI_QuantoEUR_5Y,2019-05-07,3.249577,24665,34472,0,0,122884,24428,24428,10102.07,10102.07
Up,false,EquityVolatility/SP5/1/5Y/ATM,0.00170700,,0.00000000,EUR,ComFwd_WTI_QuantoEUR_5Y,2019-06-05,3.329029,25498,34931,0,0,118078,25253,25253,10463.66,10463.66
Up,false,EquityVolatility/SP5/1/5Y/ATM,0.00170700,,0.00000000,EUR,ComFwd_WTI_QuantoEUR_5Y,2019-07-05,3.411221,26351,35059,0,0,137790,26096,26096,10840.30,10840.30
Up,false,EquityVolatility/SP5/1/5Y/ATM,0.00170700,,0.00000000,EUR,ComFwd_WTI_QuantoEUR_5Y,2019-08-05,3.496152,27203,36219,0,0,145165,26938,26938,11231.36,11231.36
Up,false,EquityVolatility/SP5/1/5Y/ATM,0.00170700,,0.00000000,EUR,ComFwd_WTI_QuantoEUR_5Y,2019-09-05,3.581084,27975,36994,0,0,136864,27701,27701,11621.97,11621.97
Up,false,EquityVolatility/SP5/1/5Y/ATM,0.00170700,,0.00000000,EUR,ComFwd_WTI_QuantoEUR_5Y,2019-10-07,3.668755,29526,37944,0,0,150781,29236,29236,12042.88,12042.88
Up,false,EquityVolatility/SP5/1/5Y/ATM,0.00170700,,0.00000000,EUR,ComFwd_WTI_QuantoEUR_5Y,2019-11-05,3.748207,30220,38092,0,0,149378,29921,29921,12421.84,12421.84
Up,false,EquityVolatility/SP5/1/5Y/ATM,0.00170700,,0.00000000,EUR,ComFwd_WTI_QuantoEUR_5Y,2019-12-05,3.830399,31307,38044,0,0,145241,30996,30996,12820.40,12820.40
Up,false,EquityVolatility/SP5/1/5Y/ATM,0.00170700,,0.00000000,EUR,ComFwd_WTI_QuantoEUR_5Y,2020-01-06,3.918033,32098,37725,0,0,155971,31777,31777,13244.40,13244.40
Up,false,EquityVolatility/SP5/1/5Y/ATM,0.00170700,,0.00000000,EUR,ComFwd_WTI_QuantoEUR_5Y,2020-02-05,4.000000,32144,38244,0,0,152112,31821,31821,13625.06,13625.06
Up,false,EquityVolatility/SP5/1/5Y/ATM,0.00170700,,0.00000000,EUR,ComFwd_WTI_QuantoEUR_5Y,2020-03-05,4.079235,32377,37545,0,0,157988,32053,32053,13983.01,13983.01
Up,false,EquityVolatility/SP5/1/5Y/ATM,0.00170700,,0.00000000,EUR,ComFwd_WTI_QuantoEUR_5Y,2020-04-06,4.166667,33387,37409,0,0,161536,33057,33057,14383.25,14383.25
Up,false,EquityVolatility/SP5/1/5Y/ATM,0.00170700,,0.00000000,EUR,ComFwd_WTI_QuantoEUR_5Y,2020-05-05,4.245902,34661,37165,0,0,162748,34321,34321,14755.33,14755.33
Up,false,EquityVolatility/SP5/1/5Y/ATM,0.00170700,,0.00000000,EUR,ComFwd_WTI_QuantoEUR_5Y,2020-06-05,4.330601,35932,36454,0,0,159805,35584,35584,15162.69,15162.69
Up,false,EquityVolatility/SP5/1/5Y/ATM,0.00170700,,0.00000000,EUR,ComFwd_WTI_QuantoEUR_5Y,2020-07-06,4.415301,37240,35863,0,0,168836,36884,36884,15579.37,15579.37
Up,false,EquityVolatility/SP5/1/5Y/ATM,0.00170700,,0.00000000,EUR,ComFwd_WTI_QuantoEUR_5Y,2020-08-05,4.497268,37587,36211,0,0,169732,37231,37231,15973.99,15973.99
Up,false,EquityVolatility/SP5/1/5Y/ATM,0.00170700,,0.00000000,EUR,ComFwd_WTI_QuantoEUR_5Y,2020-09-08,4.590164,37419,35477,0,0,157788,37068,37231,16400.89,16404.18
Up,false,EquityVolatility/SP5/1/5Y/ATM,0.00170700,,0.00000000,EUR,ComFwd_WTI_QuantoEUR_5Y,2020-10-05,4.663934,37888,34995,0,0,162261,37536,37536,16735.19,16738.43
Up,false,EquityVolatility/SP5/1/5Y/ATM,0.00170700,,0.00000000,EUR,ComFwd_WTI_QuantoEUR_5Y,2020-11-05,4.748634,38361,33999,0,0,170939,38009,38009,17114.64,17117.82
Up,false,EquityVolatility/SP5/1/5Y/ATM,0.00170700,,0.00000000,EUR,ComFwd_WTI_QuantoEUR_5Y,2020-12-07,4.836066,39716,33087,0,0,175785,39356,39356,17516.74,17519.86
Up,false,EquityVolatility/SP5/1/5Y/ATM,0.00170700,,0.00000000,EUR,ComFwd_WTI_QuantoEUR_5Y,2021-01-05,4.915330,40968,32247,0,0,169955,40601,40601,17888.99,17892.06
Up,false,EquityVolatility/SP5/1/5Y/ATM,0.00170700,,0.00000000,EUR,ComFwd_WTI_QuantoEUR_5Y,2021-02-05,5.000262,0,0,0,0,0,0,40601,17585.14,18277.78
Up,false,EquityVolatility/SP5/2/10Y/ATM,0.00198100,,0.00000000,EUR,ComFwd_WTI_QuantoEUR_5Y,2016-02-05,0.000000,0,6085,0,0,0,0,0,0.00,0.00
Up,false,EquityVolatility/SP5/2/10Y/ATM,0.00198100,,0.00000000,EUR,ComFwd_WTI_QuantoEUR_5Y,2016-03-07,0.084699,36,7881,0,0,0,36,36,36.10,36.10
Up,false,EquityVolatility/SP5/2/10Y/ATM,0.00198100,,0.00000000,EUR,ComFwd_WTI_QuantoEUR_5Y,2016-04-05,0.163934,151,9226,0,0,292,151,151,91.48,91.48
Up,false,EquityVolatility/SP5/2/10Y/ATM,0.00198100,,0.00000000,EUR,ComFwd_WTI_QuantoEUR_5Y,2016-05-06,0.248634,351,10242,0,0,2508,350,350,179.65,179.65
Up,false,EquityVolatility/SP5/2/10Y/ATM,0.00198100,,0.00000000,EUR,ComFwd_WTI_QuantoEUR_5Y,2016-06-06,0.333333,702,11081,0,0,5981,701,701,312.22,312.22
Up,false,EquityVolatility/SP5/2/10Y/ATM,0.00198100,,0.00000000,EUR,ComFwd_WTI_QuantoEUR_5Y,2016-07-05,0.412568,1038,11691,0,0,7508,1037,1037,451.43,451.43
Up,false,EquityVolatility/SP5/2/10Y/ATM,0.00198100,,0.00000000,EUR,ComFwd_WTI_QuantoEUR_5Y,2016-08-05,0.497268,1183,13672,0,0,8414,1181,1181,575.72,575.72
Up,false,EquityVolatility/SP5/2/10Y/ATM,0.00198100,,0.00000000,EUR,ComFwd_WTI_QuantoEUR_5Y,2016-09-06,0.584699,1392,15157,0,0,10344,1390,1390,697.51,697.51
Up,false,EquityVolatility/SP5/2/10Y/ATM,0.00198100,,0.00000000,EUR,ComFwd_WTI_QuantoEUR_5Y,2016-10-05,0.663934,1709,16061,0,0,11879,1705,1705,817.80,817.80
Up,false,EquityVolatility/SP5/2/10Y/ATM,0.00198100,,0.00000000,EUR,ComFwd_WTI_QuantoEUR_5Y,2016-11-07,0.754098,2286,16766,0,0,15393,2280,2280,992.67,992.67
Up,false,EquityVolatility/SP5/2/10Y/ATM,0.00198100,,0.00000000,EUR,ComFwd_WTI_QuantoEUR_5Y,2016-12-05,0.830601,2836,16940,0,0,18562,2828,2828,1161.76,1161.76
Up,false,EquityVolatility/SP5/2/10Y/ATM,0.00198100,,0.00000000,EUR,ComFwd_WTI_QuantoEUR_5Y,2017-01-05,0.915330,3590,17279,0,0,22387,3579,3579,1385.54,1385.54
Up,false,EquityVolatility/SP5/2/10Y/ATM,0.00198100,,0.00000000,EUR,ComFwd_WTI_QuantoEUR_5Y,2017-02-06,1.003002,4040,18361,0,0,24086,4028,4028,1616.48,1616.48
Up,false,EquityVolatility/SP5/2/10Y/ATM,0.00198100,,0.00000000,EUR,ComFwd_WTI_QuantoEUR_5Y,2017-03-06,1.079714,4571,19241,0,0,27027,4555,4555,1825.28,1825.28
Up,false,EquityVolatility/SP5/2/10Y/ATM,0.00198100,,0.00000000,EUR,ComFwd_WTI_QuantoEUR_5Y,2017-04-05,1.161906,5001,19985,0,0,32043,4982,4982,2048.59,2048.59
Up,false,EquityVolatility/SP5/2/10Y/ATM,0.00198100,,0.00000000,EUR,ComFwd_WTI_QuantoEUR_5Y,2017-05-05,1.244098,5675,20775,0,0,31794,5652,5652,2286.62,2286.62
Up,false,EquityVolatility/SP5/2/10Y/ATM,0.00198100,,0.00000000,EUR,ComFwd_WTI_QuantoEUR_5Y,2017-06-06,1.331769,6549,21530,0,0,39347,6520,6520,2565.30,2565.30
Up,false,EquityVolatility/SP5/2/10Y/ATM,0.00198100,,0.00000000,EUR,ComFwd_WTI_QuantoEUR_5Y,2017-07-05,1.411221,7191,22014,0,0,40843,7157,7157,2823.83,2823.83
Up,false,EquityVolatility/SP5/2/10Y/ATM,0.00198100,,0.00000000,EUR,ComFwd_WTI_QuantoEUR_5Y,2017-08-07,1.501632,7767,22800,0,0,42747,7727,7727,3119.07,3119.07
Up,false,EquityVolatility/SP5/2/10Y/ATM,0.00198100,,0.00000000,EUR,ComFwd_WTI_QuantoEUR_5Y,2017-09-05,1.581084,8395,23387,0,0,45536,8350,8350,3381.94,3381.94
Up,false,EquityVolatility/SP5/2/10Y/ATM,0.00198100,,0.00000000,EUR,ComFwd_WTI_QuantoEUR_5Y,2017-10-05,1.663276,9236,24068,0,0,50179,9184,9184,3668.66,3668.66
Up,false,EquityVolatility/SP5/2/10Y/ATM,0.00198100,,0.00000000,EUR,ComFwd_WTI_QuantoEUR_5Y,2017-11-06,1.750947,10084,24566,0,0,55728,10024,10024,3986.87,3986.87
Up,false,EquityVolatility/SP5/2/10Y/ATM,0.00198100,,0.00000000,EUR,ComFwd_WTI_QuantoEUR_5Y,2017-12-05,1.830399,10816,24818,0,0,61492,10748,10748,4280.35,4280.35
Up,false,EquityVolatility/SP5/2/10Y/ATM,0.00198100,,0.00000000,EUR,ComFwd_WTI_QuantoEUR_5Y,2018-01-05,1.915330,11453,24868,0,0,60701,11377,11377,4595.02,4595.02
Up,false,EquityVolatility/SP5/2/10Y/ATM,0.00198100,,0.00000000,EUR,ComFwd_WTI_QuantoEUR_5Y,2018-02-05,2.000262,12061,25839,0,0,64874,11976,11976,4908.43,4908.43
Up,false,EquityVolatility/SP5/2/10Y/ATM,0.00198100,,0.00000000,EUR,ComFwd_WTI_QuantoEUR_5Y,2018-03-05,2.076974,12670,26814,0,0,67194,12579,12579,5191.73,5191.73
Up,false,EquityVolatility/SP5/2/10Y/ATM,0.00198100,,0.00000000,EUR,ComFwd_WTI_QuantoEUR_5Y,2018-04-05,2.161906,13375,27370,0,0,71151,13276,13276,5509.31,5509.31
Up,false,EquityVolatility/SP5/2/10Y/ATM,0.00198100,,0.00000000,EUR,ComFwd_WTI_QuantoEUR_5Y,2018-05-08,2.252317,14115,27962,0,0,73627,14007,14007,5850.44,5850.44
Up,false,EquityVolatility/SP5/2/10Y/ATM,0.00198100,,0.00000000,EUR,ComFwd_WTI_QuantoEUR_5Y,2018-06-05,2.329029,15182,28619,0,0,77446,15063,15063,6153.88,6153.88
Up,false,EquityVolatility/SP5/2/10Y/ATM,0.00198100,,0.00000000,EUR,ComFwd_WTI_QuantoEUR_5Y,2018-07-05,2.411221,16127,29182,0,0,77275,15998,15998,6489.45,6489.45
Up,false,EquityVolatility/SP5/2/10Y/ATM,0.00198100,,0.00000000,EUR,ComFwd_WTI_QuantoEUR_5Y,2018-08-06,2.498892,16792,30222,0,0,82749,16655,16655,6846.08,6846.08
Up,false,EquityVolatility/SP5/2/10Y/ATM,0.00198100,,0.00000000,EUR,ComFwd_WTI_QuantoEUR_5Y,2018-09-05,2.581084,17139,30662,0,0,87310,16996,16996,7169.28,7169.28
Up,false,EquityVolatility/SP5/2/10Y/ATM,0.00198100,,0.00000000,EUR,ComFwd_WTI_QuantoEUR_5Y,2018-10-05,2.663276,18035,31179,0,0,88196,17881,17881,7499.85,7499.85
Up,false,EquityVolatility/SP5/2/10Y/ATM,0.00198100,,0.00000000,EUR,ComFwd_WTI_QuantoEUR_5Y,2018-11-05,2.748207,19179,31555,0,0,94003,19011,19011,7855.59,7855.59
Up,false,EquityVolatility/SP5/2/10Y/ATM,0.00198100,,0.00000000,EUR,ComFwd_WTI_QuantoEUR_5Y,2018-12-05,2.830399,20551,31792,0,0,92765,20366,20366,8218.89,8218.89
Up,false,EquityVolatility/SP5/2/10Y/ATM,0.00198100,,0.00000000,EUR,ComFwd_WTI_QuantoEUR_5Y,2019-01-07,2.920810,21714,31717,0,0,99116,21514,21514,8630.42,8630.42
Up,false,EquityVolatility/SP5/2/10Y/ATM,0.00198100,,0.00000000,EUR,ComFwd_WTI_QuantoEUR_5Y,2019-02-05,3.000262,22279,32477,0,0,100849,22070,22070,8986.33,8986.33
Up,false,EquityVolatility/SP5/2/10Y/ATM,0.00198100,,0.00000000,EUR,ComFwd_WTI_QuantoEUR_5Y,2019-03-05,3.076974,22965,33144,0,0,105660,22747,22747,9329.41,9329.41
Up,false,EquityVolatility/SP5/2/10Y/ATM,0.00198100,,0.00000000,EUR,ComFwd_WTI_QuantoEUR_5Y,2019-04-05,3.161906,23530,33814,0,0,102667,23306,23306,9704.84,9704.84
Up,false,EquityVolatility/SP5/2/10Y/ATM,0.00198100,,0.00000000,EUR,ComFwd_WTI_QuantoEUR_5Y,2019-05-07,3.249577,24665,34472,0,0,122884,24428,24428,10102.07,10102.07
Up,false,EquityVolatility/SP5/2/10Y/ATM,0.00198100,,0.00000000,EUR,ComFwd_WTI_QuantoEUR_5Y,2019-06-05,3.329029,25498,34931,0,0,118078,25253,25253,10463.66,10463.66
Up,false,EquityVolatility/SP5/2/10Y/ATM,0.00198100,,0.00000000,EUR,ComFwd_WTI_QuantoEUR_5Y,2019-07-05,3.411221,26351,35059,0,0,137790,26096,26096,10840.30,10840.30
Up,false,EquityVolatility/SP5/2/10Y/ATM,0.00198100,,0.00000000,EUR,ComFwd_WTI_QuantoEUR_5Y,2019-08-05,3.496152,27203,36219,0,0,145165,26938,26938,11231.36,11231.36
Up,false,EquityVolatility/SP5/2/10Y/ATM,0.00198100,,0.00000000,EUR,ComFwd_WTI_QuantoEUR_5Y,2019-09-05,3.581084,27975,36994,0,0,136864,27701,27701,11621.97,11621.97
Up,false,EquityVolatility/SP5/2/10Y/ATM,0.00198100,,0.00000000,EUR,ComFwd_WTI_QuantoEUR_5Y,2019-10-07,3.668755,29526,37944,0,0,150781,29236,29236,12042.88,12042.88
Up,false,EquityVolatility/SP5/2/10Y/ATM,0.00198100,,0.00000000,EUR,ComFwd_WTI_QuantoEUR_5Y,2019-11-05,3.748207,30220,38092,0,0,149378,29921,29921,12421.84,12421.84
Up,false,EquityVolatility/SP5/2/10Y/ATM,0.00198100,,0.00000000,EUR,ComFwd_WTI_QuantoEUR_5Y,2019-12-05,3.830399,31307,38044,0,0,145241,30996,30996,12820.40,12820.40
Up,false,EquityVolatility/SP5/2/10Y/ATM,0.00198100,,0.00000000,EUR,ComFwd_WTI_QuantoEUR_5Y,2020-01-06,3.918033,32098,37725,0,0,155971,31777,31777,13244.40,13244.40
Up,false,EquityVolatility/SP5/2/10Y/ATM,0.00198100,,0.00000000,EUR,ComFwd_WTI_QuantoEUR_5Y,2020-02-05,4.000000,32144,38244,0,0,152112,31821,31821,13625.06,13625.06
Up,false,EquityVolatility/SP5/2/10Y/ATM,0.00198100,,0.00000000,EUR,ComFwd_WTI_QuantoEUR_5Y,2020-03-05,4.079235,32377,37545,0,0,157988,32053,32053,13983.01,13983.01
Up,false,EquityVolatility/SP5/2/10Y/ATM,0.00198100,,0.00000000,EUR,ComFwd_WTI_QuantoEUR_5Y,2020-04-06,4.166667,33387,37409,0,0,161536,33057,33057,14383.25,14383.25
Up,false,EquityVolatility/SP5/2/10Y/ATM,0.00198100,,0.00000000,EUR,ComFwd_WTI_QuantoEUR_5Y,2020-05-05,4.245902,34661,37165,0,0,162748,34321,34321,14755.33,14755.33
Up,false,EquityVolatility/SP5/2/10Y/ATM,0.00198100,,0.00000000,EUR,ComFwd_WTI_QuantoEUR_5Y,2020-06-05,4.330601,35932,36454,0,0,159805,35584,35584,15162.69,15162.69
Up,false,EquityVolatility/SP5/2/10Y/ATM,0.00198100,,0.00000000,EUR,ComFwd_WTI_QuantoEUR_5Y,2020-07-06,4.415301,37240,35863,0,0,168836,36884,36884,15579.37,15579.37
Up,false,EquityVolatility/SP5/2/10Y/ATM,0.00198100,,0.00000000,EUR,ComFwd_WTI_QuantoEUR_5Y,2020-08-05,4.497268,37587,36211,0,0,169732,37231,37231,15973.99,15973.99
Up,false,EquityVolatility/SP5/2/10Y/ATM,0.00198100,,0.00000000,EUR,ComFwd_WTI_QuantoEUR_5Y,2020-09-08,4.590164,37419,35477,0,0,157788,37068,37231,16400.89,16404.18
Up,false,EquityVolatility/SP5/2/10Y/ATM,0.00198100,,0.00000000,EUR,ComFwd_WTI_QuantoEUR_5Y,2020-10-05,4.663934,37888,34995,0,0,162261,37536,37536,16735.19,16738.43
Up,false,EquityVolatility/SP5/2/10Y/ATM,0.00198100,,0.00000000,EUR,ComFwd_WTI_QuantoEUR_5Y,2020-11-05,4.748634,38361,33999,0,0,170939,38009,38009,17114.64,17117.82
Up,false,EquityVolatility/SP5/2/10Y/ATM,0.00198100,,0.00000000,EUR,ComFwd_WTI_QuantoEUR_5Y,2020-12-07,4.836066,39716,33087,0,0,175785,39356,39356,17516.74,17519.86
Up,false,EquityVolatility/SP5/2/10Y/ATM,0.00198100,,0.00000000,EUR,ComFwd_WTI_QuantoEUR_5Y,2021-01-05,4.915330,40968,32247,0,0,169955,40601,40601,17888.99,17892.06
Up,false,EquityVolatility/SP5/2/10Y/ATM,0.00198100,,0.00000000,EUR,ComFwd_WTI_QuantoEUR_5Y,2021-02-05,5.000262,0,0,0,0,0,0,40601,17585.14,18277.78
Up,false,SurvivalProbability/CPTY_A/0/1Y,0.00000000,,0.00000000,EUR,ComFwd_WTI_QuantoEUR_5Y,2016-02-05,0.000000,0,6085,0,0,0,0,0,0.00,0.00
Up,false,SurvivalProbability/CPTY_A/0/1Y,0.00000000,,0.00000000,EUR,ComFwd_WTI_QuantoEUR_5Y,2016-03-07,0.084699,36,7881,0,0,0,36,36,36.10,36.10
Up,false,SurvivalProbability/CPTY_A/0/1Y,0.00000000,,0.00000000,EUR,ComFwd_WTI_QuantoEUR_5Y,2016-04-05,0.163934,151,9226,0,0,292,151,151,91.48,91.48
Up,false,SurvivalProbability/CPTY_A/0/1Y,0.00000000,,0.00000000,EUR,ComFwd_WTI_QuantoEUR_5Y,2016-05-06,0.248634,351,10242,0,0,2508,350,350,179.65,179.65
Up,false,SurvivalProbability/CPTY_A/0/1Y,0.00000000,,0.00000000,EUR,ComFwd_WTI_QuantoEUR_5Y,2016-06-06,0.333333,702,11081,0,0,5981,701,701,312.22,312.22
Up,false,SurvivalProbability/CPTY_A/0/1Y,0.00000000,,0.00000000,EUR,ComFwd_WTI_QuantoEUR_5Y,2016-07-05,0.412568,1038,11691,0,0,7508,1037,1037,451.43,451.43
Up,false,SurvivalProbability/CPTY_A/0/1Y,0.00000000,,0.00000000,EUR,ComFwd_WTI_QuantoEUR_5Y,2016-08-05,0.497268,1183,13672,0,0,8414,1181,1181,575.72,575.72
Up,false,SurvivalProbability/CPTY_A/0/1Y,0.00000000,,0.00000000,EUR,ComFwd_WTI_QuantoEUR_5Y,2016-09-06,0.584699,1392,15157,0,0,10344,1390,1390,697.51,697.51
Up,false,SurvivalProbability/CPTY_A/0/1Y,0.00000000,,0.00000000,EUR,ComFwd_WTI_QuantoEUR_5Y,2016-10-05,0.663934,1709,16061,0,0,11879,1705,1705,817.80,817.80
Up,false,SurvivalProbability/CPTY_A/0/1Y,0.00000000,,0.00000000,EUR,ComFwd_WTI_QuantoEUR_5Y,2016-11-07,0.754098,2286,16766,0,0,15393,2280,2280,992.67,992.67
Up,false,SurvivalProbability/CPTY_A/0/1Y,0.00000000,,0.00000000,EUR,ComFwd_WTI_QuantoEUR_5Y,2016-12-05,0.830601,2836,16940,0,0,18562,2828,2828,1161.76,1161.76
Up,false,SurvivalProbability/CPTY_A/0/1Y,0.00000000,,0.00000000,EUR,ComFwd_WTI_QuantoEUR_5Y,2017-01-05,0.915330,3590,17279,0,0,22387,3579,3579,1385.54,1385.54
Up,false,SurvivalProbability/CPTY_A/0/1Y,0.00000000,,0.00000000,EUR,ComFwd_WTI_QuantoEUR_5Y,2017-02-06,1.003002,4040,18361,0,0,24086,4028,4028,1616.48,1616.48
Up,false,SurvivalProbability/CPTY_A/0/1Y,0.00000000,,0.00000000,EUR,ComFwd_WTI_QuantoEUR_5Y,2017-03-06,1.079714,4571,19241,0,0,27027,4555,4555,1825.28,1825.28
Up,false,SurvivalProbability/CPTY_A/0/1Y,0.00000000,,0.00000000,EUR,ComFwd_WTI_QuantoEUR_5Y,2017-04-05,1.161906,5001,19985,0,0,32043,4982,4982,2048.59,2048.59
Up,false,SurvivalProbability/CPTY_A/0/1Y,0.00000000,,0.00000000,EUR,ComFwd_WTI_QuantoEUR_5Y,2017-05-05,1.244098,5675,20775,0,0,31794,5652,5652,2286.62,2286.62
Up,false,SurvivalProbability/CPTY_A/0/1Y,0.00000000,,0.00000000,EUR,ComFwd_WTI_QuantoEUR_5Y,2017-06-06,1.331769,6549,21530,0,0,39347,6520,6520,2565.30,2565.30
Up,false,SurvivalProbability/CPTY_A/0/1Y,0.00000000,,0.00000000,EUR,ComFwd_WTI_QuantoEUR_5Y,2017-07-05,1.411221,7191,22014,0,0,40843,7157,7157,2823.83,2823.83
Up,false,SurvivalProbability/CPTY_A/0/1Y,0.00000000,,0.00000000,EUR,ComFwd_WTI_QuantoEUR_5Y,2017-08-07,1.501632,7767,22800,0,0,42747,7727,7727,3119.07,3119.07
Up,false,SurvivalProbability/CPTY_A/0/1Y,0.00000000,,0.00000000,EUR,ComFwd_WTI_QuantoEUR_5Y,2017-09-05,1.581084,8395,23387,0,0,45536,8350,8350,3381.94,3381.94
Up,false,SurvivalProbability/CPTY_A/0/1Y,0.00000000,,0.00000000,EUR,ComFwd_WTI_QuantoEUR_5Y,2017-10-05,1.663276,9236,24068,0,0,50179,9184,9184,3668.66,3668.66
Up,false,SurvivalProbability/CPTY_A/0/1Y,0.00000000,,0.00000000,EUR,ComFwd_WTI_QuantoEUR_5Y,2017-11-06,1.750947,10084,24566,0,0,55728,10024,10024,3986.87,3986.87
Up,false,SurvivalProbability/CPTY_A/0/1Y,0.00000000,,0.00000000,EUR,ComFwd_WTI_QuantoEUR_5Y,2017-12-05,1.830399,10816,24818,0,0,61492,10748,10748,4280.35,4280.35
Up,false,SurvivalProbability/CPTY_A/0/1Y,0.00000000,,0.00000000,EUR,ComFwd_WTI_QuantoEUR_5Y,2018-01-05,1.915330,11453,24868,0,0,60701,11377,11377,4595.02,4595.02
Up,false,SurvivalProbability/CPTY_A/0/1Y,0.00000000,,0.00000000,EUR,ComFwd_WTI_QuantoEUR_5Y,2018-02-05,2.000262,12061,25839,0,0,64874,11976,11976,4908.43,4908.43
Up,false,SurvivalProbability/CPTY_A/0/1Y,0.00000000,,0.00000000,EUR,ComFwd_WTI_QuantoEUR_5Y,2018-03-05,2.076974,12670,26814,0,0,67194,12579,12579,5191.73,5191.73
Up,false,SurvivalProbability/CPTY_A/0/1Y,0.00000000,,0.00000000,EUR,ComFwd_WTI_QuantoEUR_5Y,2018-04-05,2.161906,13375,27370,0,0,71151,13276,13276,5509.31,5509.31
Up,false,SurvivalProbability/CPTY_A/0/1Y,0.00000000,,0.00000000,EUR,ComFwd_WTI_QuantoEUR_5Y,2018-05-08,2.252317,14115,27962,0,0,73627,14007,14007,5850.44,5850.44
Up,false,SurvivalProbability/CPTY_A/0/1Y,0.00000000,,0.00000000,EUR,ComFwd_WTI_QuantoEUR_5Y,2018-06-05,2.329029,15182,28619,0,0,77446,15063,15063,6153.88,6153.88
Up,false,SurvivalProbability/CPTY_A/0/1Y,0.00000000,,0.00000000,EUR,ComFwd_WTI_QuantoEUR_5Y,2018-07-05,2.411221,16127,29182,0,0,77275,15998,15998,6489.45,6489.45
Up,false,SurvivalProbability/CPTY_A/0/1Y,0.00000000,,0.00000000,EUR,ComFwd_WTI_QuantoEUR_5Y,2018-08-06,2.498892,16792,30222,0,0,82749,16655,16655,6846.08,6846.08
Up,false,SurvivalProbability/CPTY_A/0/1Y,0.00000000,,0.00000000,EUR,ComFwd_WTI_QuantoEUR_5Y,2018-09-05,2.581084,17139,30662,0,0,87310,16996,16996,7169.28,7169.28
Up,false,SurvivalProbability/CPTY_A/0/1Y,0.00000000,,0.00000000,EUR,ComFwd_WTI_QuantoEUR_5Y,2018-10-05,2.663276,18035,31179,0,0,88196,17881,17881,7499.85,7499.85
Up,false,SurvivalProbability/CPTY_A/0/1Y,0.00000000,,0.00000000,EUR,ComFwd_WTI_QuantoEUR_5Y,2018-11-05,2.748207,19179,31555,0,0,94003,19011,19011,7855.59,7855.59
Up,false,SurvivalProbability/CPTY_A/0/1Y,0.00000000,,0.00000000,EUR,ComFwd_WTI_QuantoEUR_5Y,2018-12-05,2.830399,20551,31792,0,0,92765,20366,20366,8218.89,8218.89
Up,false,SurvivalProbability/CPTY_A/0/1Y,0.00000000,,0.00000000,EUR,ComFwd_WTI_QuantoEUR_5Y,2019-01-07,2.920810,21714,31717,0,0,99116,21514,21514,8630.42,8630.42
Up,false,SurvivalProbability/CPTY_A/0/1Y,0.00000000,,0.00000000,EUR,ComFwd_WTI_QuantoEUR_5Y,2019-02-05,3.000262,22279,32477,0,0,100849,22070,22070,8986.33,8986.33
Up,false,SurvivalProbability/CPTY_A/0/1Y,0.00000000,,0.00000000,EUR,ComFwd_WTI_QuantoEUR_5Y,2019-03-05,3.076974,22965,33144,0,0,105660,22747,22747,9329.41,9329.41
Up,false,SurvivalProbability/CPTY_A/0/1Y,0.00000000,,0.00000000,EUR,ComFwd_WTI_QuantoEUR_5Y,2019-04-05,3.161906,23530,33814,0,0,102667,23306,23306,9704.84,9704.84
Up,false,SurvivalProbability/CPTY_A/0/1Y,0.00000000,,0.00000000,EUR,ComFwd_WTI_QuantoEUR_5Y,2019-05-07,3.249577,24665,34472,0,0,122884,24428,24428,10102.07,10102.07
Up,false,SurvivalProbability/CPTY_A/0/1Y,0.00000000,,0.00000000,EUR,ComFwd_WTI_QuantoEUR_5Y,2019-06-05,3.329029,25498,34931,0,0,118078,25253,25253,10463.66,10463.66
Up,false,SurvivalProbability/CPTY_A/0/1Y,0.00000000,,0.00000000,EUR,ComFwd_WTI_QuantoEUR_5Y,2019-07-05,3.411221,26351,35059,0,0,137790,26096,26096,10840.30,10840.30
Up,false,SurvivalProbability/CPTY_A/0/1Y,0.00000000,,0.00000000,EUR,ComFwd_WTI_QuantoEUR_5Y,2019-08-05,3.496152,27203,36219,0,0,145165,26938,26938,11231.36,11231.36
Up,false,SurvivalProbability/CPTY_A/0/1Y,0.00000000,,0.00000000,EUR,ComFwd_WTI_QuantoEUR_5Y,2019-09-05,3.581084,27975,36994,0,0,136864,27701,27701,11621.97,11621.97
Up,false,SurvivalProbability/CPTY_A/0/1Y,0.00000000,,0.00000000,EUR,ComFwd_WTI_QuantoEUR_5Y,2019-10-07,3.668755,29526,37944,0,0,150781,29236,29236,12042.88,12042.88
Up,false,SurvivalProbability/CPTY_A/0/1Y,0.00000000,,0.00000000,EUR,ComFwd_WTI_QuantoEUR_5Y,2019-11-05,3.748207,30220,38092,0,0,149378,29921,29921,12421.84,12421.84
Up,false,SurvivalProbability/CPTY_A/0/1Y,0.00000000,,0.00000000,EUR,ComFwd_WTI_QuantoEUR_5Y,2019-12-05,3.830399,31307,38044,0,0,145241,30996,30996,12820.40,12820.40
Up,false,SurvivalProbability/CPTY_A/0/1Y,0.00000000,,0.00000000,EUR,ComFwd_WTI_QuantoEUR_5Y,2020-01-06,3.918033,32098,37725,0,0,155971,31777,31777,13244.40,13244.40
Up,false,SurvivalProbability/CPTY_A/0/1Y,0.00000000,,0.00000000,EUR,ComFwd_WTI_QuantoEUR_5Y,2020-02-05,4.000000,32144,38244,0,0,152112,31821,31821,13625.06,13625.06
Up,false,SurvivalProbability/CPTY_A/0/1Y,0.00000000,,0.00000000,EUR,ComFwd_WTI_QuantoEUR_5Y,2020-03-05,4.079235,32377,37545,0,0,157988,32053,32053,13983.01,13983.01
Up,false,SurvivalProbability/CPTY_A/0/1Y,0.00000000,,0.00000000,EUR,ComFwd_WTI_QuantoEUR_5Y,2020-04-06,4.166667,33387,37409,0,0,161536,33057,33057,14383.25,14383.25
Up,false,SurvivalProbability/CPTY_A/0/1Y,0.00000000,,0.00000000,EUR,ComFwd_WTI_QuantoEUR_5Y,2020-05-05,4.245902,34661,37165,0,0,162748,34321,34321,14755.33,14755.33
Up,false,SurvivalProbability/CPTY_A/0/1Y,0.00000000,,0.00000000,EUR,ComFwd_WTI_QuantoEUR_5Y,2020-06-05,4.330601,35932,36454,0,0,159805,35584,35584,15162.69,15162.69
Up,false,SurvivalProbability/CPTY_A/0/1Y,0.00000000,,0.00000000,EUR,ComFwd_WTI_QuantoEUR_5Y,2020-07-06,4.415301,37240,35863,0,0,168836,36884,36884,15579.37,15579.37
Up,false,SurvivalProbability/CPTY_A/0/1Y,0.00000000,,0.00000000,EUR,ComFwd_WTI_QuantoEUR_5Y,2020-08-05,4.497268,37587,36211,0,0,169732,37231,37231,15973.99,15973.99
Up,false,SurvivalProbability/CPTY_A/0/1Y,0.00000000,,0.00000000,EUR,ComFwd_WTI_QuantoEUR_5Y,2020-09-08,4.590164,37419,35477,0,0,157788,37068,37231,16400.89,16404.18
Up,false,SurvivalProbability/CPTY_A/0/1Y,0.00000000,,0.00000000,EUR,ComFwd_WTI_QuantoEUR_5Y,2020-10-05,4.663934,37888,34995,0,0,162261,37536,37536,16735.19,16738.43
Up,false,SurvivalProbability/CPTY_A/0/1Y,0.00000000,,0.00000000,EUR,ComFwd_WTI_QuantoEUR_5Y,2020-11-05,4.748634,38361,33999,0,0,170939,38009,38009,17114.64,17117.82
Up,false,SurvivalProbability/CPTY_A/0/1Y,0.00000000,,0.00000000,EUR,ComFwd_WTI_QuantoEUR_5Y,2020-12-07,4.836066,39716,33087,0,0,175785,39356,39356,17516.74,17519.86
Up,false,SurvivalProbability/CPTY_A/0/1Y,0.00000000,,0.00000000,EUR,ComFwd_WTI_QuantoEUR_5Y,2021-01-05,4.915330,40968,32247,0,0,169955,40601,40601,17888.99,17892.06
Up,false,SurvivalProbability/CPTY_A/0/1Y,0.00000000,,0.00000000,EUR,ComFwd_WTI_QuantoEUR_5Y,2021-02-05,5.000262,0,0,0,0,0,0,40601,17585.14,18277.78
Up,false,SurvivalProbability/CPTY_A/1/5Y,0.00010000,,0.00000000,EUR,ComFwd_WTI_QuantoEUR_5Y,2016-02-05,0.000000,0,6085,0,0,0,0,0,0.00,0.00
Up,false,SurvivalProbability/CPTY_A/1/5Y,0.00010000,,0.00000000,EUR,ComFwd_WTI_QuantoEUR_5Y,2016-03-07,0.084699,36,7881,0,0,0,36,36,36.10,36.10
Up,false,SurvivalProbability/CPTY_A/1/5Y,0.00010000,,0.00000000,EUR,ComFwd_WTI_QuantoEUR_5Y,2016-04-05,0.163934,151,9226,0,0,292,151,151,91.48,91.48
Up,false,SurvivalProbability/CPTY_A/1/5Y,0.00010000,,0.00000000,EUR,ComFwd_WTI_QuantoEUR_5Y,2016-05-06,0.248634,351,10242,0,0,2508,350,350,179.65,179.65
Up,false,SurvivalProbability/CPTY_A/1/5Y,0.00010000,,0.00000000,EUR,ComFwd_WTI_QuantoEUR_5Y,2016-06-06,0.333333,702,11081,0,0,5981,701,701,312.22,312.22
Up,false,SurvivalProbability/CPTY_A/1/5Y,0.00010000,,0.00000000,EUR,ComFwd_WTI_QuantoEUR_5Y,2016-07-05,0.412568,1038,11691,0,0,7508,1037,1037,451.43,451.43
Up,false,SurvivalProbability/CPTY_A/1/5Y,0.00010000,,0.00000000,EUR,ComFwd_WTI_QuantoEUR_5Y,2016-08-05,0.497268,1183,13672,0,0,8414,1181,1181,575.72,575.72
Up,false,SurvivalProbability/CPTY_A/1/5Y,0.00010000,,0.00000000,EUR,ComFwd_WTI_QuantoEUR_5Y,2016-09-06,0.584699,1392,15157,0,0,10344,1390,1390,697.51,697.51
Up,false,SurvivalProbability/CPTY_A/1/5Y,0.00010000,,0.00000000,EUR,ComFwd_WTI_QuantoEUR_5Y,2016-10-05,0.663934,1709,16061,0,0,11879,1705,1705,817.80,817.80
Up,false,SurvivalProbability/CPTY_A/1/5Y,0.00010000,,0.00000000,EUR,ComFwd_WTI_QuantoEUR_5Y,2016-11-07,0.754098,2286,16766,0,0,15393,2280,2280,992.67,992.67
Up,false,SurvivalProbability/CPTY_A/1/5Y,0.00010000,,0.00000000,EUR,ComFwd_WTI_QuantoEUR_5Y,2016-12-05,0.830601,2836,16940,0,0,18562,2828,2828,1161.76,1161.76
Up,false,SurvivalProbability/CPTY_A/1/5Y,0.00010000,,0.00000000,EUR,ComFwd_WTI_QuantoEUR_5Y,2017-01-05,0.915330,3590,17279,0,0,22387,3579,3579,1385.54,1385.54
Up,false,SurvivalProbability/CPTY_A/1/5Y,0.00010000,,0.00000000,EUR,ComFwd_WTI_QuantoEUR_5Y,2017-02-06,1.003002,4040,18361,0,0,24086,4028,4028,1616.48,1616.48
Up,false,SurvivalProbability/CPTY_A/1/5Y,0.00010000,,0.00000000,EUR,ComFwd_WTI_QuantoEUR_5Y,2017-03-06,1.079714,4571,19241,0,0,27027,4555,4555,1825.28,1825.28
Up,false,SurvivalProbability/CPTY_A/1/5Y,0.00010000,,0.00000000,EUR,ComFwd_WTI_QuantoEUR_5Y,2017-04-05,1.161906,5001,19985,0,0,32043,4982,4982,2048.59,2048.59
Up,false,SurvivalProbability/CPTY_A/1/5Y,0.00010000,,0.00000000,EUR,ComFwd_WTI_QuantoEUR_5Y,2017-05-05,1.244098,5675,20775,0,0,31794,5652,5652,2286.62,2286.62
Up,false,SurvivalProbability/CPTY_A/1/5Y,0.00010000,,0.00000000,EUR,ComFwd_WTI_QuantoEUR_5Y,2017-06-06,1.331769,6549,21530,0,0,39347,6520,6520,2565.30,2565.30
Up,false,SurvivalProbability/CPTY_A/1/5Y,0.00010000,,0.00000000,EUR,ComFwd_WTI_QuantoEUR_5Y,2017-07-05,1.411221,7191,22014,0,0,40843,7157,7157,2823.83,2823.83
Up,false,SurvivalProbability/CPTY_A/1/5Y,0.00010000,,0.00000000,EUR,ComFwd_WTI_QuantoEUR_5Y,2017-08-07,1.501632,7767,22800,0,0,42747,7727,7727,3119.07,3119.07
Up,false,SurvivalProbability/CPTY_A/1/5Y,0.00010000,,0.00000000,EUR,ComFwd_WTI_QuantoEUR_5Y,2017-09-05,1.581084,8395,23387,0,0,45536,8350,8350,3381.94,3381.94
Up,false,SurvivalProbability/CPTY_A/1/5Y,0.00010000,,0.00000000,EUR,ComFwd_WTI_QuantoEUR_5Y,2017-10-05,1.663276,9236,24068,0,0,50179,9184,9184,3668.66,3668.66
Up,false,SurvivalProbability/CPTY_A/1/5Y,0.00010000,,0.00000000,EUR,ComFwd_WTI_QuantoEUR_5Y,2017-11-06,1.750947,10084,24566,0,0,55728,10024,10024,3986.87,3986.87
Up,false,SurvivalProbability/CPTY_A/1/5Y,0.00010000,,0.00000000,EUR,ComFwd_WTI_QuantoEUR_5Y,2017-12-05,1.830399,10816,24818,0,0,61492,10748,10748,4280.35,4280.35
Up,false,SurvivalProbability/CPTY_A/1/5Y,0.00010000,,0.00000000,EUR,ComFwd_WTI_QuantoEUR_5Y,2018-01-05,1.915330,11453,24868,0,0,60701,11377,11377,4595.02,4595.02
Up,false,SurvivalProbability/CPTY_A/1/5Y,0.00010000,,0.00000000,EUR,ComFwd_WTI_QuantoEUR_5Y,2018-02-05,2.000262,12061,25839,0,0,64874,11976,11976,4908.43,4908.43
Up,false,SurvivalProbability/CPTY_A/1/5Y,0.00010000,,0.00000000,EUR,ComFwd_WTI_QuantoEUR_5Y,2018-03-05,2.076974,12670,26814,0,0,67194,12579,12579,5191.73,5191.73
Up,false,SurvivalProbability/CPTY_A/1/5Y,0.00010000,,0.00000000,EUR,ComFwd_WTI_QuantoEUR_5Y,2018-04-05,2.161906,13375,27370,0,0,71151,13276,13276,5509.31,5509.31
Up,false,SurvivalProbability/CPTY_A/1/5Y,0.00010000,,0.00000000,EUR,ComFwd_WTI_QuantoEUR_5Y,2018-05-08,2.252317,14115,27962,0,0,73627,14007,14007,5850.44,5850.44
Up,false,SurvivalProbability/CPTY_A/1/5Y,0.00010000,,0.00000000,EUR,ComFwd_WTI_QuantoEUR_5Y,2018-06-05,2.329029,15182,28619,0,0,77446,15063,15063,6153.88,6153.88
Up,false,SurvivalProbability/CPTY_A/1/5Y,0.00010000,,0.00000000,EUR,ComFwd_WTI_QuantoEUR_5Y,2018-07-05,2.411221,16127,29182,0,0,77275,15998,15998,6489.45,6489.45
Up,false,SurvivalProbability/CPTY_A/1/5Y,0.00010000,,0.00000000,EUR,ComFwd_WTI_QuantoEUR_5Y,2018-08-06,2.498892,16792,30222,0,0,82749,16655,16655,6846.08,6846.08
Up,false,SurvivalProbability/CPTY_A/1/5Y,0.00010000,,0.00000000,EUR,ComFwd_WTI_QuantoEUR_5Y,2018-09-05,2.581084,17139,30662,0,0,87310,16996,16996,7169.28,7169.28
Up,false,SurvivalProbability/CPTY_A/1/5Y,0.00010000,,0.00000000,EUR,ComFwd_WTI_QuantoEUR_5Y,2018-10-05,2.663276,18035,31179,0,0,88196,17881,17881,7499.85,7499.85
Up,false,SurvivalProbability/CPTY_A/1/5Y,0.00010000,,0.00000000,EUR,ComFwd_WTI_QuantoEUR_5Y,2018-11-05,2.748207,19179,31555,0,0,94003,19011,19011,7855.59,7855.59
Up,false,SurvivalProbability/CPTY_A/1/5Y,0.00010000,,0.00000000,EUR,ComFwd_WTI_QuantoEUR_5Y,2018-12-05,2.830399,20551,31792,0,0,92765,20366,20366,8218.89,8218.89
Up,false,SurvivalProbability/CPTY_A/1/5Y,0.00010000,,0.00000000,EUR,ComFwd_WTI_QuantoEUR_5Y,2019-01-07,2.920810,21714,31717,0,0,99116,21514,21514,8630.42,8630.42
Up,false,SurvivalProbability/CPTY_A/1/5Y,0.00010000,,0.00000000,EUR,ComFwd_WTI_QuantoEUR_5Y,2019-02-05,3.000262,22279,32477,0,0,100849,22070,22070,8986.33,8986.33
Up,false,SurvivalProbability/CPTY_A/1/5Y,0.00010000,,0.00000000,EUR,ComFwd_WTI_QuantoEUR_5Y,2019-03-05,3.076974,22965,33144,0,0,105660,22747,22747,9329.41,9329.41
Up,false,SurvivalProbability/CPTY_A/1/5Y,0.00010000,,0.00000000,EUR,ComFwd_WTI_QuantoEUR_5Y,2019-04-05,3.161906,23530,33814,0,0,102667,23306,23306,9704.84,9704.84
Up,false,SurvivalProbability/CPTY_A/1/5Y,0.00010000,,0.00000000,EUR,ComFwd_WTI_QuantoEUR_5Y,2019-05-07,3.249577,24665,34472,0,0,122884,24428,24428,10102.07,10102.07
Up,false,SurvivalProbability/CPTY_A/1/5Y,0.00010000,,0.00000000,EUR,ComFwd_WTI_QuantoEUR_5Y,2019-06-05,3.329029,25498,34931,0,0,118078,25253,25253,10463.66,10463.66
Up,false,SurvivalProbability/CPTY_A/1/5Y,0.00010000,,0.00000000,EUR,ComFwd_WTI_QuantoEUR_5Y,2019-07-05,3.411221,26351,35059,0,0,137790,26096,26096,10840.30,10840.30
Up,false,SurvivalProbability/CPTY_A/1/5Y,0.00010000,,0.00000000,EUR,ComFwd_WTI_QuantoEUR_5Y,2019-08-05,3.496152,27203,36219,0,0,145165,26938,26938,11231.36,11231.36
Up,false,SurvivalProbability/CPTY_A/1/5Y,0.00010000,,0.00000000,EUR,ComFwd_WTI_QuantoEUR_5Y,2019-09-05,3.581084,27975,36994,0,0,136864,27701,27701,11621.97,11621.97
Up,false,SurvivalProbability/CPTY_A/1/5Y,0.00010000,,0.00000000,EUR,ComFwd_WTI_QuantoEUR_5Y,2019-10-07,3.668755,29526,37944,0,0,150781,29236,29236,12042.88,12042.88
Up,false,SurvivalProbability/CPTY_A/1/5Y,0.00010000,,0.00000000,EUR,ComFwd_WTI_QuantoEUR_5Y,2019-11-05,3.748207,30220,38092,0,0,149378,29921,29921,12421.84,12421.84
Up,false,SurvivalProbability/CPTY_A/1/5Y,0.00010000,,0.00000000,EUR,ComFwd_WTI_QuantoEUR_5Y,2019-12-05,3.830399,31307,38044,0,0,145241,30996,30996,12820.40,12820.40
Up,false,SurvivalProbability/CPTY_A/1/5Y,0.00010000,,0.00000000,EUR,ComFwd_WTI_QuantoEUR_5Y,2020-01-06,3.918033,32098,37725,0,0,155971,31777,31777,13244.40,13244.40
Up,false,SurvivalProbability/CPTY_A/1/5Y,0.00010000,,0.00000000,EUR,ComFwd_WTI_QuantoEUR_5Y,2020-02-05,4.000000,32144,38244,0,0,152112,31821,31821,13625.06,13625.06
Up,false,SurvivalProbability/CPTY_A/1/5Y,0.00010000,,0.00000000,EUR,ComFwd_WTI_QuantoEUR_5Y,2020-03-05,4.079235,32377,37545,0,0,157988,32053,32053,13983.01,13983.01
Up,false,SurvivalProbability/CPTY_A/1/5Y,0.00010000,,0.00000000,EUR,ComFwd_WTI_QuantoEUR_5Y,2020-04-06,4.166667,33387,37409,0,0,161536,33057,33057,14383.25,14383.25
Up,false,SurvivalProbability/CPTY_A/1/5Y,0.00010000,,0.00000000,EUR,ComFwd_WTI_QuantoEUR_5Y,2020-05-05,4.245902,34661,37165,0,0,162748,34321,34321,14755.33,14755.33
Up,false,SurvivalProbability/CPTY_A/1/5Y,0.00010000,,0.00000000,EUR,ComFwd_WTI_QuantoEUR_5Y,2020-06-05,4.330601,35932,36454,0,0,159805,35584,35584,15162.69,15162.69
Up,false,SurvivalProbability/CPTY_A/1/5Y,0.00010000,,0.00000000,EUR,ComFwd_WTI_QuantoEUR_5Y,2020-07-06,4.415301,37240,35863,0,0,168836,36884,36884,15579.37,15579.37
Up,false,SurvivalProbability/CPTY_A/1/5Y,0.00010000,,0.00000000,EUR,ComFwd_WTI_QuantoEUR_5Y,2020-08-05,4.497268,37587,36211,0,0,169732,37231,37231,15973.99,15973.99
Up,false,SurvivalProbability/CPTY_A/1/5Y,0.00010000,,0.00000000,EUR,ComFwd_WTI_QuantoEUR_5Y,2020-09-08,4.590164,37419,35477,0,0,157788,37068,37231,16400.89,16404.18
Up,false,SurvivalProbability/CPTY_A/1/5Y,0.00010000,,0.00000000,EUR,ComFwd_WTI_QuantoEUR_5Y,2020-10-05,4.663934,37888,34995,0,0,162261,37536,37536,16735.19,16738.43
Up,false,SurvivalProbability/CPTY_A/1/5Y,0.00010000,,0.00000000,EUR,ComFwd_WTI_QuantoEUR_5Y,2020-11-05,4.748634,38361,33999,0,0,170939,38009,38009,17114.64,17117.82
Up,false,SurvivalProbability/CPTY_A/1/5Y,0.00010000,,0.00000000,EUR,ComFwd_WTI_QuantoEUR_5Y,2020-12-07,4.836066,39716,33087,0,0,175785,39356,39356,17516.74,17519.86
Up,false,SurvivalProbability/CPTY_A/1/5Y,0.00010000,,0.00000000,EUR,ComFwd_WTI_QuantoEUR_5Y,2021-01-05,4.915330,40968,32247,0,0,169955,40601,40601,17888.99,17892.06
Up,false,SurvivalProbability/CPTY_A/1/5Y,0.00010000,,0.00000000,EUR,ComFwd_WTI_QuantoEUR_5Y,2021-02-05,5.000262,0,0,0,0,0,0,40601,17585.14,18277.78
Up,false,CommodityCurve/COMDTY_WTI_USD/0/1Y,0.00000000,,0.00000000,EUR,ComFwd_WTI_QuantoEUR_5Y,2016-02-05,0.000000,2196,0,0,0,2196,2196,2196,2196.26,2196.26
Up,false,CommodityCurve/COMDTY_WTI_USD/0/1Y,0.00000000,,0.00000000,EUR,ComFwd_WTI_QuantoEUR_5Y,2016-03-07,0.084699,1761,1348,0,0,6968,1761,2196,1761.15,2196.26
Up,false,CommodityCurve/COMDTY_WTI_USD/0/1Y,0.00000000,,0.00000000,EUR,ComFwd_WTI_QuantoEUR_5Y,2016-04-05,0.163934,1963,2802,0,0,8886,1962,2196,1858.28,2196.26
Up,false,CommodityCurve/COMDTY_WTI_USD/0/1Y,0.00000000,,0.00000000,EUR,ComFwd_WTI_QuantoEUR_5Y,2016-05-06,0.248634,2338,4013,0,0,10660,2337,2337,2021.22,2244.07
Up,false,CommodityCurve/COMDTY_WTI_USD/0/1Y,0.00000000,,0.00000000,EUR,ComFwd_WTI_QuantoEUR_5Y,2016-06-06,0.333333,2840,5025,0,0,14168,2838,2838,2228.80,2395.02
Up,false,CommodityCurve/COMDTY_WTI_USD/0/1Y,0.00000000,,0.00000000,EUR,ComFwd_WTI_QuantoEUR_5Y,2016-07-05,0.412568,3391,5867,0,0,16204,3388,3388,2451.36,2585.65
Up,false,CommodityCurve/COMDTY_WTI_USD/0/1Y,0.00000000,,0.00000000,EUR,ComFwd_WTI_QuantoEUR_5Y,2016-08-05,0.497268,3356,7686,0,0,16960,3351,3388,2604.65,2722.26
Up,false,CommodityCurve/COMDTY_WTI_USD/0/1Y,0.00000000,,0.00000000,EUR,ComFwd_WTI_QuantoEUR_5Y,2016-09-06,0.584699,3542,9163,0,0,18945,3536,3536,2743.92,2843.94
Up,false,CommodityCurve/COMDTY_WTI_USD/0/1Y,0.00000000,,0.00000000,EUR,ComFwd_WTI_QuantoEUR_5Y,2016-10-05,0.663934,3900,10125,0,0,20616,3893,3893,2881.00,2969.08
Up,false,CommodityCurve/COMDTY_WTI_USD/0/1Y,0.00000000,,0.00000000,EUR,ComFwd_WTI_QuantoEUR_5Y,2016-11-07,0.754098,4663,11031,0,0,24284,4652,4652,3092.78,3170.33
Up,false,CommodityCurve/COMDTY_WTI_USD/0/1Y,0.00000000,,0.00000000,EUR,ComFwd_WTI_QuantoEUR_5Y,2016-12-05,0.830601,5423,11430,0,0,26536,5409,5409,3306.13,3376.54
Up,false,CommodityCurve/COMDTY_WTI_USD/0/1Y,0.00000000,,0.00000000,EUR,ComFwd_WTI_QuantoEUR_5Y,2017-01-05,0.915330,6272,11877,0,0,31222,6254,6254,3578.99,3642.88
Up,false,CommodityCurve/COMDTY_WTI_USD/0/1Y,0.00000000,,0.00000000,EUR,ComFwd_WTI_QuantoEUR_5Y,2017-02-06,1.003002,6737,12987,0,0,31909,6716,6716,3853.18,3911.48
Up,false,CommodityCurve/COMDTY_WTI_USD/0/1Y,0.00000000,,0.00000000,EUR,ComFwd_WTI_QuantoEUR_5Y,2017-03-06,1.079714,7293,13900,0,0,36220,7268,7268,4095.79,4149.95
Up,false,CommodityCurve/COMDTY_WTI_USD/0/1Y,0.00000000,,0.00000000,EUR,ComFwd_WTI_QuantoEUR_5Y,2017-04-05,1.161906,7839,14771,0,0,41246,7809,7809,4358.49,4408.82
Up,false,CommodityCurve/COMDTY_WTI_USD/0/1Y,0.00000000,,0.00000000,EUR,ComFwd_WTI_QuantoEUR_5Y,2017-05-05,1.244098,8598,15655,0,0,40994,8562,8562,4636.23,4683.23
Up,false,CommodityCurve/COMDTY_WTI_USD/0/1Y,0.00000000,,0.00000000,EUR,ComFwd_WTI_QuantoEUR_5Y,2017-06-06,1.331769,9532,16477,0,0,48130,9489,9489,4955.70,4999.61
Up,false,CommodityCurve/COMDTY_WTI_USD/0/1Y,0.00000000,,0.00000000,EUR,ComFwd_WTI_QuantoEUR_5Y,2017-07-05,1.411221,10250,17045,0,0,50249,10201,10201,5251.04,5292.48
Up,false,CommodityCurve/COMDTY_WTI_USD/0/1Y,0.00000000,,0.00000000,EUR,ComFwd_WTI_QuantoEUR_5Y,2017-08-07,1.501632,10876,17888,0,0,51505,10822,10822,5586.43,5625.37
Up,false,CommodityCurve/COMDTY_WTI_USD/0/1Y,0.00000000,,0.00000000,EUR,ComFwd_WTI_QuantoEUR_5Y,2017-09-05,1.581084,11504,18480,0,0,55290,11443,11443,5880.73,5917.71
Up,false,CommodityCurve/COMDTY_WTI_USD/0/1Y,0.00000000,,0.00000000,EUR,ComFwd_WTI_QuantoEUR_5Y,2017-10-05,1.663276,12372,19192,0,0,58770,12303,12303,6198.08,6233.24
Up,false,CommodityCurve/COMDTY_WTI_USD/0/1Y,0.00000000,,0.00000000,EUR,ComFwd_WTI_QuantoEUR_5Y,2017-11-06,1.750947,13331,19805,0,0,64681,13252,13252,6551.28,6584.68
Up,false,CommodityCurve/COMDTY_WTI_USD/0/1Y,0.00000000,,0.00000000,EUR,ComFwd_WTI_QuantoEUR_5Y,2017-12-05,1.830399,14081,20075,0,0,70164,13993,13993,6874.31,6906.26
Up,false,CommodityCurve/COMDTY_WTI_USD/0/1Y,0.00000000,,0.00000000,EUR,ComFwd_WTI_QuantoEUR_5Y,2018-01-05,1.915330,14990,20398,0,0,69860,14891,14891,7229.78,7260.31
Up,false,CommodityCurve/COMDTY_WTI_USD/0/1Y,0.00000000,,0.00000000,EUR,ComFwd_WTI_QuantoEUR_5Y,2018-02-05,2.000262,15506,21276,0,0,73192,15398,15398,7576.60,7605.84
Up,false,CommodityCurve/COMDTY_WTI_USD/0/1Y,0.00000000,,0.00000000,EUR,ComFwd_WTI_QuantoEUR_5Y,2018-03-05,2.076974,16107,22246,0,0,76944,15991,15991,7887.39,7915.55
Up,false,CommodityCurve/COMDTY_WTI_USD/0/1Y,0.00000000,,0.00000000,EUR,ComFwd_WTI_QuantoEUR_5Y,2018-04-05,2.161906,16849,22838,0,0,80280,16724,16724,8234.56,8261.61
Up,false,CommodityCurve/COMDTY_WTI_USD/0/1Y,0.00000000,,0.00000000,EUR,ComFwd_WTI_QuantoEUR_5Y,2018-05-08,2.252317,17564,23402,0,0,82499,17430,17430,8603.67,8629.63
Up,false,CommodityCurve/COMDTY_WTI_USD/0/1Y,0.00000000,,0.00000000,EUR,ComFwd_WTI_QuantoEUR_5Y,2018-06-05,2.329029,18640,24068,0,0,86263,18495,18495,8929.46,8954.57
Up,false,CommodityCurve/COMDTY_WTI_USD/0/1Y,0.00000000,,0.00000000,EUR,ComFwd_WTI_QuantoEUR_5Y,2018-07-05,2.411221,19648,24690,0,0,86521,19491,19491,9289.47,9313.72
Up,false,CommodityCurve/COMDTY_WTI_USD/0/1Y,0.00000000,,0.00000000,EUR,ComFwd_WTI_QuantoEUR_5Y,2018-08-06,2.498892,20330,25740,0,0,91801,20163,20163,9670.96,9694.37
Up,false,CommodityCurve/COMDTY_WTI_USD/0/1Y,0.00000000,,0.00000000,EUR,ComFwd_WTI_QuantoEUR_5Y,2018-09-05,2.581084,20670,26169,0,0,96040,20496,20496,10015.68,10038.34
Up,false,CommodityCurve/COMDTY_WTI_USD/0/1Y,0.00000000,,0.00000000,EUR,ComFwd_WTI_QuantoEUR_5Y,2018-10-05,2.663276,21692,26806,0,0,97440,21506,21506,10370.29,10392.24
Up,false,CommodityCurve/COMDTY_WTI_USD/0/1Y,0.00000000,,0.00000000,EUR,ComFwd_WTI_QuantoEUR_5Y,2018-11-05,2.748207,22916,27255,0,0,103762,22715,22715,10751.79,10773.07
Up,false,CommodityCurve/COMDTY_WTI_USD/0/1Y,0.00000000,,0.00000000,EUR,ComFwd_WTI_QuantoEUR_5Y,2018-12-05,2.830399,24360,27555,0,0,103324,24142,24142,11140.61,11161.27
Up,false,CommodityCurve/COMDTY_WTI_USD/0/1Y,0.00000000,,0.00000000,EUR,ComFwd_WTI_QuantoEUR_5Y,2019-01-07,2.920810,25613,27558,0,0,108689,25377,25377,11581.30,11601.32
Up,false,CommodityCurve/COMDTY_WTI_USD/0/1Y,0.00000000,,0.00000000,EUR,ComFwd_WTI_QuantoEUR_5Y,2019-02-05,3.000262,26163,28292,0,0,112227,25917,25917,11960.94,11980.44
Up,false,CommodityCurve/COMDTY_WTI_USD/0/1Y,0.00000000,,0.00000000,EUR,ComFwd_WTI_QuantoEUR_5Y,2019-03-05,3.076974,26797,28896,0,0,119379,26544,26544,12324.51,12343.51
Up,false,CommodityCurve/COMDTY_WTI_USD/0/1Y,0.00000000,,0.00000000,EUR,ComFwd_WTI_QuantoEUR_5Y,2019-04-05,3.161906,27563,29756,0,0,113375,27301,27301,12726.79,12745.29
Up,false,CommodityCurve/COMDTY_WTI_USD/0/1Y,0.00000000,,0.00000000,EUR,ComFwd_WTI_QuantoEUR_5Y,2019-05-07,3.249577,28619,30319,0,0,131239,28345,28345,13148.16,13166.16
Up,false,CommodityCurve/COMDTY_WTI_USD/0/1Y,0.00000000,,0.00000000,EUR,ComFwd_WTI_QuantoEUR_5Y,2019-06-05,3.329029,29465,30775,0,0,130775,29181,29181,13530.82,13548.38
Up,false,CommodityCurve/COMDTY_WTI_USD/0/1Y,0.00000000,,0.00000000,EUR,ComFwd_WTI_QuantoEUR_5Y,2019-07-05,3.411221,30340,30910,0,0,147689,30046,30046,13928.75,13945.89
Up,false,CommodityCurve/COMDTY_WTI_USD/0/1Y,0.00000000,,0.00000000,EUR,ComFwd_WTI_QuantoEUR_5Y,2019-08-05,3.496152,31164,32023,0,0,154640,30861,30861,14340.08,14356.81
Up,false,CommodityCurve/COMDTY_WTI_USD/0/1Y,0.00000000,,0.00000000,EUR,ComFwd_WTI_QuantoEUR_5Y,2019-09-05,3.581084,31889,32731,0,0,149427,31576,31576,14748.87,14765.20
Up,false,CommodityCurve/COMDTY_WTI_USD/0/1Y,0.00000000,,0.00000000,EUR,ComFwd_WTI_QuantoEUR_5Y,2019-10-07,3.668755,33606,33825,0,0,161667,33275,33275,15191.59,15207.53
Up,false,CommodityCurve/COMDTY_WTI_USD/0/1Y,0.00000000,,0.00000000,EUR,ComFwd_WTI_QuantoEUR_5Y,2019-11-05,3.748207,34296,33951,0,0,161334,33956,33956,15589.35,15604.96
Up,false,CommodityCurve/COMDTY_WTI_USD/0/1Y,0.00000000,,0.00000000,EUR,ComFwd_WTI_QuantoEUR_5Y,2019-12-05,3.830399,35502,34000,0,0,156842,35149,35149,16009.06,16024.33
Up,false,CommodityCurve/COMDTY_WTI_USD/0/1Y,0.00000000,,0.00000000,EUR,ComFwd_WTI_QuantoEUR_5Y,2020-01-06,3.918033,36373,33740,0,0,167341,36009,36009,16456.39,16471.31
Up,false,CommodityCurve/COMDTY_WTI_USD/0/1Y,0.00000000,,0.00000000,EUR,ComFwd_WTI_QuantoEUR_5Y,2020-02-05,4.000000,36425,34242,0,0,163523,36059,36059,16858.08,16872.70
Up,false,CommodityCurve/COMDTY_WTI_USD/0/1Y,0.00000000,,0.00000000,EUR,ComFwd_WTI_QuantoEUR_5Y,2020-03-05,4.079235,36729,33608,0,0,171206,36362,36362,17236.91,17251.25
Up,false,CommodityCurve/COMDTY_WTI_USD/0/1Y,0.00000000,,0.00000000,EUR,ComFwd_WTI_QuantoEUR_5Y,2020-04-06,4.166667,37737,33463,0,0,175550,37363,37363,17659.24,17673.27
Up,false,CommodityCurve/COMDTY_WTI_USD/0/1Y,0.00000000,,0.00000000,EUR,ComFwd_WTI_QuantoEUR_5Y,2020-05-05,4.245902,39062,33264,0,0,176081,38679,38679,18051.50,18065.27
Up,false,CommodityCurve/COMDTY_WTI_USD/0/1Y,0.00000000,,0.00000000,EUR,ComFwd_WTI_QuantoEUR_5Y,2020-06-05,4.330601,40311,32519,0,0,171579,39921,39921,18479.23,18492.73
Up,false,CommodityCurve/COMDTY_WTI_USD/0/1Y,0.00000000,,0.00000000,EUR,ComFwd_WTI_QuantoEUR_5Y,2020-07-06,4.415301,41845,32147,0,0,180565,41444,41444,18919.77,18933.02
Up,false,CommodityCurve/COMDTY_WTI_USD/0/1Y,0.00000000,,0.00000000,EUR,ComFwd_WTI_QuantoEUR_5Y,2020-08-05,4.497268,42151,32446,0,0,180466,41751,41751,19335.89,19348.90
Up,false,CommodityCurve/COMDTY_WTI_USD/0/1Y,0.00000000,,0.00000000,EUR,ComFwd_WTI_QuantoEUR_5Y,2020-09-08,4.590164,42071,31791,0,0,169157,41677,41751,19788.02,19802.27
Up,false,CommodityCurve/COMDTY_WTI_USD/0/1Y,0.00000000,,0.00000000,EUR,ComFwd_WTI_QuantoEUR_5Y,2020-10-05,4.663934,42489,31248,0,0,172011,42095,42095,20140.86,20154.88
Up,false,CommodityCurve/COMDTY_WTI_USD/0/1Y,0.00000000,,0.00000000,EUR,ComFwd_WTI_QuantoEUR_5Y,2020-11-05,4.748634,42955,30233,0,0,181584,42561,42561,20540.77,20554.54
Up,false,CommodityCurve/COMDTY_WTI_USD/0/1Y,0.00000000,,0.00000000,EUR,ComFwd_WTI_QuantoEUR_5Y,2020-12-07,4.836066,44380,29383,0,0,186478,43978,43978,20964.49,20978.01
Up,false,CommodityCurve/COMDTY_WTI_USD/0/1Y,0.00000000,,0.00000000,EUR,ComFwd_WTI_QuantoEUR_5Y,2021-01-05,4.915330,45825,28727,0,0,181135,45414,45414,21358.76,21372.07
Up,false,CommodityCurve/COMDTY_WTI_USD/0/1Y,0.00000000,,0.00000000,EUR,ComFwd_WTI_QuantoEUR_5Y,2021-02-05,5.000262,0,0,0,0,0,0,45414,20995.98,21780.43
Up,false,CommodityVolatility/COMDTY_WTI_USD/0/1Y/0,0.00110885,,0.00000000,EUR,ComFwd_WTI_QuantoEUR_5Y,2016-02-05,0.000000,0,6085,0,0,0,0,0,0.00,0.00
Up,false,CommodityVolatility/COMDTY_WTI_USD/0/1Y/0,0.00110885,,0.00000000,EUR,ComFwd_WTI_QuantoEUR_5Y,2016-03-07,0.084699,36,7881,0,0,0,36,36,36.10,36.10
Up,false,CommodityVolatility/COMDTY_WTI_USD/0/1Y/0,0.00110885,,0.00000000,EUR,ComFwd_WTI_QuantoEUR_5Y,2016-04-05,0.163934,151,9226,0,0,292,151,151,91.48,91.48
Up,false,CommodityVolatility/COMDTY_WTI_USD/0/1Y/0,0.00110885,,0.00000000,EUR,ComFwd_WTI_QuantoEUR_5Y,2016-05-06,0.248634,351,10242,0,0,2508,350,350,179.65,179.65
Up,false,CommodityVolatility/COMDTY_WTI_USD/0/1Y/0,0.00110885,,0.00000000,EUR,ComFwd_WTI_QuantoEUR_5Y,2016-06-06,0.333333,702,11081,0,0,5981,701,701,312.22,312.22
Up,false,CommodityVolatility/COMDTY_WTI_USD/0/1Y/0,0.00110885,,0.00000000,EUR,ComFwd_WTI_QuantoEUR_5Y,2016-07-05,0.412568,1038,11691,0,0,7508,1037,1037,451.43,451.43
Up,false,CommodityVolatility/COMDTY_WTI_USD/0/1Y/0,0.00110885,,0.00000000,EUR,ComFwd_WTI_QuantoEUR_5Y,2016-08-05,0.497268,1183,13672,0,0,8414,1181,1181,575.72,575.72
Up,false,CommodityVolatility/COMDTY_WTI_USD/0/1Y/0,0.00110885,,0.00000000,EUR,ComFwd_WTI_QuantoEUR_5Y,2016-09-06,0.584699,1392,15157,0,0,10344,1390,1390,697.51,697.51
Up,false,CommodityVolatility/COMDTY_WTI_USD/0/1Y/0,0.00110885,,0.00000000,EUR,ComFwd_WTI_QuantoEUR_5Y,2016-10-05,0.663934,1709,16061,0,0,11879,1705,1705,817.80,817.80
Up,false,CommodityVolatility/COMDTY_WTI_USD/0/1Y/0,0.00110885,,0.00000000,EUR,ComFwd_WTI_QuantoEUR_5Y,2016-11-07,0.754098,2286,16766,0,0,15393,2280,2280,992.67,992.67
Up,false,CommodityVolatility/COMDTY_WTI_USD/0/1Y/0,0.00110885,,0.00000000,EUR,ComFwd_WTI_QuantoEUR_5Y,2016-12-05,0.830601,2836,16940,0,0,18562,2828,2828,1161.76,1161.76
Up,false,CommodityVolatility/COMDTY_WTI_USD/0/1Y/0,0.00110885,,0.00000000,EUR,ComFwd_WTI_QuantoEUR_5Y,2017-01-05,0.915330,3590,17279,0,0,22387,3579,3579,1385.54,1385.54
Up,false,CommodityVolatility/COMDTY_WTI_USD/0/1Y/0,0.00110885,,0.00000000,EUR,ComFwd_WTI_QuantoEUR_5Y,2017-02-06,1.003002,4040,18361,0,0,24086,4028,4028,1616.48,1616.48
Up,false,CommodityVolatility/COMDTY_WTI_USD/0/1Y/0,0.00110885,,0.00000000,EUR,ComFwd_WTI_QuantoEUR_5Y,2017-03-06,1.079714,4571,19241,0,0,27027,4555,4555,1825.28,1825.28
Up,false,CommodityVolatility/COMDTY_WTI_USD/0/1Y/0,0.00110885,,0.00000000,EUR,ComFwd_WTI_QuantoEUR_5Y,2017-04-05,1.161906,5001,19985,0,0,32043,4982,4982,2048.59,2048.59
Up,false,CommodityVolatility/COMDTY_WTI_USD/0/1Y/0,0.00110885,,0.00000000,EUR,ComFwd_WTI_QuantoEUR_5Y,2017-05-05,1.244098,5675,20775,0,0,31794,5652,5652,2286.62,2286.62
Up,false,CommodityVolatility/COMDTY_WTI_USD/0/1Y/0,0.00110885,,0.00000000,EUR,ComFwd_WTI_QuantoEUR_5Y,2017-06-06,1.331769,6549,21530,0,0,39347,6520,6520,2565.30,2565.30
Up,false,CommodityVolatility/COMDTY_WTI_USD/0/1Y/0,0.00110885,,0.00000000,EUR,ComFwd_WTI_QuantoEUR_5Y,2017-07-05,1.411221,7191,22014,0,0,40843,7157,7157,2823.83,2823.83
Up,false,CommodityVolatility/COMDTY_WTI_USD/0/1Y/0,0.00110885,,0.00000000,EUR,ComFwd_WTI_QuantoEUR_5Y,2017-08-07,1.501632,7767,22800,0,0,42747,7727,7727,3119.07,3119.07
Up,false,CommodityVolatility/COMDTY_WTI_USD/0/1Y/0,0.00110885,,0.00000000,EUR,ComFwd_WTI_QuantoEUR_5Y,2017-09-05,1.581084,8395,23387,0,0,45536,8350,8350,3381.94,3381.94
Up,false,CommodityVolatility/COMDTY_WTI_USD/0/1Y/0,0.00110885,,0.00000000,EUR,ComFwd_WTI_QuantoEUR_5Y,2017-10-05,1.663276,9236,24068,0,0,50179,9184,9184,3668.66,3668.66
Up,false,CommodityVolatility/COMDTY_WTI_USD/0/1Y/0,0.00110885,,0.00000000,EUR,ComFwd_WTI_QuantoEUR_5Y,2017-11-06,1.750947,10084,24566,0,0,55728,10024,10024,3986.87,3986.87
Up,false,CommodityVolatility/COMDTY_WTI_USD/0/1Y/0,0.00110885,,0.00000000,EUR,ComFwd_WTI_QuantoEUR_5Y,2017-12-05,1.830399,10816,24818,0,0,61492,10748,10748,4280.35,4280.35
Up,false,CommodityVolatility/COMDTY_WTI_USD/0/1Y/0,0.00110885,,0.00000000,EUR,ComFwd_WTI_QuantoEUR_5Y,2018-01-05,1.915330,11453,24868,0,0,60701,11377,11377,4595.02,4595.02
Up,false,CommodityVolatility/COMDTY_WTI_USD/0/1Y/0,0.00110885,,0.00000000,EUR,ComFwd_WTI_QuantoEUR_5Y,2018-02-05,2.000262,12061,25839,0,0,64874,11976,11976,4908.43,4908.43
Up,false,CommodityVolatility/COMDTY_WTI_USD/0/1Y/0,0.00110885,,0.00000000,EUR,ComFwd_WTI_QuantoEUR_5Y,2018-03-05,2.076974,12670,26814,0,0,67194,12579,12579,5191.73,5191.73
Up,false,CommodityVolatility/COMDTY_WTI_USD/0/1Y/0,0.00110885,,0.00000000,EUR,ComFwd_WTI_QuantoEUR_5Y,2018-04-05,2.161906,13375,27370,0,0,71151,13276,13276,5509.31,5509.31
Up,false,CommodityVolatility/COMDTY_WTI_USD/0/1Y/0,0.00110885,,0.00000000,EUR,ComFwd_WTI_QuantoEUR_5Y,2018-05-08,2.252317,14115,27962,0,0,73627,14007,14007,5850.44,5850.44
Up,false,CommodityVolatility/COMDTY_WTI_USD/0/1Y/0,0.00110885,,0.00000000,EUR,ComFwd_WTI_QuantoEUR_5Y,2018-06-05,2.329029,15182,28619,0,0,77446,15063,15063,6153.88,6153.88
Up,false,CommodityVolatility/COMDTY_WTI_USD/0/1Y/0,0.00110885,,0.00000000,EUR,ComFwd_WTI_QuantoEUR_5Y,2018-07-05,2.411221,16127,29182,0,0,77275,15998,15998,6489.45,6489.45
Up,false,CommodityVolatility/COMDTY_WTI_USD/0/1Y/0,0.00110885,,0.00000000,EUR,ComFwd_WTI_QuantoEUR_5Y,2018-08-06,2.498892,16792,30222,0,0,82749,16655,16655,6846.08,6846.08
Up,false,CommodityVolatility/COMDTY_WTI_USD/0/1Y/0,0.00110885,,0.00000000,EUR,ComFwd_WTI_QuantoEUR_5Y,2018-09-05,2.581084,17139,30662,0,0,87310,16996,16996,7169.28,7169.28
Up,false,CommodityVolatility/COMDTY_WTI_USD/0/1Y/0,0.00110885,,0.00000000,EUR,ComFwd_WTI_QuantoEUR_5Y,2018-10-05,2.663276,18035,31179,0,0,88196,17881,17881,7499.85,7499.85
Up,false,CommodityVolatility/COMDTY_WTI_USD/0/1Y/0,0.00110885,,0.00000000,EUR,ComFwd_WTI_QuantoEUR_5Y,2018-11-05,2.748207,19179,31555,0,0,94003,19011,19011,7855.59,7855.59
Up,false,CommodityVolatility/COMDTY_WTI_USD/0/1Y/0,0.00110885,,0.00000000,EUR,ComFwd_WTI_QuantoEUR_5Y,2018-12-05,2.830399,20551,31792,0,0,92765,20366,20366,8218.89,8218.89
Up,false,CommodityVolatility/COMDTY_WTI_USD/0/1Y/0,0.00110885,,0.00000000,EUR,ComFwd_WTI_QuantoEUR_5Y,2019-01-07,2.920810,21714,31717,0,0,99116,21514,21514,8630.42,8630.42
Up,false,CommodityVolatility/COMDTY_WTI_USD/0/1Y/0,0.00110885,,0.00000000,EUR,ComFwd_WTI_QuantoEUR_5Y,2019-02-05,3.000262,22279,32477,0,0,100849,22070,22070,8986.33,8986.33
Up,false,CommodityVolatility/COMDTY_WTI_USD/0/1Y/0,0.00110885,,0.00000000,EUR,ComFwd_WTI_QuantoEUR_5Y,2019-03-05,3.076974,22965,33144,0,0,105660,22747,22747,9329.41,9329.41
Up,false,CommodityVolatility/COMDTY_WTI_USD/0/1Y/0,0.00110885,,0.00000000,EUR,ComFwd_WTI_QuantoEUR_5Y,2019-04-05,3.161906,23530,33814,0,0,102667,23306,23306,9704.84,9704.84
Up,false,CommodityVolatility/COMDTY_WTI_USD/0/1Y/0,0.00110885,,0.00000000,EUR,ComFwd_WTI_QuantoEUR_5Y,2019-05-07,3.249577,24665,34472,0,0,122884,24428,24428,10102.07,10102.07
Up,false,CommodityVolatility/COMDTY_WTI_USD/0/1Y/0,0.00110885,,0.00000000,EUR,ComFwd_WTI_QuantoEUR_5Y,2019-06-05,3.329029,25498,34931,0,0,118078,25253,25253,10463.66,10463.66
Up,false,CommodityVolatility/COMDTY_WTI_USD/0/1Y/0,0.00110885,,0.00000000,EUR,ComFwd_WTI_QuantoEUR_5Y,2019-07-05,3.411221,26351,35059,0,0,137790,26096,26096,10840.30,10840.30
Up,false,CommodityVolatility/COMDTY_WTI_USD/0/1Y/0,0.00110885,,0.00000000,EUR,ComFwd_WTI_QuantoEUR_5Y,2019-08-05,3.496152,27203,36219,0,0,145165,26938,26938,11231.36,11231.36
Up,false,CommodityVolatility/COMDTY_WTI_USD/0/1Y/0,0.00110885,,0.00000000,EUR,ComFwd_WTI_QuantoEUR_5Y,2019-09-05,3.581084,27975,36994,0,0,136864,27701,27701,11621.97,11621.97
Up,false,CommodityVolatility/COMDTY_WTI_USD/0/1Y/0,0.00110885,,0.00000000,EUR,ComFwd_WTI_QuantoEUR_5Y,2019-10-07,3.668755,29526,37944,0,0,150781,29236,29236,12042.88,12042.88
Up,false,CommodityVolatility/COMDTY_WTI_USD/0/1Y/0,0.00110885,,0.00000000,EUR,ComFwd_WTI_QuantoEUR_5Y,2019-11-05,3.748207,30220,38092,0,0,149378,29921,29921,12421.84,12421.84
Up,false,CommodityVolatility/COMDTY_WTI_USD/0/1Y/0,0.00110885,,0.00000000,EUR,ComFwd_WTI_QuantoEUR_5Y,2019-12-05,3.830399,31307,38044,0,0,145241,30996,30996,12820.40,12820.40
Up,false,CommodityVolatility/COMDTY_WTI_USD/0/1Y/0,0.00110885,,0.00000000,EUR,ComFwd_WTI_QuantoEUR_5Y,2020-01-06,3.918033,32098,37725,0,0,155971,31777,31777,13244.40,13244.40
Up,false,CommodityVolatility/COMDTY_WTI_USD/0/1Y/0,0.00110885,,0.00000000,EUR,ComFwd_WTI_QuantoEUR_5Y,2020-02-05,4.000000,32144,38244,0,0,152112,31821,31821,13625.06,13625.06
Up,false,CommodityVolatility/COMDTY_WTI_USD/0/1Y/0,0.00110885,,0.00000000,EUR,ComFwd_WTI_QuantoEUR_5Y,2020-03-05,4.079235,32377,37545,0,0,157988,32053,32053,13983.01,13983.01
Up,false,CommodityVolatility/COMDTY_WTI_USD/0/1Y/0,0.00110885,,0.00000000,EUR,ComFwd_WTI_QuantoEUR_5Y,2020-04-06,4.166667,33387,37409,0,0,161536,33057,33057,14383.25,14383.25
Up,false,CommodityVolatility/COMDTY_WTI_USD/0/1Y/0,0.00110885,,0.00000000,EUR,ComFwd_WTI_QuantoEUR_5Y,2020-05-05,4.245902,34661,37165,0,0,162748,34321,34321,14755.33,14755.33
Up,false,CommodityVolatility/COMDTY_WTI_USD/0/1Y/0,0.00110885,,0.00000000,EUR,ComFwd_WTI_QuantoEUR_5Y,2020-06-05,4.330601,35932,36454,0,0,159805,35584,35584,15162.69,15162.69
Up,false,CommodityVolatility/COMDTY_WTI_USD/0/1Y/0,0.00110885,,0.00000000,EUR,ComFwd_WTI_QuantoEUR_5Y,2020-07-06,4.415301,37240,35863,0,0,168836,36884,36884,15579.37,15579.37
Up,false,CommodityVolatility/COMDTY_WTI_USD/0/1Y/0,0.00110885,,0.00000000,EUR,ComFwd_WTI_QuantoEUR_5Y,2020-08-05,4.497268,37587,36211,0,0,169732,37231,37231,15973.99,15973.99
Up,false,CommodityVolatility/COMDTY_WTI_USD/0/1Y/0,0.00110885,,0.00000000,EUR,ComFwd_WTI_QuantoEUR_5Y,2020-09-08,4.590164,37419,35477,0,0,157788,37068,37231,16400.89,16404.18
Up,false,CommodityVolatility/COMDTY_WTI_USD/0/1Y/0,0.00110885,,0.00000000,EUR,ComFwd_WTI_QuantoEUR_5Y,2020-10-05,4.663934,37888,34995,0,0,162261,37536,37536,16735.19,16738.43
Up,false,CommodityVolatility/COMDTY_WTI_USD/0/1Y/0,0.00110885,,0.00000000,EUR,ComFwd_WTI_QuantoEUR_5Y,2020-11-05,4.748634,38361,33999,0,0,170939,38009,38009,17114.64,17117.82
Up,false,CommodityVolatility/COMDTY_WTI_USD/0/1Y/0,0.00110885,,0.00000000,EUR,ComFwd_WTI_QuantoEUR_5Y,2020-12-07,4.836066,39716,33087,0,0,175785,39356,39356,17516.74,17519.86
Up,false,CommodityVolatility/COMDTY_WTI_USD/0/1Y/0,0.00110885,,0.00000000,EUR,ComFwd_WTI_QuantoEUR_5Y,2021-01-05,4.915330,40968,32247,0,0,169955,40601,40601,17888.99,17892.06
Up,false,CommodityVolatility/COMDTY_WTI_USD/0/1Y/0,0.00110885,,0.00000000,EUR,ComFwd_WTI_QuantoEUR_5Y,2021-02-05,5.000262,0,0,0,0,0,0,40601,17585.14,18277.78
Up,false,CommodityVolatility/COMDTY_WTI_USD/3/1Y/ATM,0.00110885,,0.00000000,EUR,ComFwd_WTI_QuantoEUR_5Y,2016-02-05,0.000000,0,6085,0,0,0,0,0,0.00,0.00
Up,false,CommodityVolatility/COMDTY_WTI_USD/3/1Y/ATM,0.00110885,,0.00000000,EUR,ComFwd_WTI_QuantoEUR_5Y,2016-03-07,0.084699,38,7883,0,0,0,38,38,37.70,37.70
Up,false,CommodityVolatility/COMDTY_WTI_USD/3/1Y/ATM,0.00110885,,0.00000000,EUR,ComFwd_WTI_QuantoEUR_5Y,2016-04-05,0.163934,156,9232,0,0,360,156,156,95.05,95.05
Up,false,CommodityVolatility/COMDTY_WTI_USD/3/1Y/ATM,0.00110885,,0.00000000,EUR,ComFwd_WTI_QuantoEUR_5Y,2016-05-06,0.248634,363,10254,0,0,2612,362,362,186.09,186.09
Up,false,CommodityVolatility/COMDTY_WTI_USD/3/1Y/ATM,0.00110885,,0.00000000,EUR,ComFwd_WTI_QuantoEUR_5Y,2016-06-06,0.333333,720,11099,0,0,6118,719,719,321.52,321.52
Up,false,CommodityVolatility/COMDTY_WTI_USD/3/1Y/ATM,0.00110885,,0.00000000,EUR,ComFwd_WTI_QuantoEUR_5Y,2016-07-05,0.412568,1063,11715,0,0,7647,1061,1061,463.60,463.60
Up,false,CommodityVolatility/COMDTY_WTI_USD/3/1Y/ATM,0.00110885,,0.00000000,EUR,ComFwd_WTI_QuantoEUR_5Y,2016-08-05,0.497268,1211,13700,0,0,8584,1210,1210,590.69,590.69
Up,false,CommodityVolatility/COMDTY_WTI_USD/3/1Y/ATM,0.00110885,,0.00000000,EUR,ComFwd_WTI_QuantoEUR_5Y,2016-09-06,0.584699,1425,15189,0,0,10543,1423,1423,715.08,715.08
Up,false,CommodityVolatility/COMDTY_WTI_USD/3/1Y/ATM,0.00110885,,0.00000000,EUR,ComFwd_WTI_QuantoEUR_5Y,2016-10-05,0.663934,1745,16097,0,0,12094,1742,1742,837.61,837.61
Up,false,CommodityVolatility/COMDTY_WTI_USD/3/1Y/ATM,0.00110885,,0.00000000,EUR,ComFwd_WTI_QuantoEUR_5Y,2016-11-07,0.754098,2330,16810,0,0,15645,2324,2324,1015.37,1015.37
Up,false,CommodityVolatility/COMDTY_WTI_USD/3/1Y/ATM,0.00110885,,0.00000000,EUR,ComFwd_WTI_QuantoEUR_5Y,2016-12-05,0.830601,2889,16993,0,0,18841,2881,2881,1187.20,1187.20
Up,false,CommodityVolatility/COMDTY_WTI_USD/3/1Y/ATM,0.00110885,,0.00000000,EUR,ComFwd_WTI_QuantoEUR_5Y,2017-01-05,0.915330,3649,17338,0,0,22696,3639,3639,1414.13,1414.13
Up,false,CommodityVolatility/COMDTY_WTI_USD/3/1Y/ATM,0.00110885,,0.00000000,EUR,ComFwd_WTI_QuantoEUR_5Y,2017-02-06,1.003002,4107,18428,0,0,24428,4094,4094,1648.34,1648.34
Up,false,CommodityVolatility/COMDTY_WTI_USD/3/1Y/ATM,0.00110885,,0.00000000,EUR,ComFwd_WTI_QuantoEUR_5Y,2017-03-06,1.079714,4644,19313,0,0,27401,4627,4627,1860.01,1860.01
Up,false,CommodityVolatility/COMDTY_WTI_USD/3/1Y/ATM,0.00110885,,0.00000000,EUR,ComFwd_WTI_QuantoEUR_5Y,2017-04-05,1.161906,5079,20063,0,0,32444,5059,5059,2086.31,2086.31
Up,false,CommodityVolatility/COMDTY_WTI_USD/3/1Y/ATM,0.00110885,,0.00000000,EUR,ComFwd_WTI_QuantoEUR_5Y,2017-05-05,1.244098,5760,20860,0,0,32175,5736,5736,2327.41,2327.41
Up,false,CommodityVolatility/COMDTY_WTI_USD/3/1Y/ATM,0.00110885,,0.00000000,EUR,ComFwd_WTI_QuantoEUR_5Y,2017-06-06,1.331769,6643,21623,0,0,39814,6613,6613,2609.54,2609.54
Up,false,CommodityVolatility/COMDTY_WTI_USD/3/1Y/ATM,0.00110885,,0.00000000,EUR,ComFwd_WTI_QuantoEUR_5Y,2017-07-05,1.411221,7292,22114,0,0,41327,7257,7257,2871.20,2871.20
Up,false,CommodityVolatility/COMDTY_WTI_USD/3/1Y/ATM,0.00110885,,0.00000000,EUR,ComFwd_WTI_QuantoEUR_5Y,2017-08-07,1.501632,7873,22906,0,0,43235,7833,7833,3169.93,3169.93
Up,false,CommodityVolatility/COMDTY_WTI_USD/3/1Y/ATM,0.00110885,,0.00000000,EUR,ComFwd_WTI_QuantoEUR_5Y,2017-09-05,1.581084,8506,23499,0,0,46052,8461,8461,3435.81,3435.81
Up,false,CommodityVolatility/COMDTY_WTI_USD/3/1Y/ATM,0.00110885,,0.00000000,EUR,ComFwd_WTI_QuantoEUR_5Y,2017-10-05,1.663276,9355,24187,0,0,50727,9302,9302,3725.70,3725.70
Up,false,CommodityVolatility/COMDTY_WTI_USD/3/1Y/ATM,0.00110885,,0.00000000,EUR,ComFwd_WTI_QuantoEUR_5Y,2017-11-06,1.750947,10209,24692,0,0,56331,10149,10149,4047.31,4047.31
Up,false,CommodityVolatility/COMDTY_WTI_USD/3/1Y/ATM,0.00110885,,0.00000000,EUR,ComFwd_WTI_QuantoEUR_5Y,2017-12-05,1.830399,10946,24949,0,0,62151,10877,10877,4343.77,4343.77
Up,false,CommodityVolatility/COMDTY_WTI_USD/3/1Y/ATM,0.00110885,,0.00000000,EUR,ComFwd_WTI_QuantoEUR_5Y,2018-01-05,1.915330,11589,25005,0,0,61327,11512,11512,4661.65,4661.65
Up,false,CommodityVolatility/COMDTY_WTI_USD/3/1Y/ATM,0.00110885,,0.00000000,EUR,ComFwd_WTI_QuantoEUR_5Y,2018-02-05,2.000262,12203,25982,0,0,65541,12118,12118,4978.24,4978.24
Up,false,CommodityVolatility/COMDTY_WTI_USD/3/1Y/ATM,0.00110885,,0.00000000,EUR,ComFwd_WTI_QuantoEUR_5Y,2018-03-05,2.076974,12818,26964,0,0,67891,12725,12725,5264.38,5264.38
Up,false,CommodityVolatility/COMDTY_WTI_USD/3/1Y/ATM,0.00110885,,0.00000000,EUR,ComFwd_WTI_QuantoEUR_5Y,2018-04-05,2.161906,13529,27526,0,0,71881,13429,13429,5585.11,5585.11
Up,false,CommodityVolatility/COMDTY_WTI_USD/3/1Y/ATM,0.00110885,,0.00000000,EUR,ComFwd_WTI_QuantoEUR_5Y,2018-05-08,2.252317,14275,28123,0,0,74378,14166,14166,5929.55,5929.55
Up,false,CommodityVolatility/COMDTY_WTI_USD/3/1Y/ATM,0.00110885,,0.00000000,EUR,ComFwd_WTI_QuantoEUR_5Y,2018-06-05,2.329029,15349,28787,0,0,78226,15229,15229,6235.85,6235.85
Up,false,CommodityVolatility/COMDTY_WTI_USD/3/1Y/ATM,0.00110885,,0.00000000,EUR,ComFwd_WTI_QuantoEUR_5Y,2018-07-05,2.411221,16302,29359,0,0,78037,16172,16172,6574.53,6574.53
Up,false,CommodityVolatility/COMDTY_WTI_USD/3/1Y/ATM,0.00110885,,0.00000000,EUR,ComFwd_WTI_QuantoEUR_5Y,2018-08-06,2.498892,16974,30405,0,0,83565,16835,16835,6934.51,6934.51
Up,false,CommodityVolatility/COMDTY_WTI_USD/3/1Y/ATM,0.00110885,,0.00000000,EUR,ComFwd_WTI_QuantoEUR_5Y,2018-09-05,2.581084,17323,30848,0,0,88198,17178,17178,7260.70,7260.70
Up,false,CommodityVolatility/COMDTY_WTI_USD/3/1Y/ATM,0.00110885,,0.00000000,EUR,ComFwd_WTI_QuantoEUR_5Y,2018-10-05,2.663276,18227,31372,0,0,89058,18070,18070,7594.30,7594.30
Up,false,CommodityVolatility/COMDTY_WTI_USD/3/1Y/ATM,0.00110885,,0.00000000,EUR,ComFwd_WTI_QuantoEUR_5Y,2018-11-05,2.748207,19378,31756,0,0,94920,19208,19208,7953.21,7953.21
Up,false,CommodityVolatility/COMDTY_WTI_USD/3/1Y/ATM,0.00110885,,0.00000000,EUR,ComFwd_WTI_QuantoEUR_5Y,2018-12-05,2.830399,20757,32002,0,0,93651,20571,20571,8319.62,8319.62
Up,false,CommodityVolatility/COMDTY_WTI_USD/3/1Y/ATM,0.00110885,,0.00000000,EUR,ComFwd_WTI_QuantoEUR_5Y,2019-01-07,2.920810,21927,31933,0,0,100047,21725,21725,8734.57,8734.57
Up,false,CommodityVolatility/COMDTY_WTI_USD/3/1Y/ATM,0.00110885,,0.00000000,EUR,ComFwd_WTI_QuantoEUR_5Y,2019-02-05,3.000262,22498,32698,0,0,101798,22287,22287,9093.45,9093.45
Up,false,CommodityVolatility/COMDTY_WTI_USD/3/1Y/ATM,0.00110885,,0.00000000,EUR,ComFwd_WTI_QuantoEUR_5Y,2019-03-05,3.076974,23188,33370,0,0,106650,22969,22969,9439.38,9439.38
Up,false,CommodityVolatility/COMDTY_WTI_USD/3/1Y/ATM,0.00110885,,0.00000000,EUR,ComFwd_WTI_QuantoEUR_5Y,2019-04-05,3.161906,23758,34047,0,0,103628,23532,23532,9817.93,9817.93
Up,false,CommodityVolatility/COMDTY_WTI_USD/3/1Y/ATM,0.00110885,,0.00000000,EUR,ComFwd_WTI_QuantoEUR_5Y,2019-05-07,3.249577,24901,34712,0,0,124031,24662,24662,10218.42,10218.42
Up,false,CommodityVolatility/COMDTY_WTI_USD/3/1Y/ATM,0.00110885,,0.00000000,EUR,ComFwd_WTI_QuantoEUR_5Y,2019-06-05,3.329029,25739,35178,0,0,119166,25491,25491,10582.93,10582.93
Up,false,CommodityVolatility/COMDTY_WTI_USD/3/1Y/ATM,0.00110885,,0.00000000,EUR,ComFwd_WTI_QuantoEUR_5Y,2019-07-05,3.411221,26597,35309,0,0,139067,26339,26339,10962.57,10962.57
Up,false,CommodityVolatility/COMDTY_WTI_USD/3/1Y/ATM,0.00110885,,0.00000000,EUR,ComFwd_WTI_QuantoEUR_5Y,2019-08-05,3.496152,27458,36477,0,0,146493,27191,27191,11356.79,11356.79
Up,false,CommodityVolatility/COMDTY_WTI_USD/3/1Y/ATM,0.00110885,,0.00000000,EUR,ComFwd_WTI_QuantoEUR_5Y,2019-09-05,3.581084,28237,37257,0,0,138115,27960,27960,11750.57,11750.57
Up,false,CommodityVolatility/COMDTY_WTI_USD/3/1Y/ATM,0.00110885,,0.00000000,EUR,ComFwd_WTI_QuantoEUR_5Y,2019-10-07,3.668755,29801,38216,0,0,152160,29507,29507,12174.90,12174.90
Up,false,CommodityVolatility/COMDTY_WTI_USD/3/1Y/ATM,0.00110885,,0.00000000,EUR,ComFwd_WTI_QuantoEUR_5Y,2019-11-05,3.748207,30497,38370,0,0,150745,30195,30195,12556.88,12556.88
Up,false,CommodityVolatility/COMDTY_WTI_USD/3/1Y/ATM,0.00110885,,0.00000000,EUR,ComFwd_WTI_QuantoEUR_5Y,2019-12-05,3.830399,31589,38327,0,0,146539,31275,31275,12958.52,12958.52
Up,false,CommodityVolatility/COMDTY_WTI_USD/3/1Y/ATM,0.00110885,,0.00000000,EUR,ComFwd_WTI_QuantoEUR_5Y,2020-01-06,3.918033,32382,38011,0,0,157357,32058,32058,13385.71,13385.71
Up,false,CommodityVolatility/COMDTY_WTI_USD/3/1Y/ATM,0.00110885,,0.00000000,EUR,ComFwd_WTI_QuantoEUR_5Y,2020-02-05,4.000000,32430,38531,0,0,153477,32103,32103,13769.27,13769.27
Up,false,CommodityVolatility/COMDTY_WTI_USD/3/1Y/ATM,0.00110885,,0.00000000,EUR,ComFwd_WTI_QuantoEUR_5Y,2020-03-05,4.079235,32660,37831,0,0,159368,32334,32334,14129.86,14129.86
Up,false,CommodityVolatility/COMDTY_WTI_USD/3/1Y/ATM,0.00110885,,0.00000000,EUR,ComFwd_WTI_QuantoEUR_5Y,2020-04-06,4.166667,33675,37700,0,0,162926,33342,33342,14533.00,14533.00
Up,false,CommodityVolatility/COMDTY_WTI_USD/3/1Y/ATM,0.00110885,,0.00000000,EUR,ComFwd_WTI_QuantoEUR_5Y,2020-05-05,4.245902,34953,37460,0,0,164182,34610,34610,14907.68,14907.68
Up,false,CommodityVolatility/COMDTY_WTI_USD/3/1Y/ATM,0.00110885,,0.00000000,EUR,ComFwd_WTI_QuantoEUR_5Y,2020-06-05,4.330601,36228,36751,0,0,161172,35877,35877,15317.81,15317.81
Up,false,CommodityVolatility/COMDTY_WTI_USD/3/1Y/ATM,0.00110885,,0.00000000,EUR,ComFwd_WTI_QuantoEUR_5Y,2020-07-06,4.415301,37539,36162,0,0,170312,37179,37179,15737.18,15737.18
Up,false,CommodityVolatility/COMDTY_WTI_USD/3/1Y/ATM,0.00110885,,0.00000000,EUR,ComFwd_WTI_QuantoEUR_5Y,2020-08-05,4.497268,37888,36512,0,0,171084,37529,37529,16134.35,16134.35
Up,false,CommodityVolatility/COMDTY_WTI_USD/3/1Y/ATM,0.00110885,,0.00000000,EUR,ComFwd_WTI_QuantoEUR_5Y,2020-09-08,4.590164,37715,35776,0,0,159091,37362,37529,16563.96,16567.33
Up,false,CommodityVolatility/COMDTY_WTI_USD/3/1Y/ATM,0.00110885,,0.00000000,EUR,ComFwd_WTI_QuantoEUR_5Y,2020-10-05,4.663934,38185,35295,0,0,163677,37831,37831,16900.34,16903.66
Up,false,CommodityVolatility/COMDTY_WTI_USD/3/1Y/ATM,0.00110885,,0.00000000,EUR,ComFwd_WTI_QuantoEUR_5Y,2020-11-05,4.748634,38655,34297,0,0,172319,38300,38300,17282.03,17285.29
Up,false,CommodityVolatility/COMDTY_WTI_USD/3/1Y/ATM,0.00110885,,0.00000000,EUR,ComFwd_WTI_QuantoEUR_5Y,2020-12-07,4.836066,40012,33387,0,0,177339,39649,39649,17686.41,17689.61
Up,false,CommodityVolatility/COMDTY_WTI_USD/3/1Y/ATM,0.00110885,,0.00000000,EUR,ComFwd_WTI_QuantoEUR_5Y,2021-01-05,4.915330,41264,32545,0,0,171371,40894,40894,18060.65,18063.80
Up,false,CommodityVolatility/COMDTY_WTI_USD/3/1Y/ATM,0.00110885,,0.00000000,EUR,ComFwd_WTI_QuantoEUR_5Y,2021-02-05,5.000262,0,0,0,0,0,0,40894,17753.89,18451.58
Up,false,CommodityVolatility/COMDTY_WTI_USD/1/5Y/0,0.00109155,,0.00000000,EUR,ComFwd_WTI_QuantoEUR_5Y,2016-02-05,0.000000,0,6085,0,0,0,0,0,0.00,0.00
Up,false,CommodityVolatility/COMDTY_WTI_USD/1/5Y/0,0.00109155,,0.00000000,EUR,ComFwd_WTI_QuantoEUR_5Y,2016-03-07,0.084699,36,7881,0,0,0,36,36,36.10,36.10
Up,false,CommodityVolatility/COMDTY_WTI_USD/1/5Y/0,0.00109155,,0.00000000,EUR,ComFwd_WTI_QuantoEUR_5Y,2016-04-05,0.163934,151,9226,0,0,292,151,151,91.48,91.48
Up,false,CommodityVolatility/COMDTY_WTI_USD/1/5Y/0,0.00109155,,0.00000000,EUR,ComFwd_WTI_QuantoEUR_5Y,2016-05-06,0.248634,351,10242,0,0,2508,350,350,179.65,179.65
Up,false,CommodityVolatility/COMDTY_WTI_USD/1/5Y/0,0.00109155,,0.00000000,EUR,ComFwd_WTI_QuantoEUR_5Y,2016-06-06,0.333333,702,11081,0,0,5981,701,701,312.22,312.22
Up,false,CommodityVolatility/COMDTY_WTI_USD/1/5Y/0,0.00109155,,0.00000000,EUR,ComFwd_WTI_QuantoEUR_5Y,2016-07-05,0.412568,1038,11691,0,0,7508,1037,1037,451.43,451.43
Up,false,CommodityVolatility/COMDTY_WTI_USD/1/5Y/0,0.00109155,,0.00000000,EUR,ComFwd_WTI_QuantoEUR_5Y,2016-08-05,0.497268,1183,13672,0,0,8414,1181,1181,575.72,575.72
Up,false,CommodityVolatility/COMDTY_WTI_USD/1/5Y/0,0.00109155,,0.00000000,EUR,ComFwd_WTI_QuantoEUR_5Y,2016-09-06,0.584699,1392,15157,0,0,10344,1390,1390,697.51,697.51
Up,false,CommodityVolatility/COMDTY_WTI_USD/1/5Y/0,0.00109155,,0.00000000,EUR,ComFwd_WTI_QuantoEUR_5Y,2016-10-05,0.663934,1709,16061,0,0,11879,1705,1705,817.80,817.80
Up,false,CommodityVolatility/COMDTY_WTI_USD/1/5Y/0,0.00109155,,0.00000000,EUR,ComFwd_WTI_QuantoEUR_5Y,2016-11-07,0.754098,2286,16766,0,0,15393,2280,2280,992.67,992.67
Up,false,CommodityVolatility/COMDTY_WTI_USD/1/5Y/0,0.00109155,,0.00000000,EUR,ComFwd_WTI_QuantoEUR_5Y,2016-12-05,0.830601,2836,16940,0,0,18562,2828,2828,1161.76,1161.76
Up,false,CommodityVolatility/COMDTY_WTI_USD/1/5Y/0,0.00109155,,0.00000000,EUR,ComFwd_WTI_QuantoEUR_5Y,2017-01-05,0.915330,3590,17279,0,0,22387,3579,3579,1385.54,1385.54
Up,false,CommodityVolatility/COMDTY_WTI_USD/1/5Y/0,0.00109155,,0.00000000,EUR,ComFwd_WTI_QuantoEUR_5Y,2017-02-06,1.003002,4040,18361,0,0,24086,4028,4028,1616.48,1616.48
Up,false,CommodityVolatility/COMDTY_WTI_USD/1/5Y/0,0.00109155,,0.00000000,EUR,ComFwd_WTI_QuantoEUR_5Y,2017-03-06,1.079714,4571,19241,0,0,27027,4555,4555,1825.28,1825.28
Up,false,CommodityVolatility/COMDTY_WTI_USD/1/5Y/0,0.00109155,,0.00000000,EUR,ComFwd_WTI_QuantoEUR_5Y,2017-04-05,1.161906,5001,19985,0,0,32043,4982,4982,2048.59,2048.59
Up,false,CommodityVolatility/COMDTY_WTI_USD/1/5Y/0,0.00109155,,0.00000000,EUR,ComFwd_WTI_QuantoEUR_5Y,2017-05-05,1.244098,5675,20775,0,0,31794,5652,5652,2286.62,2286.62
Up,false,CommodityVolatility/COMDTY_WTI_USD/1/5Y/0,0.00109155,,0.00000000,EUR,ComFwd_WTI_QuantoEUR_5Y,2017-06-06,1.331769,6549,21530,0,0,39347,6520,6520,2565.30,2565.30
Up,false,CommodityVolatility/COMDTY_WTI_USD/1/5Y/0,0.00109155,,0.00000000,EUR,ComFwd_WTI_QuantoEUR_5Y,2017-07-05,1.411221,7191,22014,0,0,40843,7157,7157,2823.83,2823.83
Up,false,CommodityVolatility/COMDTY_WTI_USD/1/5Y/0,0.00109155,,0.00000000,EUR,ComFwd_WTI_QuantoEUR_5Y,2017-08-07,1.501632,7767,22800,0,0,42747,7727,7727,3119.07,3119.07
Up,false,CommodityVolatility/COMDTY_WTI_USD/1/5Y/0,0.00109155,,0.00000000,EUR,ComFwd_WTI_QuantoEUR_5Y,2017-09-05,1.581084,8395,23387,0,0,45536,8350,8350,3381.94,3381.94
Up,false,CommodityVolatility/COMDTY_WTI_USD/1/5Y/0,0.00109155,,0.00000000,EUR,ComFwd_WTI_QuantoEUR_5Y,2017-10-05,1.663276,9236,24068,0,0,50179,9184,9184,3668.66,3668.66
Up,false,CommodityVolatility/COMDTY_WTI_USD/1/5Y/0,0.00109155,,0.00000000,EUR,ComFwd_WTI_QuantoEUR_5Y,2017-11-06,1.750947,10084,24566,0,0,55728,10024,10024,3986.87,3986.87
Up,false,CommodityVolatility/COMDTY_WTI_USD/1/5Y/0,0.00109155,,0.00000000,EUR,ComFwd_WTI_QuantoEUR_5Y,2017-12-05,1.830399,10816,24818,0,0,61492,10748,10748,4280.35,4280.35
Up,false,CommodityVolatility/COMDTY_WTI_USD/1/5Y/0,0.00109155,,0.00000000,EUR,ComFwd_WTI_QuantoEUR_5Y,2018-01-05,1.915330,11453,24868,0,0,60701,11377,11377,4595.02,4595.02
Up,false,CommodityVolatility/COMDTY_WTI_USD/1/5Y/0,0.00109155,,0.00000000,EUR,ComFwd_WTI_QuantoEUR_5Y,2018-02-05,2.000262,12061,25839,0,0,64874,11976,11976,4908.43,4908.43
Up,false,CommodityVolatility/COMDTY_WTI_USD/1/5Y/0,0.00109155,,0.00000000,EUR,ComFwd_WTI_QuantoEUR_5Y,2018-03-05,2.076974,12670,26814,0,0,67194,12579,12579,5191.73,5191.73
Up,false,CommodityVolatility/COMDTY_WTI_USD/1/5Y/0,0.00109155,,0.00000000,EUR,ComFwd_WTI_QuantoEUR_5Y,2018-04-05,2.161906,13375,27370,0,0,71151,13276,13276,5509.31,5509.31
Up,false,CommodityVolatility/COMDTY_WTI_USD/1/5Y/0,0.00109155,,0.00000000,EUR,ComFwd_WTI_QuantoEUR_5Y,2018-05-08,2.252317,14115,27962,0,0,73627,14007,14007,5850.44,5850.44
Up,false,CommodityVolatility/COMDTY_WTI_USD/1/5Y/0,0.00109155,,0.00000000,EUR,ComFwd_WTI_QuantoEUR_5Y,2018-06-05,2.329029,15182,28619,0,0,77446,15063,15063,6153.88,6153.88
Up,false,CommodityVolatility/COMDTY_WTI_USD/1/5Y/0,0.00109155,,0.00000000,EUR,ComFwd_WTI_QuantoEUR_5Y,2018-07-05,2.411221,16127,29182,0,0,77275,15998,15998,6489.45,6489.45
Up,false,CommodityVolatility/COMDTY_WTI_USD/1/5Y/0,0.00109155,,0.00000000,EUR,ComFwd_WTI_QuantoEUR_5Y,2018-08-06,2.498892,16792,30222,0,0,82749,16655,16655,6846.08,6846.08
Up,false,CommodityVolatility/COMDTY_WTI_USD/1/5Y/0,0.00109155,,0.00000000,EUR,ComFwd_WTI_QuantoEUR_5Y,2018-09-05,2.581084,17139,30662,0,0,87310,16996,16996,7169.28,7169.28
Up,false,CommodityVolatility/COMDTY_WTI_USD/1/5Y/0,0.00109155,,0.00000000,EUR,ComFwd_WTI_QuantoEUR_5Y,2018-10-05,2.663276,18035,31179,0,0,88196,17881,17881,7499.85,7499.85
Up,false,CommodityVolatility/COMDTY_WTI_USD/1/5Y/0,0.00109155,,0.00000000,EUR,ComFwd_WTI_QuantoEUR_5Y,2018-11-05,2.748207,19179,31555,0,0,94003,19011,19011,7855.59,7855.59
Up,false,CommodityVolatility/COMDTY_WTI_USD/1/5Y/0,0.00109155,,0.00000000,EUR,ComFwd_WTI_QuantoEUR_5Y,2018-12-05,2.830399,20551,31792,0,0,92765,20366,20366,8218.89,8218.89
Up,false,CommodityVolatility/COMDTY_WTI_USD/1/5Y/0,0.00109155,,0.00000000,EUR,ComFwd_WTI_QuantoEUR_5Y,2019-01-07,2.920810,21714,31717,0,0,99116,21514,21514,8630.42,8630.42
Up,false,CommodityVolatility/COMDTY_WTI_USD/1/5Y/0,0.00109155,,0.00000000,EUR,ComFwd_WTI_QuantoEUR_5Y,2019-02-05,3.000262,22279,32477,0,0,100849,22070,22070,8986.33,8986.33
Up,false,CommodityVolatility/COMDTY_WTI_USD/1/5Y/0,0.00109155,,0.00000000,EUR,ComFwd_WTI_QuantoEUR_5Y,2019-03-05,3.076974,22965,33144,0,0,105660,22747,22747,9329.41,9329.41
Up,false,CommodityVolatility/COMDTY_WTI_USD/1/5Y/0,0.00109155,,0.00000000,EUR,ComFwd_WTI_QuantoEUR_5Y,2019-04-05,3.161906,23530,33814,0,0,102667,23306,23306,9704.84,9704.84
Up,false,CommodityVolatility/COMDTY_WTI_USD/1/5Y/0,0.00109155,,0.00000000,EUR,ComFwd_WTI_QuantoEUR_5Y,2019-05-07,3.249577,24665,34472,0,0,122884,24428,24428,10102.07,10102.07
Up,false,CommodityVolatility/COMDTY_WTI_USD/1/5Y/0,0.00109155,,0.00000000,EUR,ComFwd_WTI_QuantoEUR_5Y,2019-06-05,3.329029,25498,34931,0,0,118078,25253,25253,10463.66,10463.66
Up,false,CommodityVolatility/COMDTY_WTI_USD/1/5Y/0,0.00109155,,0.00000000,EUR,ComFwd_WTI_QuantoEUR_5Y,2019-07-05,3.411221,26351,35059,0,0,137790,26096,26096,10840.30,10840.30
Up,false,CommodityVolatility/COMDTY_WTI_USD/1/5Y/0,0.00109155,,0.00000000,EUR,ComFwd_WTI_QuantoEUR_5Y,2019-08-05,3.496152,27203,36219,0,0,145165,26938,26938,11231.36,11231.36
Up,false,CommodityVolatility/COMDTY_WTI_USD/1/5Y/0,0.00109155,,0.00000000,EUR,ComFwd_WTI_QuantoEUR_5Y,2019-09-05,3.581084,27975,36994,0,0,136864,27701,27701,11621.97,11621.97
Up,false,CommodityVolatility/COMDTY_WTI_USD/1/5Y/0,0.00109155,,0.00000000,EUR,ComFwd_WTI_QuantoEUR_5Y,2019-10-07,3.668755,29526,37944,0,0,150781,29236,29236,12042.88,12042.88
Up,false,CommodityVolatility/COMDTY_WTI_USD/1/5Y/0,0.00109155,,0.00000000,EUR,ComFwd_WTI_QuantoEUR_5Y,2019-11-05,3.748207,30220,38092,0,0,149378,29921,29921,12421.84,12421.84
Up,false,CommodityVolatility/COMDTY_WTI_USD/1/5Y/0,0.00109155,,0.00000000,EUR,ComFwd_WTI_QuantoEUR_5Y,2019-12-05,3.830399,31307,38044,0,0,145241,30996,30996,12820.40,12820.40
Up,false,CommodityVolatility/COMDTY_WTI_USD/1/5Y/0,0.00109155,,0.00000000,EUR,ComFwd_WTI_QuantoEUR_5Y,2020-01-06,3.918033,32098,37725,0,0,155971,31777,31777,13244.40,13244.40
Up,false,CommodityVolatility/COMDTY_WTI_USD/1/5Y/0,0.00109155,,0.00000000,EUR,ComFwd_WTI_QuantoEUR_5Y,2020-02-05,4.000000,32144,38244,0,0,152112,31821,31821,13625.06,13625.06
Up,false,CommodityVolatility/COMDTY_WTI_USD/1/5Y/0,0.00109155,,0.00000000,EUR,ComFwd_WTI_QuantoEUR_5Y,2020-03-05,4.079235,32377,37545,0,0,157988,32053,32053,13983.01,13983.01
Up,false,CommodityVolatility/COMDTY_WTI_USD/1/5Y/0,0.00109155,,0.00000000,EUR,ComFwd_WTI_QuantoEUR_5Y,2020-04-06,4.166667,33387,37409,0,0,161536,33057,33057,14383.25,14383.25
Up,false,CommodityVolatility/COMDTY_WTI_USD/1/5Y/0,0.00109155,,0.00000000,EUR,ComFwd_WTI_QuantoEUR_5Y,2020-05-05,4.245902,34661,37165,0,0,162748,34321,34321,14755.33,14755.33
Up,false,CommodityVolatility/COMDTY_WTI_USD/1/5Y/0,0.00109155,,0.00000000,EUR,ComFwd_WTI_QuantoEUR_5Y,2020-06-05,4.330601,35932,36454,0,0,159805,35584,35584,15162.69,15162.69
Up,false,CommodityVolatility/COMDTY_WTI_USD/1/5Y/0,0.00109155,,0.00000000,EUR,ComFwd_WTI_QuantoEUR_5Y,2020-07-06,4.415301,37240,35863,0,0,168836,36884,36884,15579.37,15579.37
Up,false,CommodityVolatility/COMDTY_WTI_USD/1/5Y/0,0.00109155,,0.00000000,EUR,ComFwd_WTI_QuantoEUR_5Y,2020-08-05,4.497268,37587,36211,0,0,169732,37231,37231,15973.99,15973.99
Up,false,CommodityVolatility/COMDTY_WTI_USD/1/5Y/0,0.00109155,,0.00000000,EUR,ComFwd_WTI_QuantoEUR_5Y,2020-09-08,4.590164,37419,35477,0,0,157788,37068,37231,16400.89,16404.18
Up,false,CommodityVolatility/COMDTY_WTI_USD/1/5Y/0,0.00109155,,0.00000000,EUR,ComFwd_WTI_QuantoEUR_5Y,2020-10-05,4.663934,37888,34995,0,0,162261,37536,37536,16735.19,16738.43
Up,false,CommodityVolatility/COMDTY_WTI_USD/1/5Y/0,0.00109155,,0.00000000,EUR,ComFwd_WTI_QuantoEUR_5Y,2020-11-05,4.748634,38361,33999,0,0,170939,38009,38009,17114.64,17117.82
Up,false,CommodityVolatility/COMDTY_WTI_USD/1/5Y/0,0.00109155,,0.00000000,EUR,ComFwd_WTI_QuantoEUR_5Y,2020-12-07,4.836066,39716,33087,0,0,175785,39356,39356,17516.74,17519.86
Up,false,CommodityVolatility/COMDTY_WTI_USD/1/5Y/0,0.00109155,,0.00000000,EUR,ComFwd_WTI_QuantoEUR_5Y,2021-01-05,4.915330,40968,32247,0,0,169955,40601,40601,17888.99,17892.06
Up,false,CommodityVolatility/COMDTY_WTI_USD/1/5Y/0,0.00109155,,0.00000000,EUR,ComFwd_WTI_QuantoEUR_5Y,2021-02-05,5.000262,0,0,0,0,0,0,40601,17585.14,18277.78
Up,false,CommodityVolatility/COMDTY_WTI_USD/4/5Y/ATM,0.00109155,,0.00000000,EUR,ComFwd_WTI_QuantoEUR_5Y,2016-02-05,0.000000,0,6085,0,0,0,0,0,0.00,0.00
Up,false,CommodityVolatility/COMDTY_WTI_USD/4/5Y/ATM,0.00109155,,0.00000000,EUR,ComFwd_WTI_QuantoEUR_5Y,2016-03-07,0.084699,36,7881,0,0,0,36,36,36.38,36.38
Up,false,CommodityVolatility/COMDTY_WTI_USD/4/5Y/ATM,0.00109155,,0.00000000,EUR,ComFwd_WTI_QuantoEUR_5Y,2016-04-05,0.163934,152,9227,0,0,303,152,152,92.10,92.10
Up,false,CommodityVolatility/COMDTY_WTI_USD/4/5Y/ATM,0.00109155,,0.00000000,EUR,ComFwd_WTI_QuantoEUR_5Y,2016-05-06,0.248634,353,10244,0,0,2526,352,352,180.76,180.76
Up,false,CommodityVolatility/COMDTY_WTI_USD/4/5Y/ATM,0.00109155,,0.00000000,EUR,ComFwd_WTI_QuantoEUR_5Y,2016-06-06,0.333333,705,11084,0,0,6006,704,704,313.82,313.82
Up,false,CommodityVolatility/COMDTY_WTI_USD/4/5Y/ATM,0.00109155,,0.00000000,EUR,ComFwd_WTI_QuantoEUR_5Y,2016-07-05,0.412568,1042,11695,0,0,7532,1041,1041,453.53,453.53
Up,false,CommodityVolatility/COMDTY_WTI_USD/4/5Y/ATM,0.00109155,,0.00000000,EUR,ComFwd_WTI_QuantoEUR_5Y,2016-08-05,0.497268,1188,13677,0,0,8444,1186,1186,578.30,578.30
Up,false,CommodityVolatility/COMDTY_WTI_USD/4/5Y/ATM,0.00109155,,0.00000000,EUR,ComFwd_WTI_QuantoEUR_5Y,2016-09-06,0.584699,1398,15163,0,0,10378,1396,1396,700.54,700.54
Up,false,CommodityVolatility/COMDTY_WTI_USD/4/5Y/ATM,0.00109155,,0.00000000,EUR,ComFwd_WTI_QuantoEUR_5Y,2016-10-05,0.663934,1715,16067,0,0,11916,1712,1712,821.21,821.21
Up,false,CommodityVolatility/COMDTY_WTI_USD/4/5Y/ATM,0.00109155,,0.00000000,EUR,ComFwd_WTI_QuantoEUR_5Y,2016-11-07,0.754098,2293,16774,0,0,15437,2288,2288,996.58,996.58
Up,false,CommodityVolatility/COMDTY_WTI_USD/4/5Y/ATM,0.00109155,,0.00000000,EUR,ComFwd_WTI_QuantoEUR_5Y,2016-12-05,0.830601,2845,16949,0,0,18610,2838,2838,1166.15,1166.15
Up,false,CommodityVolatility/COMDTY_WTI_USD/4/5Y/ATM,0.00109155,,0.00000000,EUR,ComFwd_WTI_QuantoEUR_5Y,2017-01-05,0.915330,3600,17289,0,0,22441,3590,3590,1390.47,1390.47
Up,false,CommodityVolatility/COMDTY_WTI_USD/4/5Y/ATM,0.00109155,,0.00000000,EUR,ComFwd_WTI_QuantoEUR_5Y,2017-02-06,1.003002,4052,18373,0,0,24145,4039,4039,1621.98,1621.98
Up,false,CommodityVolatility/COMDTY_WTI_USD/4/5Y/ATM,0.00109155,,0.00000000,EUR,ComFwd_WTI_QuantoEUR_5Y,2017-03-06,1.079714,4584,19253,0,0,27092,4568,4568,1831.28,1831.28
Up,false,CommodityVolatility/COMDTY_WTI_USD/4/5Y/ATM,0.00109155,,0.00000000,EUR,ComFwd_WTI_QuantoEUR_5Y,2017-04-05,1.161906,5015,19998,0,0,32112,4995,4995,2055.11,2055.11
Up,false,CommodityVolatility/COMDTY_WTI_USD/4/5Y/ATM,0.00109155,,0.00000000,EUR,ComFwd_WTI_QuantoEUR_5Y,2017-05-05,1.244098,5690,20789,0,0,31860,5666,5666,2293.67,2293.67
Up,false,CommodityVolatility/COMDTY_WTI_USD/4/5Y/ATM,0.00109155,,0.00000000,EUR,ComFwd_WTI_QuantoEUR_5Y,2017-06-06,1.331769,6565,21546,0,0,39428,6536,6536,2572.94,2572.94
Up,false,CommodityVolatility/COMDTY_WTI_USD/4/5Y/ATM,0.00109155,,0.00000000,EUR,ComFwd_WTI_QuantoEUR_5Y,2017-07-05,1.411221,7209,22031,0,0,40926,7175,7175,2832.02,2832.02
Up,false,CommodityVolatility/COMDTY_WTI_USD/4/5Y/ATM,0.00109155,,0.00000000,EUR,ComFwd_WTI_QuantoEUR_5Y,2017-08-07,1.501632,7785,22818,0,0,42831,7746,7746,3127.86,3127.86
Up,false,CommodityVolatility/COMDTY_WTI_USD/4/5Y/ATM,0.00109155,,0.00000000,EUR,ComFwd_WTI_QuantoEUR_5Y,2017-09-05,1.581084,8414,23406,0,0,45626,8369,8369,3391.24,3391.24
Up,false,CommodityVolatility/COMDTY_WTI_USD/4/5Y/ATM,0.00109155,,0.00000000,EUR,ComFwd_WTI_QuantoEUR_5Y,2017-10-05,1.663276,9257,24088,0,0,50274,9205,9205,3678.51,3678.51
Up,false,CommodityVolatility/COMDTY_WTI_USD/4/5Y/ATM,0.00109155,,0.00000000,EUR,ComFwd_WTI_QuantoEUR_5Y,2017-11-06,1.750947,10106,24588,0,0,55833,10046,10046,3997.31,3997.31
Up,false,CommodityVolatility/COMDTY_WTI_USD/4/5Y/ATM,0.00109155,,0.00000000,EUR,ComFwd_WTI_QuantoEUR_5Y,2017-12-05,1.830399,10838,24841,0,0,61608,10770,10770,4291.31,4291.31
Up,false,CommodityVolatility/COMDTY_WTI_USD/4/5Y/ATM,0.00109155,,0.00000000,EUR,ComFwd_WTI_QuantoEUR_5Y,2018-01-05,1.915330,11476,24892,0,0,60809,11400,11400,4606.53,4606.53
Up,false,CommodityVolatility/COMDTY_WTI_USD/4/5Y/ATM,0.00109155,,0.00000000,EUR,ComFwd_WTI_QuantoEUR_5Y,2018-02-05,2.000262,12085,25864,0,0,64989,12001,12001,4920.49,4920.49
Up,false,CommodityVolatility/COMDTY_WTI_USD/4/5Y/ATM,0.00109155,,0.00000000,EUR,ComFwd_WTI_QuantoEUR_5Y,2018-03-05,2.076974,12695,26840,0,0,67315,12604,12604,5204.29,5204.29
Up,false,CommodityVolatility/COMDTY_WTI_USD/4/5Y/ATM,0.00109155,,0.00000000,EUR,ComFwd_WTI_QuantoEUR_5Y,2018-04-05,2.161906,13401,27397,0,0,71277,13302,13302,5522.41,5522.41
Up,false,CommodityVolatility/COMDTY_WTI_USD/4/5Y/ATM,0.00109155,,0.00000000,EUR,ComFwd_WTI_QuantoEUR_5Y,2018-05-08,2.252317,14143,27990,0,0,73757,14035,14035,5864.11,5864.11
Up,false,CommodityVolatility/COMDTY_WTI_USD/4/5Y/ATM,0.00109155,,0.00000000,EUR,ComFwd_WTI_QuantoEUR_5Y,2018-06-05,2.329029,15211,28648,0,0,77581,15092,15092,6168.05,6168.05
Up,false,CommodityVolatility/COMDTY_WTI_USD/4/5Y/ATM,0.00109155,,0.00000000,EUR,ComFwd_WTI_QuantoEUR_5Y,2018-07-05,2.411221,16157,29212,0,0,77407,16028,16028,6504.16,6504.16
Up,false,CommodityVolatility/COMDTY_WTI_USD/4/5Y/ATM,0.00109155,,0.00000000,EUR,ComFwd_WTI_QuantoEUR_5Y,2018-08-06,2.498892,16824,30253,0,0,82890,16686,16686,6861.37,6861.37
Up,false,CommodityVolatility/COMDTY_WTI_USD/4/5Y/ATM,0.00109155,,0.00000000,EUR,ComFwd_WTI_QuantoEUR_5Y,2018-09-05,2.581084,17171,30694,0,0,87464,17027,17027,7185.09,7185.09
Up,false,CommodityVolatility/COMDTY_WTI_USD/4/5Y/ATM,0.00109155,,0.00000000,EUR,ComFwd_WTI_QuantoEUR_5Y,2018-10-05,2.663276,18069,31212,0,0,88345,17913,17913,7516.17,7516.17
Up,false,CommodityVolatility/COMDTY_WTI_USD/4/5Y/ATM,0.00109155,,0.00000000,EUR,ComFwd_WTI_QuantoEUR_5Y,2018-11-05,2.748207,19214,31590,0,0,94161,19045,19045,7872.46,7872.46
Up,false,CommodityVolatility/COMDTY_WTI_USD/4/5Y/ATM,0.00109155,,0.00000000,EUR,ComFwd_WTI_QuantoEUR_5Y,2018-12-05,2.830399,20587,31829,0,0,92918,20402,20402,8236.30,8236.30
Up,false,CommodityVolatility/COMDTY_WTI_USD/4/5Y/ATM,0.00109155,,0.00000000,EUR,ComFwd_WTI_QuantoEUR_5Y,2019-01-07,2.920810,21751,31754,0,0,99277,21550,21550,8648.43,8648.43
Up,false,CommodityVolatility/COMDTY_WTI_USD/4/5Y/ATM,0.00109155,,0.00000000,EUR,ComFwd_WTI_QuantoEUR_5Y,2019-02-05,3.000262,22317,32515,0,0,101013,22108,22108,9004.85,9004.85
Up,false,CommodityVolatility/COMDTY_WTI_USD/4/5Y/ATM,0.00109155,,0.00000000,EUR,ComFwd_WTI_QuantoEUR_5Y,2019-03-05,3.076974,23003,33183,0,0,105831,22786,22786,9348.43,9348.43
Up,false,CommodityVolatility/COMDTY_WTI_USD/4/5Y/ATM,0.00109155,,0.00000000,EUR,ComFwd_WTI_QuantoEUR_5Y,2019-04-05,3.161906,23570,33854,0,0,102833,23345,23345,9724.39,9724.39
Up,false,CommodityVolatility/COMDTY_WTI_USD/4/5Y/ATM,0.00109155,,0.00000000,EUR,ComFwd_WTI_QuantoEUR_5Y,2019-05-07,3.249577,24706,34514,0,0,123082,24469,24469,10122.19,10122.19
Up,false,CommodityVolatility/COMDTY_WTI_USD/4/5Y/ATM,0.00109155,,0.00000000,EUR,ComFwd_WTI_QuantoEUR_5Y,2019-06-05,3.329029,25540,34974,0,0,118266,25294,25294,10484.28,10484.28
Up,false,CommodityVolatility/COMDTY_WTI_USD/4/5Y/ATM,0.00109155,,0.00000000,EUR,ComFwd_WTI_QuantoEUR_5Y,2019-07-05,3.411221,26393,35102,0,0,138011,26138,26138,10861.44,10861.44
Up,false,CommodityVolatility/COMDTY_WTI_USD/4/5Y/ATM,0.00109155,,0.00000000,EUR,ComFwd_WTI_QuantoEUR_5Y,2019-08-05,3.496152,27247,36264,0,0,145395,26982,26982,11253.05,11253.05
Up,false,CommodityVolatility/COMDTY_WTI_USD/4/5Y/ATM,0.00109155,,0.00000000,EUR,ComFwd_WTI_QuantoEUR_5Y,2019-09-05,3.581084,28020,37040,0,0,137080,27746,27746,11644.20,11644.20
Up,false,CommodityVolatility/COMDTY_WTI_USD/4/5Y/ATM,0.00109155,,0.00000000,EUR,ComFwd_WTI_QuantoEUR_5Y,2019-10-07,3.668755,29574,37991,0,0,151019,29283,29283,12065.71,12065.71
Up,false,CommodityVolatility/COMDTY_WTI_USD/4/5Y/ATM,0.00109155,,0.00000000,EUR,ComFwd_WTI_QuantoEUR_5Y,2019-11-05,3.748207,30268,38140,0,0,149614,29968,29968,12445.19,12445.19
Up,false,CommodityVolatility/COMDTY_WTI_USD/4/5Y/ATM,0.00109155,,0.00000000,EUR,ComFwd_WTI_QuantoEUR_5Y,2019-12-05,3.830399,31356,38093,0,0,145466,31044,31044,12844.28,12844.28
Up,false,CommodityVolatility/COMDTY_WTI_USD/4/5Y/ATM,0.00109155,,0.00000000,EUR,ComFwd_WTI_QuantoEUR_5Y,2020-01-06,3.918033,32147,37775,0,0,156211,31826,31826,13268.83,13268.83
Up,false,CommodityVolatility/COMDTY_WTI_USD/4/5Y/ATM,0.00109155,,0.00000000,EUR,ComFwd_WTI_QuantoEUR_5Y,2020-02-05,4.000000,32194,38293,0,0,152348,31870,31870,13650.00,13650.00
Up,false,CommodityVolatility/COMDTY_WTI_USD/4/5Y/ATM,0.00109155,,0.00000000,EUR,ComFwd_WTI_QuantoEUR_5Y,2020-03-05,4.079235,32426,37594,0,0,158227,32102,32102,14008.40,14008.40
Up,false,CommodityVolatility/COMDTY_WTI_USD/4/5Y/ATM,0.00109155,,0.00000000,EUR,ComFwd_WTI_QuantoEUR_5Y,2020-04-06,4.166667,33437,37459,0,0,161776,33107,33107,14409.15,14409.15
Up,false,CommodityVolatility/COMDTY_WTI_USD/4/5Y/ATM,0.00109155,,0.00000000,EUR,ComFwd_WTI_QuantoEUR_5Y,2020-05-05,4.245902,34711,37216,0,0,162996,34371,34371,14781.67,14781.67
Up,false,CommodityVolatility/COMDTY_WTI_USD/4/5Y/ATM,0.00109155,,0.00000000,EUR,ComFwd_WTI_QuantoEUR_5Y,2020-06-05,4.330601,35983,36505,0,0,160041,35634,35634,15189.52,15189.52
Up,false,CommodityVolatility/COMDTY_WTI_USD/4/5Y/ATM,0.00109155,,0.00000000,EUR,ComFwd_WTI_QuantoEUR_5Y,2020-07-06,4.415301,37292,35915,0,0,169091,36935,36935,15606.66,15606.66
Up,false,CommodityVolatility/COMDTY_WTI_USD/4/5Y/ATM,0.00109155,,0.00000000,EUR,ComFwd_WTI_QuantoEUR_5Y,2020-08-05,4.497268,37639,36263,0,0,169966,37282,37282,16001.72,16001.72
Up,false,CommodityVolatility/COMDTY_WTI_USD/4/5Y/ATM,0.00109155,,0.00000000,EUR,ComFwd_WTI_QuantoEUR_5Y,2020-09-08,4.590164,37470,35529,0,0,158013,37119,37282,16429.09,16432.39
Up,false,CommodityVolatility/COMDTY_WTI_USD/4/5Y/ATM,0.00109155,,0.00000000,EUR,ComFwd_WTI_QuantoEUR_5Y,2020-10-05,4.663934,37939,35047,0,0,162506,37587,37587,16763.76,16767.01
Up,false,CommodityVolatility/COMDTY_WTI_USD/4/5Y/ATM,0.00109155,,0.00000000,EUR,ComFwd_WTI_QuantoEUR_5Y,2020-11-05,4.748634,38412,34051,0,0,171178,38059,38059,17143.59,17146.79
Up,false,CommodityVolatility/COMDTY_WTI_USD/4/5Y/ATM,0.00109155,,0.00000000,EUR,ComFwd_WTI_QuantoEUR_5Y,2020-12-07,4.836066,39767,33139,0,0,176054,39406,39406,17546.08,17549.22
Up,false,CommodityVolatility/COMDTY_WTI_USD/4/5Y/ATM,0.00109155,,0.00000000,EUR,ComFwd_WTI_QuantoEUR_5Y,2021-01-05,4.915330,41019,32298,0,0,170200,40652,40652,17918.68,17921.77
Up,false,CommodityVolatility/COMDTY_WTI_USD/4/5Y/ATM,0.00109155,,0.00000000,EUR,ComFwd_WTI_QuantoEUR_5Y,2021-02-05,5.000262,0,0,0,0,0,0,40652,17614.33,18307.84
Up,false,CommodityVolatility/COMDTY_WTI_USD/2/10Y/0,0.00102159,,0.00000000,EUR,ComFwd_WTI_QuantoEUR_5Y,2016-02-05,0.000000,0,6085,0,0,0,0,0,0.00,0.00
Up,false,CommodityVolatility/COMDTY_WTI_USD/2/10Y/0,0.00102159,,0.00000000,EUR,ComFwd_WTI_QuantoEUR_5Y,2016-03-07,0.084699,36,7881,0,0,0,36,36,36.10,36.10
Up,false,CommodityVolatility/COMDTY_WTI_USD/2/10Y/0,0.00102159,,0.00000000,EUR,ComFwd_WTI_QuantoEUR_5Y,2016-04-05,0.163934,151,9226,0,0,292,151,151,91.48,91.48
Up,false,CommodityVolatility/COMDTY_WTI_USD/2/10Y/0,0.00102159,,0.00000000,EUR,ComFwd_WTI_QuantoEUR_5Y,2016-05-06,0.248634,351,10242,0,0,2508,350,350,179.65,179.65
Up,false,CommodityVolatility/COMDTY_WTI_USD/2/10Y/0,0.00102159,,0.00000000,EUR,ComFwd_WTI_QuantoEUR_5Y,2016-06-06,0.333333,702,11081,0,0,5981,701,701,312.22,312.22
Up,false,CommodityVolatility/COMDTY_WTI_USD/2/10Y/0,0.00102159,,0.00000000,EUR,ComFwd_WTI_QuantoEUR_5Y,2016-07-05,0.412568,1038,11691,0,0,7508,1037,1037,451.43,451.43
Up,false,CommodityVolatility/COMDTY_WTI_USD/2/10Y/0,0.00102159,,0.00000000,EUR,ComFwd_WTI_QuantoEUR_5Y,2016-08-05,0.497268,1183,13672,0,0,8414,1181,1181,575.72,575.72
Up,false,CommodityVolatility/COMDTY_WTI_USD/2/10Y/0,0.00102159,,0.00000000,EUR,ComFwd_WTI_QuantoEUR_5Y,2016-09-06,0.584699,1392,15157,0,0,10344,1390,1390,697.51,697.51
Up,false,CommodityVolatility/COMDTY_WTI_USD/2/10Y/0,0.00102159,,0.00000000,EUR,ComFwd_WTI_QuantoEUR_5Y,2016-10-05,0.663934,1709,16061,0,0,11879,1705,1705,817.80,817.80
Up,false,CommodityVolatility/COMDTY_WTI_USD/2/10Y/0,0.00102159,,0.00000000,EUR,ComFwd_WTI_QuantoEUR_5Y,2016-11-07,0.754098,2286,16766,0,0,15393,2280,2280,992.67,992.67
Up,false,CommodityVolatility/COMDTY_WTI_USD/2/10Y/0,0.00102159,,0.00000000,EUR,ComFwd_WTI_QuantoEUR_5Y,2016-12-05,0.830601,2836,16940,0,0,18562,2828,2828,1161.76,1161.76
Up,false,CommodityVolatility/COMDTY_WTI_USD/2/10Y/0,0.00102159,,0.00000000,EUR,ComFwd_WTI_QuantoEUR_5Y,2017-01-05,0.915330,3590,17279,0,0,22387,3579,3579,1385.54,1385.54
Up,false,CommodityVolatility/COMDTY_WTI_USD/2/10Y/0,0.00102159,,0.00000000,EUR,ComFwd_WTI_QuantoEUR_5Y,2017-02-06,1.003002,4040,18361,0,0,24086,4028,4028,1616.48,1616.48
Up,false,CommodityVolatility/COMDTY_WTI_USD/2/10Y/0,0.00102159,,0.00000000,EUR,ComFwd_WTI_QuantoEUR_5Y,2017-03-06,1.079714,4571,19241,0,0,27027,4555,4555,1825.28,1825.28
Up,false,CommodityVolatility/COMDTY_WTI_USD/2/10Y/0,0.00102159,,0.00000000,EUR,ComFwd_WTI_QuantoEUR_5Y,2017-04-05,1.161906,5001,19985,0,0,32043,4982,4982,2048.59,2048.59
Up,false,CommodityVolatility/COMDTY_WTI_USD/2/10Y/0,0.00102159,,0.00000000,EUR,ComFwd_WTI_QuantoEUR_5Y,2017-05-05,1.244098,5675,20775,0,0,31794,5652,5652,2286.62,2286.62
Up,false,CommodityVolatility/COMDTY_WTI_USD/2/10Y/0,0.00102159,,0.00000000,EUR,ComFwd_WTI_QuantoEUR_5Y,2017-06-06,1.331769,6549,21530,0,0,39347,6520,6520,2565.30,2565.30
Up,false,CommodityVolatility/COMDTY_WTI_USD/2/10Y/0,0.00102159,,0.00000000,EUR,ComFwd_WTI_QuantoEUR_5Y,2017-07-05,1.411221,7191,22014,0,0,40843,7157,7157,2823.83,2823.83
Up,false,CommodityVolatility/COMDTY_WTI_USD/2/10Y/0,0.00102159,,0.00000000,EUR,ComFwd_WTI_QuantoEUR_5Y,2017-08-07,1.501632,7767,22800,0,0,42747,7727,7727,3119.07,3119.07
Up,false,CommodityVolatility/COMDTY_WTI_USD/2/10Y/0,0.00102159,,0.00000000,EUR,ComFwd_WTI_QuantoEUR_5Y,2017-09-05,1.581084,8395,23387,0,0,45536,8350,8350,3381.94,3381.94
Up,false,CommodityVolatility/COMDTY_WTI_USD/2/10Y/0,0.00102159,,0.00000000,EUR,ComFwd_WTI_QuantoEUR_5Y,2017-10-05,1.663276,9236,24068,0,0,50179,9184,9184,3668.66,3668.66
Up,false,CommodityVolatility/COMDTY_WTI_USD/2/10Y/0,0.00102159,,0.00000000,EUR,ComFwd_WTI_QuantoEUR_5Y,2017-11-06,1.750947,10084,24566,0,0,55728,10024,10024,3986.87,3986.87
Up,false,CommodityVolatility/COMDTY_WTI_USD/2/10Y/0,0.00102159,,0.00000000,EUR,ComFwd_WTI_QuantoEUR_5Y,2017-12-05,1.830399,10816,24818,0,0,61492,10748,10748,4280.35,4280.35
Up,false,CommodityVolatility/COMDTY_WTI_USD/2/10Y/0,0.00102159,,0.00000000,EUR,ComFwd_WTI_QuantoEUR_5Y,2018-01-05,1.915330,11453,24868,0,0,60701,11377,11377,4595.02,4595.02
Up,false,CommodityVolatility/COMDTY_WTI_USD/2/10Y/0,0.00102159,,0.00000000,EUR,ComFwd_WTI_QuantoEUR_5Y,2018-02-05,2.000262,12061,25839,0,0,64874,11976,11976,4908.43,4908.43
Up,false,CommodityVolatility/COMDTY_WTI_USD/2/10Y/0,0.00102159,,0.00000000,EUR,ComFwd_WTI_QuantoEUR_5Y,2018-03-05,2.076974,12670,26814,0,0,67194,12579,12579,5191.73,5191.73
Up,false,CommodityVolatility/COMDTY_WTI_USD/2/10Y/0,0.00102159,,0.00000000,EUR,ComFwd_WTI_QuantoEUR_5Y,2018-04-05,2.161906,13375,27370,0,0,71151,13276,13276,5509.31,5509.31
Up,false,CommodityVolatility/COMDTY_WTI_USD/2/10Y/0,0.00102159,,0.00000000,EUR,ComFwd_WTI_QuantoEUR_5Y,2018-05-08,2.252317,14115,27962,0,0,73627,14007,14007,5850.44,5850.44
Up,false,CommodityVolatility/COMDTY_WTI_USD/2/10Y/0,0.00102159,,0.00000000,EUR,ComFwd_WTI_QuantoEUR_5Y,2018-06-05,2.329029,15182,28619,0,0,77446,15063,15063,6153.88,6153.88
Up,false,CommodityVolatility/COMDTY_WTI_USD/2/10Y/0,0.00102159,,0.00000000,EUR,ComFwd_WTI_QuantoEUR_5Y,2018-07-05,2.411221,16127,29182,0,0,77275,15998,15998,6489.45,6489.45
Up,false,CommodityVolatility/COMDTY_WTI_USD/2/10Y/0,0.00102159,,0.00000000,EUR,ComFwd_WTI_QuantoEUR_5Y,2018-08-06,2.498892,16792,30222,0,0,82749,16655,16655,6846.08,6846.08
Up,false,CommodityVolatility/COMDTY_WTI_USD/2/10Y/0,0.00102159,,0.00000000,EUR,ComFwd_WTI_QuantoEUR_5Y,2018-09-05,2.581084,17139,30662,0,0,87310,16996,16996,7169.28,7169.28
Up,false,CommodityVolatility/COMDTY_WTI_USD/2/10Y/0,0.00102159,,0.00000000,EUR,ComFwd_WTI_QuantoEUR_5Y,2018-10-05,2.663276,18035,31179,0,0,88196,17881,17881,7499.85,7499.85
Up,false,CommodityVolatility/COMDTY_WTI_USD/2/10Y/0,0.00102159,,0.00000000,EUR,ComFwd_WTI_QuantoEUR_5Y,2018-11-05,2.748207,19179,31555,0,0,94003,19011,19011,7855.59,7855.59
Up,false,CommodityVolatility/COMDTY_WTI_USD/2/10Y/0,0.00102159,,0.00000000,EUR,ComFwd_WTI_QuantoEUR_5Y,2018-12-05,2.830399,20551,31792,0,0,92765,20366,20366,8218.89,8218.89
Up,false,CommodityVolatility/COMDTY_WTI_USD/2/10Y/0,0.00102159,,0.00000000,EUR,ComFwd_WTI_QuantoEUR_5Y,2019-01-07,2.920810,21714,31717,0,0,99116,21514,21514,8630.42,8630.42
Up,false,CommodityVolatility/COMDTY_WTI_USD/2/10Y/0,0.00102159,,0.00000000,EUR,ComFwd_WTI_QuantoEUR_5Y,2019-02-05,3.000262,22279,32477,0,0,100849,22070,22070,8986.33,8986.33
Up,false,CommodityVolatility/COMDTY_WTI_USD/2/10Y/0,0.00102159,,0.00000000,EUR,ComFwd_WTI_QuantoEUR_5Y,2019-03-05,3.076974,22965,33144,0,0,105660,22747,22747,9329.41,9329.41
Up,false,CommodityVolatility/COMDTY_WTI_USD/2/10Y/0,0.00102159,,0.00000000,EUR,ComFwd_WTI_QuantoEUR_5Y,2019-04-05,3.161906,23530,33814,0,0,102667,23306,23306,9704.84,9704.84
Up,false,CommodityVolatility/COMDTY_WTI_USD/2/10Y/0,0.00102159,,0.00000000,EUR,ComFwd_WTI_QuantoEUR_5Y,2019-05-07,3.249577,24665,34472,0,0,122884,24428,24428,10102.07,10102.07
Up,false,CommodityVolatility/COMDTY_WTI_USD/2/10Y/0,0.00102159,,0.00000000,EUR,ComFwd_WTI_QuantoEUR_5Y,2019-06-05,3.329029,25498,34931,0,0,118078,25253,25253,10463.66,10463.66
Up,false,CommodityVolatility/COMDTY_WTI_USD/2/10Y/0,0.00102159,,0.00000000,EUR,ComFwd_WTI_QuantoEUR_5Y,2019-07-05,3.411221,26351,35059,0,0,137790,26096,26096,10840.30,10840.30
Up,false,CommodityVolatility/COMDTY_WTI_USD/2/10Y/0,0.00102159,,0.00000000,EUR,ComFwd_WTI_QuantoEUR_5Y,2019-08-05,3.496152,27203,36219,0,0,145165,26938,26938,11231.36,11231.36
Up,false,CommodityVolatility/COMDTY_WTI_USD/2/10Y/0,0.00102159,,0.00000000,EUR,ComFwd_WTI_QuantoEUR_5Y,2019-09-05,3.581084,27975,36994,0,0,136864,27701,27701,11621.97,11621.97
Up,false,CommodityVolatility/COMDTY_WTI_USD/2/10Y/0,0.00102159,,0.00000000,EUR,ComFwd_WTI_QuantoEUR_5Y,2019-10-07,3.668755,29526,37944,0,0,150781,29236,29236,12042.88,12042.88
Up,false,CommodityVolatility/COMDTY_WTI_USD/2/10Y/0,0.00102159,,0.00000000,EUR,ComFwd_WTI_QuantoEUR_5Y,2019-11-05,3.748207,30220,38092,0,0,149378,29921,29921,12421.84,12421.84
Up,false,CommodityVolatility/COMDTY_WTI_USD/2/10Y/0,0.00102159,,0.00000000,EUR,ComFwd_WTI_QuantoEUR_5Y,2019-12-05,3.830399,31307,38044,0,0,145241,30996,30996,12820.40,12820.40
Up,false,CommodityVolatility/COMDTY_WTI_USD/2/10Y/0,0.00102159,,0.00000000,EUR,ComFwd_WTI_QuantoEUR_5Y,2020-01-06,3.918033,32098,37725,0,0,155971,31777,31777,13244.40,13244.40
Up,false,CommodityVolatility/COMDTY_WTI_USD/2/10Y/0,0.00102159,,0.00000000,EUR,ComFwd_WTI_QuantoEUR_5Y,2020-02-05,4.000000,32144,38244,0,0,152112,31821,31821,13625.06,13625.06
Up,false,CommodityVolatility/COMDTY_WTI_USD/2/10Y/0,0.00102159,,0.00000000,EUR,ComFwd_WTI_QuantoEUR_5Y,2020-03-05,4.079235,32377,37545,0,0,157988,32053,32053,13983.01,13983.01
Up,false,CommodityVolatility/COMDTY_WTI_USD/2/10Y/0,0.00102159,,0.00000000,EUR,ComFwd_WTI_QuantoEUR_5Y,2020-04-06,4.166667,33387,37409,0,0,161536,33057,33057,14383.25,14383.25
Up,false,CommodityVolatility/COMDTY_WTI_USD/2/10Y/0,0.00102159,,0.00000000,EUR,ComFwd_WTI_QuantoEUR_5Y,2020-05-05,4.245902,34661,37165,0,0,162748,34321,34321,14755.33,14755.33
Up,false,CommodityVolatility/COMDTY_WTI_USD/2/10Y/0,0.00102159,,0.00000000,EUR,ComFwd_WTI_QuantoEUR_5Y,2020-06-05,4.330601,35932,36454,0,0,159805,35584,35584,15162.69,15162.69
Up,false,CommodityVolatility/COMDTY_WTI_USD/2/10Y/0,0.00102159,,0.00000000,EUR,ComFwd_WTI_QuantoEUR_5Y,2020-07-06,4.415301,37240,35863,0,0,168836,36884,36884,15579.37,15579.37
Up,false,CommodityVolatility/COMDTY_WTI_USD/2/10Y/0,0.00102159,,0.00000000,EUR,ComFwd_WTI_QuantoEUR_5Y,2020-08-05,4.497268,37587,36211,0,0,169732,37231,37231,15973.99,15973.99
Up,false,CommodityVolatility/COMDTY_WTI_USD/2/10Y/0,0.00102159,,0.00000000,EUR,ComFwd_WTI_QuantoEUR_5Y,2020-09-08,4.590164,37419,35477,0,0,157788,37068,37231,16400.89,16404.18
Up,false,CommodityVolatility/COMDTY_WTI_USD/2/10Y/0,0.00102159,,0.00000000,EUR,ComFwd_WTI_QuantoEUR_5Y,2020-10-05,4.663934,37888,34995,0,0,162261,37536,37536,16735.19,16738.43
Up,false,CommodityVolatility/COMDTY_WTI_USD/2/10Y/0,0.00102159,,0.00000000,EUR,ComFwd_WTI_QuantoEUR_5Y,2020-11-05,4.748634,38361,33999,0,0,170939,38009,38009,17114.64,17117.82
Up,false,CommodityVolatility/COMDTY_WTI_USD/2/10Y/0,0.00102159,,0.00000000,EUR,ComFwd_WTI_QuantoEUR_5Y,2020-12-07,4.836066,39716,33087,0,0,175785,39356,39356,17516.74,17519.86
Up,false,CommodityVolatility/COMDTY_WTI_USD/2/10Y/0,0.00102159,,0.00000000,EUR,ComFwd_WTI_QuantoEUR_5Y,2021-01-05,4.915330,40968,32247,0,0,169955,40601,40601,17888.99,17892.06
Up,false,CommodityVolatility/COMDTY_WTI_USD/2/10Y/0,0.00102159,,0.00000000,EUR,ComFwd_WTI_QuantoEUR_5Y,2021-02-05,5.000262,0,0,0,0,0,0,40601,17585.14,18277.78
Up,false,CommodityVolatility/COMDTY_WTI_USD/5/10Y/ATM,0.00102159,,0.00000000,EUR,ComFwd_WTI_QuantoEUR_5Y,2016-02-05,0.000000,0,6085,0,0,0,0,0,0.00,0.00
Up,false,CommodityVolatility/COMDTY_WTI_USD/5/10Y/ATM,0.00102159,,0.00000000,EUR,ComFwd_WTI_QuantoEUR_5Y,2016-03-07,0.084699,36,7881,0,0,0,36,36,36.16,36.16
Up,false,CommodityVolatility/COMDTY_WTI_USD/5/10Y/ATM,0.00102159,,0.00000000,EUR,ComFwd_WTI_QuantoEUR_5Y,2016-04-05,0.163934,151,9226,0,0,294,151,151,91.61,91.61
Up,false,CommodityVolatility/COMDTY_WTI_USD/5/10Y/ATM,0.00102159,,0.00000000,EUR,ComFwd_WTI_QuantoEUR_5Y,2016-05-06,0.248634,351,10242,0,0,2512,351,351,179.89,179.89
Up,false,CommodityVolatility/COMDTY_WTI_USD/5/10Y/ATM,0.00102159,,0.00000000,EUR,ComFwd_WTI_QuantoEUR_5Y,2016-06-06,0.333333,703,11082,0,0,5986,702,702,312.56,312.56
Up,false,CommodityVolatility/COMDTY_WTI_USD/5/10Y/ATM,0.00102159,,0.00000000,EUR,ComFwd_WTI_QuantoEUR_5Y,2016-07-05,0.412568,1039,11692,0,0,7513,1038,1038,451.88,451.88
Up,false,CommodityVolatility/COMDTY_WTI_USD/5/10Y/ATM,0.00102159,,0.00000000,EUR,ComFwd_WTI_QuantoEUR_5Y,2016-08-05,0.497268,1184,13673,0,0,8420,1182,1182,576.27,576.27
Up,false,CommodityVolatility/COMDTY_WTI_USD/5/10Y/ATM,0.00102159,,0.00000000,EUR,ComFwd_WTI_QuantoEUR_5Y,2016-09-06,0.584699,1394,15158,0,0,10351,1391,1391,698.15,698.15
Up,false,CommodityVolatility/COMDTY_WTI_USD/5/10Y/ATM,0.00102159,,0.00000000,EUR,ComFwd_WTI_QuantoEUR_5Y,2016-10-05,0.663934,1710,16062,0,0,11887,1707,1707,818.52,818.52
Up,false,CommodityVolatility/COMDTY_WTI_USD/5/10Y/ATM,0.00102159,,0.00000000,EUR,ComFwd_WTI_QuantoEUR_5Y,2016-11-07,0.754098,2287,16768,0,0,15402,2282,2282,993.50,993.50
Up,false,CommodityVolatility/COMDTY_WTI_USD/5/10Y/ATM,0.00102159,,0.00000000,EUR,ComFwd_WTI_QuantoEUR_5Y,2016-12-05,0.830601,2838,16942,0,0,18572,2830,2830,1162.69,1162.69
Up,false,CommodityVolatility/COMDTY_WTI_USD/5/10Y/ATM,0.00102159,,0.00000000,EUR,ComFwd_WTI_QuantoEUR_5Y,2017-01-05,0.915330,3592,17281,0,0,22399,3581,3581,1386.59,1386.59
Up,false,CommodityVolatility/COMDTY_WTI_USD/5/10Y/ATM,0.00102159,,0.00000000,EUR,ComFwd_WTI_QuantoEUR_5Y,2017-02-06,1.003002,4043,18363,0,0,24098,4030,4030,1617.65,1617.65
Up,false,CommodityVolatility/COMDTY_WTI_USD/5/10Y/ATM,0.00102159,,0.00000000,EUR,ComFwd_WTI_QuantoEUR_5Y,2017-03-06,1.079714,4574,19243,0,0,27041,4558,4558,1826.56,1826.56
Up,false,CommodityVolatility/COMDTY_WTI_USD/5/10Y/ATM,0.00102159,,0.00000000,EUR,ComFwd_WTI_QuantoEUR_5Y,2017-04-05,1.161906,5004,19988,0,0,32057,4985,4985,2049.98,2049.98
Up,false,CommodityVolatility/COMDTY_WTI_USD/5/10Y/ATM,0.00102159,,0.00000000,EUR,ComFwd_WTI_QuantoEUR_5Y,2017-05-05,1.244098,5678,20778,0,0,31808,5655,5655,2288.12,2288.12
Up,false,CommodityVolatility/COMDTY_WTI_USD/5/10Y/ATM,0.00102159,,0.00000000,EUR,ComFwd_WTI_QuantoEUR_5Y,2017-06-06,1.331769,6553,21533,0,0,39364,6523,6523,2566.93,2566.93
Up,false,CommodityVolatility/COMDTY_WTI_USD/5/10Y/ATM,0.00102159,,0.00000000,EUR,ComFwd_WTI_QuantoEUR_5Y,2017-07-05,1.411221,7195,22017,0,0,40860,7161,7161,2825.57,2825.57
Up,false,CommodityVolatility/COMDTY_WTI_USD/5/10Y/ATM,0.00102159,,0.00000000,EUR,ComFwd_WTI_QuantoEUR_5Y,2017-08-07,1.501632,7771,22803,0,0,42765,7731,7731,3120.94,3120.94
Up,false,CommodityVolatility/COMDTY_WTI_USD/5/10Y/ATM,0.00102159,,0.00000000,EUR,ComFwd_WTI_QuantoEUR_5Y,2017-09-05,1.581084,8399,23391,0,0,45555,8354,8354,3383.91,3383.91
Up,false,CommodityVolatility/COMDTY_WTI_USD/5/10Y/ATM,0.00102159,,0.00000000,EUR,ComFwd_WTI_QuantoEUR_5Y,2017-10-05,1.663276,9240,24072,0,0,50199,9189,9189,3670.75,3670.75
Up,false,CommodityVolatility/COMDTY_WTI_USD/5/10Y/ATM,0.00102159,,0.00000000,EUR,ComFwd_WTI_QuantoEUR_5Y,2017-11-06,1.750947,10088,24571,0,0,55751,10029,10029,3989.09,3989.09
Up,false,CommodityVolatility/COMDTY_WTI_USD/5/10Y/ATM,0.00102159,,0.00000000,EUR,ComFwd_WTI_QuantoEUR_5Y,2017-12-05,1.830399,10821,24823,0,0,61517,10753,10753,4282.68,4282.68
Up,false,CommodityVolatility/COMDTY_WTI_USD/5/10Y/ATM,0.00102159,,0.00000000,EUR,ComFwd_WTI_QuantoEUR_5Y,2018-01-05,1.915330,11458,24873,0,0,60724,11382,11382,4597.46,4597.46
Up,false,CommodityVolatility/COMDTY_WTI_USD/5/10Y/ATM,0.00102159,,0.00000000,EUR,ComFwd_WTI_QuantoEUR_5Y,2018-02-05,2.000262,12066,25845,0,0,64898,11982,11982,4911.00,4911.00
Up,false,CommodityVolatility/COMDTY_WTI_USD/5/10Y/ATM,0.00102159,,0.00000000,EUR,ComFwd_WTI_QuantoEUR_5Y,2018-03-05,2.076974,12675,26819,0,0,67220,12584,12584,5194.40,5194.40
Up,false,CommodityVolatility/COMDTY_WTI_USD/5/10Y/ATM,0.00102159,,0.00000000,EUR,ComFwd_WTI_QuantoEUR_5Y,2018-04-05,2.161906,13380,27376,0,0,71178,13281,13281,5512.09,5512.09
Up,false,CommodityVolatility/COMDTY_WTI_USD/5/10Y/ATM,0.00102159,,0.00000000,EUR,ComFwd_WTI_QuantoEUR_5Y,2018-05-08,2.252317,14121,27968,0,0,73655,14013,14013,5853.34,5853.34
Up,false,CommodityVolatility/COMDTY_WTI_USD/5/10Y/ATM,0.00102159,,0.00000000,EUR,ComFwd_WTI_QuantoEUR_5Y,2018-06-05,2.329029,15188,28625,0,0,77474,15069,15069,6156.89,6156.89
Up,false,CommodityVolatility/COMDTY_WTI_USD/5/10Y/ATM,0.00102159,,0.00000000,EUR,ComFwd_WTI_QuantoEUR_5Y,2018-07-05,2.411221,16134,29188,0,0,77303,16005,16005,6492.58,6492.58
Up,false,CommodityVolatility/COMDTY_WTI_USD/5/10Y/ATM,0.00102159,,0.00000000,EUR,ComFwd_WTI_QuantoEUR_5Y,2018-08-06,2.498892,16799,30228,0,0,82779,16661,16661,6849.33,6849.33
Up,false,CommodityVolatility/COMDTY_WTI_USD/5/10Y/ATM,0.00102159,,0.00000000,EUR,ComFwd_WTI_QuantoEUR_5Y,2018-09-05,2.581084,17146,30669,0,0,87343,17002,17002,7172.64,7172.64
Up,false,CommodityVolatility/COMDTY_WTI_USD/5/10Y/ATM,0.00102159,,0.00000000,EUR,ComFwd_WTI_QuantoEUR_5Y,2018-10-05,2.663276,18043,31186,0,0,88228,17888,17888,7503.32,7503.32
Up,false,CommodityVolatility/COMDTY_WTI_USD/5/10Y/ATM,0.00102159,,0.00000000,EUR,ComFwd_WTI_QuantoEUR_5Y,2018-11-05,2.748207,19187,31562,0,0,94037,19018,19018,7859.17,7859.17
Up,false,CommodityVolatility/COMDTY_WTI_USD/5/10Y/ATM,0.00102159,,0.00000000,EUR,ComFwd_WTI_QuantoEUR_5Y,2018-12-05,2.830399,20559,31800,0,0,92797,20374,20374,8222.59,8222.59
Up,false,CommodityVolatility/COMDTY_WTI_USD/5/10Y/ATM,0.00102159,,0.00000000,EUR,ComFwd_WTI_QuantoEUR_5Y,2019-01-07,2.920810,21722,31725,0,0,99150,21522,21522,8634.25,8634.25
Up,false,CommodityVolatility/COMDTY_WTI_USD/5/10Y/ATM,0.00102159,,0.00000000,EUR,ComFwd_WTI_QuantoEUR_5Y,2019-02-05,3.000262,22287,32485,0,0,100883,22078,22078,8990.27,8990.27
Up,false,CommodityVolatility/COMDTY_WTI_USD/5/10Y/ATM,0.00102159,,0.00000000,EUR,ComFwd_WTI_QuantoEUR_5Y,2019-03-05,3.076974,22973,33153,0,0,105696,22756,22756,9333.45,9333.45
Up,false,CommodityVolatility/COMDTY_WTI_USD/5/10Y/ATM,0.00102159,,0.00000000,EUR,ComFwd_WTI_QuantoEUR_5Y,2019-04-05,3.161906,23538,33822,0,0,102702,23314,23314,9708.99,9708.99
Up,false,CommodityVolatility/COMDTY_WTI_USD/5/10Y/ATM,0.00102159,,0.00000000,EUR,ComFwd_WTI_QuantoEUR_5Y,2019-05-07,3.249577,24673,34481,0,0,122926,24437,24437,10106.35,10106.35
Up,false,CommodityVolatility/COMDTY_WTI_USD/5/10Y/ATM,0.00102159,,0.00000000,EUR,ComFwd_WTI_QuantoEUR_5Y,2019-06-05,3.329029,25507,34940,0,0,118118,25261,25261,10468.04,10468.04
Up,false,CommodityVolatility/COMDTY_WTI_USD/5/10Y/ATM,0.00102159,,0.00000000,EUR,ComFwd_WTI_QuantoEUR_5Y,2019-07-05,3.411221,26360,35068,0,0,137837,26105,26105,10844.80,10844.80
Up,false,CommodityVolatility/COMDTY_WTI_USD/5/10Y/ATM,0.00102159,,0.00000000,EUR,ComFwd_WTI_QuantoEUR_5Y,2019-08-05,3.496152,27212,36229,0,0,145214,26947,26947,11235.97,11235.97
Up,false,CommodityVolatility/COMDTY_WTI_USD/5/10Y/ATM,0.00102159,,0.00000000,EUR,ComFwd_WTI_QuantoEUR_5Y,2019-09-05,3.581084,27985,37004,0,0,136910,27711,27711,11626.69,11626.69
Up,false,CommodityVolatility/COMDTY_WTI_USD/5/10Y/ATM,0.00102159,,0.00000000,EUR,ComFwd_WTI_QuantoEUR_5Y,2019-10-07,3.668755,29537,37954,0,0,150831,29246,29246,12047.73,12047.73
Up,false,CommodityVolatility/COMDTY_WTI_USD/5/10Y/ATM,0.00102159,,0.00000000,EUR,ComFwd_WTI_QuantoEUR_5Y,2019-11-05,3.748207,30230,38102,0,0,149428,29931,29931,12426.81,12426.81
Up,false,CommodityVolatility/COMDTY_WTI_USD/5/10Y/ATM,0.00102159,,0.00000000,EUR,ComFwd_WTI_QuantoEUR_5Y,2019-12-05,3.830399,31318,38054,0,0,145289,31006,31006,12825.48,12825.48
Up,false,CommodityVolatility/COMDTY_WTI_USD/5/10Y/ATM,0.00102159,,0.00000000,EUR,ComFwd_WTI_QuantoEUR_5Y,2020-01-06,3.918033,32109,37736,0,0,156022,31787,31787,13249.59,13249.59
Up,false,CommodityVolatility/COMDTY_WTI_USD/5/10Y/ATM,0.00102159,,0.00000000,EUR,ComFwd_WTI_QuantoEUR_5Y,2020-02-05,4.000000,32155,38254,0,0,152162,31831,31831,13630.37,13630.37
Up,false,CommodityVolatility/COMDTY_WTI_USD/5/10Y/ATM,0.00102159,,0.00000000,EUR,ComFwd_WTI_QuantoEUR_5Y,2020-03-05,4.079235,32387,37555,0,0,158039,32063,32063,13988.41,13988.41
Up,false,CommodityVolatility/COMDTY_WTI_USD/5/10Y/ATM,0.00102159,,0.00000000,EUR,ComFwd_WTI_QuantoEUR_5Y,2020-04-06,4.166667,33398,37420,0,0,161587,33068,33068,14388.76,14388.76
Up,false,CommodityVolatility/COMDTY_WTI_USD/5/10Y/ATM,0.00102159,,0.00000000,EUR,ComFwd_WTI_QuantoEUR_5Y,2020-05-05,4.245902,34671,37175,0,0,162801,34332,34332,14760.93,14760.93
Up,false,CommodityVolatility/COMDTY_WTI_USD/5/10Y/ATM,0.00102159,,0.00000000,EUR,ComFwd_WTI_QuantoEUR_5Y,2020-06-05,4.330601,35943,36465,0,0,159855,35594,35594,15168.40,15168.40
Up,false,CommodityVolatility/COMDTY_WTI_USD/5/10Y/ATM,0.00102159,,0.00000000,EUR,ComFwd_WTI_QuantoEUR_5Y,2020-07-06,4.415301,37251,35874,0,0,168890,36894,36894,15585.17,15585.17
Up,false,CommodityVolatility/COMDTY_WTI_USD/5/10Y/ATM,0.00102159,,0.00000000,EUR,ComFwd_WTI_QuantoEUR_5Y,2020-08-05,4.497268,37598,36222,0,0,169782,37242,37242,15979.88,15979.88
Up,false,CommodityVolatility/COMDTY_WTI_USD/5/10Y/ATM,0.00102159,,0.00000000,EUR,ComFwd_WTI_QuantoEUR_5Y,2020-09-08,4.590164,37430,35488,0,0,157836,37079,37242,16406.89,16410.18
Up,false,CommodityVolatility/COMDTY_WTI_USD/5/10Y/ATM,0.00102159,,0.00000000,EUR,ComFwd_WTI_QuantoEUR_5Y,2020-10-05,4.663934,37899,35006,0,0,162313,37547,37547,16741.27,16744.51
Up,false,CommodityVolatility/COMDTY_WTI_USD/5/10Y/ATM,0.00102159,,0.00000000,EUR,ComFwd_WTI_QuantoEUR_5Y,2020-11-05,4.748634,38372,34010,0,0,170990,38020,38020,17120.80,17123.98
Up,false,CommodityVolatility/COMDTY_WTI_USD/5/10Y/ATM,0.00102159,,0.00000000,EUR,ComFwd_WTI_QuantoEUR_5Y,2020-12-07,4.836066,39726,33098,0,0,175842,39366,39366,17522.98,17526.10
Up,false,CommodityVolatility/COMDTY_WTI_USD/5/10Y/ATM,0.00102159,,0.00000000,EUR,ComFwd_WTI_QuantoEUR_5Y,2021-01-05,4.915330,40979,32258,0,0,170007,40612,40612,17895.30,17898.38
Up,false,CommodityVolatility/COMDTY_WTI_USD/5/10Y/ATM,0.00102159,,0.00000000,EUR,ComFwd_WTI_QuantoEUR_5Y,2021-02-05,5.000262,0,0,0,0,0,0,40612,17591.35,18284.17
