#Type,IsPar,Factor_1,ShiftSize_1,Factor_2,ShiftSize_2,Currency,TradeId,Date,Time,EPE,ENE,AllocatedEPE,AllocatedENE,PFE,BaselEE,BaselEEE,TimeWeightedBaselEPE,TimeWeightedBaselEEPE
Base,false,,0.00000000,,0.00000000,EUR,EqCall_SP5_FD,2016-02-05,0.000000,1232097,0,0,0,1232097,1232097,1232097,1232097.13,1232097.13
Base,false,,0.00000000,,0.00000000,EUR,EqCall_SP5_FD,2016-03-07,0.084699,1120696,0,0,0,1880075,1120530,1232097,1120529.84,1232097.13
Base,false,,0.00000000,,0.00000000,EUR,EqCall_SP5_FD,2016-04-05,0.163934,1139851,0,0,0,2292771,1139466,1232097,1129682.31,1232097.13
Base,false,,0.00000000,,0.00000000,EUR,EqCall_SP5_FD,2016-05-06,0.248634,1163447,0,0,0,2578284,1162775,1232097,1140955.59,1232097.13
Base,false,,0.00000000,,0.00000000,EUR,EqCall_SP5_FD,2016-06-06,0.333333,1182508,0,0,0,2848832,1181539,1232097,1151267.84,1232097.13
Base,false,,0.00000000,,0.00000000,EUR,EqCall_SP5_FD,2016-07-05,0.412568,1199137,0,0,0,3326332,1197808,1232097,1160205.93,1232097.13
Base,false,,0.00000000,,0.00000000,EUR,EqCall_SP5_FD,2016-08-05,0.497268,1218325,0,0,0,3458227,1216744,1232097,1169836.00,1232097.13
Base,false,,0.00000000,,0.00000000,EUR,EqCall_SP5_FD,2016-09-06,0.584699,1224004,0,0,0,3733297,1221994,1232097,1177635.25,1232097.13
Base,false,,0.00000000,,0.00000000,EUR,EqCall_SP5_FD,2016-10-05,0.663934,1223682,0,0,0,4089610,1221361,1232097,1182853.58,1232097.13
Base,false,,0.00000000,,0.00000000,EUR,EqCall_SP5_FD,2016-11-07,0.754098,1223811,0,0,0,4347264,1220966,1232097,1187410.56,1232097.13
Base,false,,0.00000000,,0.00000000,EUR,EqCall_SP5_FD,2016-12-05,0.830601,1216014,0,0,0,4457868,1212842,1232097,1189752.97,1232097.13
Base,false,,0.00000000,,0.00000000,EUR,EqCall_SP5_FD,2017-01-05,0.915330,1214552,0,0,0,4707145,1211025,1232097,1191722.05,1232097.13
Base,false,,0.00000000,,0.00000000,EUR,EqCall_SP5_FD,2017-02-06,1.003002,1208010,0,0,0,5013258,1204170,1232097,1192810.09,1232097.13
Base,false,,0.00000000,,0.00000000,EUR,EqCall_SP5_FD,2017-03-06,1.079714,1207816,0,0,0,5167145,1203606,1232097,1193577.11,1232097.13
Base,false,,0.00000000,,0.00000000,EUR,EqCall_SP5_FD,2017-04-05,1.161906,1205757,0,0,0,5147550,1201146,1232097,1194112.50,1232097.13
Base,false,,0.00000000,,0.00000000,EUR,EqCall_SP5_FD,2017-05-05,1.244098,1214901,0,0,0,5282207,1209844,1232097,1195151.82,1232097.13
Base,false,,0.00000000,,0.00000000,EUR,EqCall_SP5_FD,2017-06-06,1.331769,1212411,0,0,0,5543893,1206992,1232097,1195931.28,1232097.13
Base,false,,0.00000000,,0.00000000,EUR,EqCall_SP5_FD,2017-07-05,1.411221,1207235,0,0,0,5620019,1201512,1232097,1196245.48,1232097.13
Base,false,,0.00000000,,0.00000000,EUR,EqCall_SP5_FD,2017-08-07,1.501632,1199877,0,0,0,5650516,1193819,1232097,1196099.40,1232097.13
Base,false,,0.00000000,,0.00000000,EUR,EqCall_SP5_FD,2017-09-05,1.581084,1186732,0,0,0,5797558,1180404,1232097,1195310.70,1232097.13
Base,false,,0.00000000,,0.00000000,EUR,EqCall_SP5_FD,2017-10-05,1.663276,1182226,0,0,0,5872425,1175576,1232097,1194335.51,1232097.13
Base,false,,0.00000000,,0.00000000,EUR,EqCall_SP5_FD,2017-11-06,1.750947,1170469,0,0,0,6358729,1163519,1232097,1192792.51,1232097.13
Base,false,,0.00000000,,0.00000000,EUR,EqCall_SP5_FD,2017-12-05,1.830399,1172465,0,0,0,6496636,1165113,1232097,1191591.01,1232097.13
Base,false,,0.00000000,,0.00000000,EUR,EqCall_SP5_FD,2018-01-05,1.915330,1166957,0,0,0,6378884,1159215,1232097,1190155.38,1232097.13
Base,false,,0.00000000,,0.00000000,EUR,EqCall_SP5_FD,2018-02-05,2.000262,0,0,0,0,0,0,1232097,1139621.15,1232097.13
Base,false,,0.00000000,,0.00000000,EUR,EqCall_SP5_FD,2018-03-05,2.076974,0,0,0,0,0,0,1232097,0.00,0.00
Base,false,,0.00000000,,0.00000000,EUR,EqCall_SP5_FD,2018-04-05,2.161906,0,0,0,0,0,0,1232097,0.00,0.00
Base,false,,0.00000000,,0.00000000,EUR,EqCall_SP5_FD,2018-05-08,2.252317,0,0,0,0,0,0,1232097,0.00,0.00
Base,false,,0.00000000,,0.00000000,EUR,EqCall_SP5_FD,2018-06-05,2.329029,0,0,0,0,0,0,1232097,0.00,0.00
Base,false,,0.00000000,,0.00000000,EUR,EqCall_SP5_FD,2018-07-05,2.411221,0,0,0,0,0,0,1232097,0.00,0.00
Base,false,,0.00000000,,0.00000000,EUR,EqCall_SP5_FD,2018-08-06,2.498892,0,0,0,0,0,0,1232097,0.00,0.00
Base,false,,0.00000000,,0.00000000,EUR,EqCall_SP5_FD,2018-09-05,2.581084,0,0,0,0,0,0,1232097,0.00,0.00
Base,false,,0.00000000,,0.00000000,EUR,EqCall_SP5_FD,2018-10-05,2.663276,0,0,0,0,0,0,1232097,0.00,0.00
Base,false,,0.00000000,,0.00000000,EUR,EqCall_SP5_FD,2018-11-05,2.748207,0,0,0,0,0,0,1232097,0.00,0.00
Base,false,,0.00000000,,0.00000000,EUR,EqCall_SP5_FD,2018-12-05,2.830399,0,0,0,0,0,0,1232097,0.00,0.00
Base,false,,0.00000000,,0.00000000,EUR,EqCall_SP5_FD,2019-01-07,2.920810,0,0,0,0,0,0,1232097,0.00,0.00
Base,false,,0.00000000,,0.00000000,EUR,EqCall_SP5_FD,2019-02-05,3.000262,0,0,0,0,0,0,1232097,0.00,0.00
Base,false,,0.00000000,,0.00000000,EUR,EqCall_SP5_FD,2019-03-05,3.076974,0,0,0,0,0,0,1232097,0.00,0.00
Base,false,,0.00000000,,0.00000000,EUR,EqCall_SP5_FD,2019-04-05,3.161906,0,0,0,0,0,0,1232097,0.00,0.00
Base,false,,0.00000000,,0.00000000,EUR,EqCall_SP5_FD,2019-05-07,3.249577,0,0,0,0,0,0,1232097,0.00,0.00
Base,false,,0.00000000,,0.00000000,EUR,EqCall_SP5_FD,2019-06-05,3.329029,0,0,0,0,0,0,1232097,0.00,0.00
Base,false,,0.00000000,,0.00000000,EUR,EqCall_SP5_FD,2019-07-05,3.411221,0,0,0,0,0,0,1232097,0.00,0.00
Base,false,,0.00000000,,0.00000000,EUR,EqCall_SP5_FD,2019-08-05,3.496152,0,0,0,0,0,0,1232097,0.00,0.00
Base,false,,0.00000000,,0.00000000,EUR,EqCall_SP5_FD,2019-09-05,3.581084,0,0,0,0,0,0,1232097,0.00,0.00
Base,false,,0.00000000,,0.00000000,EUR,EqCall_SP5_FD,2019-10-07,3.668755,0,0,0,0,0,0,1232097,0.00,0.00
Base,false,,0.00000000,,0.00000000,EUR,EqCall_SP5_FD,2019-11-05,3.748207,0,0,0,0,0,0,1232097,0.00,0.00
Base,false,,0.00000000,,0.00000000,EUR,EqCall_SP5_FD,2019-12-05,3.830399,0,0,0,0,0,0,1232097,0.00,0.00
Base,false,,0.00000000,,0.00000000,EUR,EqCall_SP5_FD,2020-01-06,3.918033,0,0,0,0,0,0,1232097,0.00,0.00
Base,false,,0.00000000,,0.00000000,EUR,EqCall_SP5_FD,2020-02-05,4.000000,0,0,0,0,0,0,1232097,0.00,0.00
Base,false,,0.00000000,,0.00000000,EUR,EqCall_SP5_FD,2020-03-05,4.079235,0,0,0,0,0,0,1232097,0.00,0.00
Base,false,,0.00000000,,0.00000000,EUR,EqCall_SP5_FD,2020-04-06,4.166667,0,0,0,0,0,0,1232097,0.00,0.00
Base,false,,0.00000000,,0.00000000,EUR,EqCall_SP5_FD,2020-05-05,4.245902,0,0,0,0,0,0,1232097,0.00,0.00
Base,false,,0.00000000,,0.00000000,EUR,EqCall_SP5_FD,2020-06-05,4.330601,0,0,0,0,0,0,1232097,0.00,0.00
Base,false,,0.00000000,,0.00000000,EUR,EqCall_SP5_FD,2020-07-06,4.415301,0,0,0,0,0,0,1232097,0.00,0.00
Base,false,,0.00000000,,0.00000000,EUR,EqCall_SP5_FD,2020-08-05,4.497268,0,0,0,0,0,0,1232097,0.00,0.00
Base,false,,0.00000000,,0.00000000,EUR,EqCall_SP5_FD,2020-09-08,4.590164,0,0,0,0,0,0,1232097,0.00,0.00
Base,false,,0.00000000,,0.00000000,EUR,EqCall_SP5_FD,2020-10-05,4.663934,0,0,0,0,0,0,1232097,0.00,0.00
Base,false,,0.00000000,,0.00000000,EUR,EqCall_SP5_FD,2020-11-05,4.748634,0,0,0,0,0,0,1232097,0.00,0.00
Base,false,,0.00000000,,0.00000000,EUR,EqCall_SP5_FD,2020-12-07,4.836066,0,0,0,0,0,0,1232097,0.00,0.00
Base,false,,0.00000000,,0.00000000,EUR,EqCall_SP5_FD,2021-01-05,4.915330,0,0,0,0,0,0,1232097,0.00,0.00
Base,false,,0.00000000,,0.00000000,EUR,EqCall_SP5_FD,2021-02-05,5.000262,0,0,0,0,0,0,1232097,0.00,0.00
Up,false,DiscountCurve/EUR/0/1Y,0.00010000,,0.00000000,EUR,EqCall_SP5_FD,2016-02-05,0.000000,1232096,0,0,0,1232096,1232096,1232096,1232095.88,1232095.88
Up,false,DiscountCurve/EUR/0/1Y,0.00010000,,0.00000000,EUR,EqCall_SP5_FD,2016-03-07,0.084699,1120732,0,0,0,1880206,1120575,1232096,1120574.92,1232095.88
Up,false,DiscountCurve/EUR/0/1Y,0.00010000,,0.00000000,EUR,EqCall_SP5_FD,2016-04-05,0.163934,1139888,0,0,0,2292953,1139522,1232096,1129732.67,1232095.88
Up,false,DiscountCurve/EUR/0/1Y,0.00010000,,0.00000000,EUR,EqCall_SP5_FD,2016-05-06,0.248634,1163487,0,0,0,2578489,1162844,1232096,1141012.31,1232095.88
Up,false,DiscountCurve/EUR/0/1Y,0.00010000,,0.00000000,EUR,EqCall_SP5_FD,2016-06-06,0.333333,1182552,0,0,0,2849077,1181623,1232096,1151331.43,1232095.88
Up,false,DiscountCurve/EUR/0/1Y,0.00010000,,0.00000000,EUR,EqCall_SP5_FD,2016-07-05,0.412568,1199185,0,0,0,3326629,1197905,1232096,1160276.11,1232095.88
Up,false,DiscountCurve/EUR/0/1Y,0.00010000,,0.00000000,EUR,EqCall_SP5_FD,2016-08-05,0.497268,1218379,0,0,0,3458584,1216858,1232096,1169913.73,1232095.88
Up,false,DiscountCurve/EUR/0/1Y,0.00010000,,0.00000000,EUR,EqCall_SP5_FD,2016-09-06,0.584699,1224060,0,0,0,3733713,1222121,1232096,1177720.47,1232095.88
Up,false,DiscountCurve/EUR/0/1Y,0.00010000,,0.00000000,EUR,EqCall_SP5_FD,2016-10-05,0.663934,1223740,0,0,0,4090006,1221501,1232096,1182945.28,1232095.88
Up,false,DiscountCurve/EUR/0/1Y,0.00010000,,0.00000000,EUR,EqCall_SP5_FD,2016-11-07,0.754098,1223872,0,0,0,4347727,1221119,1232096,1187509.57,1232095.88
Up,false,DiscountCurve/EUR/0/1Y,0.00010000,,0.00000000,EUR,EqCall_SP5_FD,2016-12-05,0.830601,1216076,0,0,0,4458370,1213005,1232096,1189857.86,1232095.88
Up,false,DiscountCurve/EUR/0/1Y,0.00010000,,0.00000000,EUR,EqCall_SP5_FD,2017-01-05,0.915330,1214617,0,0,0,4707751,1211201,1232096,1191833.55,1232095.88
Up,false,DiscountCurve/EUR/0/1Y,0.00010000,,0.00000000,EUR,EqCall_SP5_FD,2017-02-06,1.003002,1208079,0,0,0,5013858,1204360,1232096,1192928.44,1232095.88
Up,false,DiscountCurve/EUR/0/1Y,0.00010000,,0.00000000,EUR,EqCall_SP5_FD,2017-03-06,1.079714,1207891,0,0,0,5167732,1203798,1232096,1193700.74,1232095.88
Up,false,DiscountCurve/EUR/0/1Y,0.00010000,,0.00000000,EUR,EqCall_SP5_FD,2017-04-05,1.161906,1205837,0,0,0,5148082,1201341,1232096,1194241.22,1232095.88
Up,false,DiscountCurve/EUR/0/1Y,0.00010000,,0.00000000,EUR,EqCall_SP5_FD,2017-05-05,1.244098,1214989,0,0,0,5282864,1210046,1232096,1195285.36,1232095.88
Up,false,DiscountCurve/EUR/0/1Y,0.00010000,,0.00000000,EUR,EqCall_SP5_FD,2017-06-06,1.331769,1212507,0,0,0,5544382,1207199,1232096,1196069.61,1232095.88
Up,false,DiscountCurve/EUR/0/1Y,0.00010000,,0.00000000,EUR,EqCall_SP5_FD,2017-07-05,1.411221,1207338,0,0,0,5620742,1201723,1232096,1196387.88,1232095.88
Up,false,DiscountCurve/EUR/0/1Y,0.00010000,,0.00000000,EUR,EqCall_SP5_FD,2017-08-07,1.501632,1199989,0,0,0,5651074,1194035,1232096,1196246.22,1232095.88
Up,false,DiscountCurve/EUR/0/1Y,0.00010000,,0.00000000,EUR,EqCall_SP5_FD,2017-09-05,1.581084,1186841,0,0,0,5798112,1180615,1232096,1195460.73,1232095.88
Up,false,DiscountCurve/EUR/0/1Y,0.00010000,,0.00000000,EUR,EqCall_SP5_FD,2017-10-05,1.663276,1182335,0,0,0,5873059,1175783,1232096,1194488.33,1232095.87
Up,false,DiscountCurve/EUR/0/1Y,0.00010000,,0.00000000,EUR,EqCall_SP5_FD,2017-11-06,1.750947,1170576,0,0,0,6359516,1163721,1232096,1192947.77,1232095.87
Up,false,DiscountCurve/EUR/0/1Y,0.00010000,,0.00000000,EUR,EqCall_SP5_FD,2017-12-05,1.830399,1172574,0,0,0,6497102,1165314,1232096,1191748.26,1232095.87
Up,false,DiscountCurve/EUR/0/1Y,0.00010000,,0.00000000,EUR,EqCall_SP5_FD,2018-01-05,1.915330,1167067,0,0,0,6379408,1159414,1232096,1190314.48,1232095.87
Up,false,DiscountCurve/EUR/0/1Y,0.00010000,,0.00000000,EUR,EqCall_SP5_FD,2018-02-05,2.000262,0,0,0,0,0,0,1232096,1139773.50,1232095.87
Up,false,DiscountCurve/EUR/0/1Y,0.00010000,,0.00000000,EUR,EqCall_SP5_FD,2018-03-05,2.076974,0,0,0,0,0,0,1232096,0.00,0.00
Up,false,DiscountCurve/EUR/0/1Y,0.00010000,,0.00000000,EUR,EqCall_SP5_FD,2018-04-05,2.161906,0,0,0,0,0,0,1232096,0.00,0.00
Up,false,DiscountCurve/EUR/0/1Y,0.00010000,,0.00000000,EUR,EqCall_SP5_FD,2018-05-08,2.252317,0,0,0,0,0,0,1232096,0.00,0.00
Up,false,DiscountCurve/EUR/0/1Y,0.00010000,,0.00000000,EUR,EqCall_SP5_FD,2018-06-05,2.329029,0,0,0,0,0,0,1232096,0.00,0.00
Up,false,DiscountCurve/EUR/0/1Y,0.00010000,,0.00000000,EUR,EqCall_SP5_FD,2018-07-05,2.411221,0,0,0,0,0,0,1232096,0.00,0.00
Up,false,DiscountCurve/EUR/0/1Y,0.00010000,,0.00000000,EUR,EqCall_SP5_FD,2018-08-06,2.498892,0,0,0,0,0,0,1232096,0.00,0.00
Up,false,DiscountCurve/EUR/0/1Y,0.00010000,,0.00000000,EUR,EqCall_SP5_FD,2018-09-05,2.581084,0,0,0,0,0,0,1232096,0.00,0.00
Up,false,DiscountCurve/EUR/0/1Y,0.00010000,,0.00000000,EUR,EqCall_SP5_FD,2018-10-05,2.663276,0,0,0,0,0,0,1232096,0.00,0.00
Up,false,DiscountCurve/EUR/0/1Y,0.00010000,,0.00000000,EUR,EqCall_SP5_FD,2018-11-05,2.748207,0,0,0,0,0,0,1232096,0.00,0.00
Up,false,DiscountCurve/EUR/0/1Y,0.00010000,,0.00000000,EUR,EqCall_SP5_FD,2018-12-05,2.830399,0,0,0,0,0,0,1232096,0.00,0.00
Up,false,DiscountCurve/EUR/0/1Y,0.00010000,,0.00000000,EUR,EqCall_SP5_FD,2019-01-07,2.920810,0,0,0,0,0,0,1232096,0.00,0.00
Up,false,DiscountCurve/EUR/0/1Y,0.00010000,,0.00000000,EUR,EqCall_SP5_FD,2019-02-05,3.000262,0,0,0,0,0,0,1232096,0.00,0.00
Up,false,DiscountCurve/EUR/0/1Y,0.00010000,,0.00000000,EUR,EqCall_SP5_FD,2019-03-05,3.076974,0,0,0,0,0,0,1232096,0.00,0.00
Up,false,DiscountCurve/EUR/0/1Y,0.00010000,,0.00000000,EUR,EqCall_SP5_FD,2019-04-05,3.161906,0,0,0,0,0,0,1232096,0.00,0.00
Up,false,DiscountCurve/EUR/0/1Y,0.00010000,,0.00000000,EUR,EqCall_SP5_FD,2019-05-07,3.249577,0,0,0,0,0,0,1232096,0.00,0.00
Up,false,DiscountCurve/EUR/0/1Y,0.00010000,,0.00000000,EUR,EqCall_SP5_FD,2019-06-05,3.329029,0,0,0,0,0,0,1232096,0.00,0.00
Up,false,DiscountCurve/EUR/0/1Y,0.00010000,,0.00000000,EUR,EqCall_SP5_FD,2019-07-05,3.411221,0,0,0,0,0,0,1232096,0.00,0.00
Up,false,DiscountCurve/EUR/0/1Y,0.00010000,,0.00000000,EUR,EqCall_SP5_FD,2019-08-05,3.496152,0,0,0,0,0,0,1232096,0.00,0.00
Up,false,DiscountCurve/EUR/0/1Y,0.00010000,,0.00000000,EUR,EqCall_SP5_FD,2019-09-05,3.581084,0,0,0,0,0,0,1232096,0.00,0.00
Up,false,DiscountCurve/EUR/0/1Y,0.00010000,,0.00000000,EUR,EqCall_SP5_FD,2019-10-07,3.668755,0,0,0,0,0,0,1232096,0.00,0.00
Up,false,DiscountCurve/EUR/0/1Y,0.00010000,,0.00000000,EUR,EqCall_SP5_FD,2019-11-05,3.748207,0,0,0,0,0,0,1232096,0.00,0.00
Up,false,DiscountCurve/EUR/0/1Y,0.00010000,,0.00000000,EUR,EqCall_SP5_FD,2019-12-05,3.830399,0,0,0,0,0,0,1232096,0.00,0.00
Up,false,DiscountCurve/EUR/0/1Y,0.00010000,,0.00000000,EUR,EqCall_SP5_FD,2020-01-06,3.918033,0,0,0,0,0,0,1232096,0.00,0.00
Up,false,DiscountCurve/EUR/0/1Y,0.00010000,,0.00000000,EUR,EqCall_SP5_FD,2020-02-05,4.000000,0,0,0,0,0,0,1232096,0.00,0.00
Up,false,DiscountCurve/EUR/0/1Y,0.00010000,,0.00000000,EUR,EqCall_SP5_FD,2020-03-05,4.079235,0,0,0,0,0,0,1232096,0.00,0.00
Up,false,DiscountCurve/EUR/0/1Y,0.00010000,,0.00000000,EUR,EqCall_SP5_FD,2020-04-06,4.166667,0,0,0,0,0,0,1232096,0.00,0.00
Up,false,DiscountCurve/EUR/0/1Y,0.00010000,,0.00000000,EUR,EqCall_SP5_FD,2020-05-05,4.245902,0,0,0,0,0,0,1232096,0.00,0.00
Up,false,DiscountCurve/EUR/0/1Y,0.00010000,,0.00000000,EUR,EqCall_SP5_FD,2020-06-05,4.330601,0,0,0,0,0,0,1232096,0.00,0.00
Up,false,DiscountCurve/EUR/0/1Y,0.00010000,,0.00000000,EUR,EqCall_SP5_FD,2020-07-06,4.415301,0,0,0,0,0,0,1232096,0.00,0.00
Up,false,DiscountCurve/EUR/0/1Y,0.00010000,,0.00000000,EUR,EqCall_SP5_FD,2020-08-05,4.497268,0,0,0,0,0,0,1232096,0.00,0.00
Up,false,DiscountCurve/EUR/0/1Y,0.00010000,,0.00000000,EUR,EqCall_SP5_FD,2020-09-08,4.590164,0,0,0,0,0,0,1232096,0.00,0.00
Up,false,DiscountCurve/EUR/0/1Y,0.00010000,,0.00000000,EUR,EqCall_SP5_FD,2020-10-05,4.663934,0,0,0,0,0,0,1232096,0.00,0.00
Up,false,DiscountCurve/EUR/0/1Y,0.00010000,,0.00000000,EUR,EqCall_SP5_FD,2020-11-05,4.748634,0,0,0,0,0,0,1232096,0.00,0.00
Up,false,DiscountCurve/EUR/0/1Y,0.00010000,,0.00000000,EUR,EqCall_SP5_FD,2020-12-07,4.836066,0,0,0,0,0,0,1232096,0.00,0.00
Up,false,DiscountCurve/EUR/0/1Y,0.00010000,,0.00000000,EUR,EqCall_SP5_FD,2021-01-05,4.915330,0,0,0,0,0,0,1232096,0.00,0.00
Up,false,DiscountCurve/EUR/0/1Y,0.00010000,,0.00000000,EUR,EqCall_SP5_FD,2021-02-05,5.000262,0,0,0,0,0,0,1232096,0.00,0.00
Up,false,DiscountCurve/EUR/1/5Y,0.00010000,,0.00000000,EUR,EqCall_SP5_FD,2016-02-05,0.000000,1232097,0,0,0,1232097,1232097,1232097,1232097.13,1232097.13
Up,false,DiscountCurve/EUR/1/5Y,0.00010000,,0.00000000,EUR,EqCall_SP5_FD,2016-03-07,0.084699,1121231,0,0,0,1880642,1121064,1232097,1121064.03,1232097.13
Up,false,DiscountCurve/EUR/1/5Y,0.00010000,,0.00000000,EUR,EqCall_SP5_FD,2016-04-05,0.163934,1140385,0,0,0,2293336,1140000,1232097,1130216.48,1232097.13
Up,false,DiscountCurve/EUR/1/5Y,0.00010000,,0.00000000,EUR,EqCall_SP5_FD,2016-05-06,0.248634,1163976,0,0,0,2578885,1163303,1232097,1141487.88,1232097.13
Up,false,DiscountCurve/EUR/1/5Y,0.00010000,,0.00000000,EUR,EqCall_SP5_FD,2016-06-06,0.333333,1183028,0,0,0,2849441,1182059,1232097,1151796.81,1232097.13
Up,false,DiscountCurve/EUR/1/5Y,0.00010000,,0.00000000,EUR,EqCall_SP5_FD,2016-07-05,0.412568,1199643,0,0,0,3326798,1198314,1232097,1160730.55,1232097.13
Up,false,DiscountCurve/EUR/1/5Y,0.00010000,,0.00000000,EUR,EqCall_SP5_FD,2016-08-05,0.497268,1218813,0,0,0,3458783,1217231,1232097,1170354.31,1232097.13
Up,false,DiscountCurve/EUR/1/5Y,0.00010000,,0.00000000,EUR,EqCall_SP5_FD,2016-09-06,0.584699,1224486,0,0,0,3733573,1222475,1232097,1178147.99,1232097.13
Up,false,DiscountCurve/EUR/1/5Y,0.00010000,,0.00000000,EUR,EqCall_SP5_FD,2016-10-05,0.663934,1224156,0,0,0,4090038,1221834,1232097,1183361.53,1232097.13
Up,false,DiscountCurve/EUR/1/5Y,0.00010000,,0.00000000,EUR,EqCall_SP5_FD,2016-11-07,0.754098,1224275,0,0,0,4347553,1221429,1232097,1187913.07,1232097.13
Up,false,DiscountCurve/EUR/1/5Y,0.00010000,,0.00000000,EUR,EqCall_SP5_FD,2016-12-05,0.830601,1216466,0,0,0,4458125,1213293,1232097,1190250.68,1232097.13
Up,false,DiscountCurve/EUR/1/5Y,0.00010000,,0.00000000,EUR,EqCall_SP5_FD,2017-01-05,0.915330,1214986,0,0,0,4707320,1211458,1232097,1192213.78,1232097.13
Up,false,DiscountCurve/EUR/1/5Y,0.00010000,,0.00000000,EUR,EqCall_SP5_FD,2017-02-06,1.003002,1208423,0,0,0,5013567,1204582,1232097,1193294.89,1232097.13
Up,false,DiscountCurve/EUR/1/5Y,0.00010000,,0.00000000,EUR,EqCall_SP5_FD,2017-03-06,1.079714,1208202,0,0,0,5167408,1204002,1232097,1194055.65,1232097.13
Up,false,DiscountCurve/EUR/1/5Y,0.00010000,,0.00000000,EUR,EqCall_SP5_FD,2017-04-05,1.161906,1206114,0,0,0,5148266,1201526,1232097,1194584.07,1232097.13
Up,false,DiscountCurve/EUR/1/5Y,0.00010000,,0.00000000,EUR,EqCall_SP5_FD,2017-05-05,1.244098,1215223,0,0,0,5282276,1210202,1232097,1195615.86,1232097.13
Up,false,DiscountCurve/EUR/1/5Y,0.00010000,,0.00000000,EUR,EqCall_SP5_FD,2017-06-06,1.331769,1212693,0,0,0,5544855,1207323,1232097,1196386.54,1232097.13
Up,false,DiscountCurve/EUR/1/5Y,0.00010000,,0.00000000,EUR,EqCall_SP5_FD,2017-07-05,1.411221,1207478,0,0,0,5619973,1201816,1232097,1196692.23,1232097.13
Up,false,DiscountCurve/EUR/1/5Y,0.00010000,,0.00000000,EUR,EqCall_SP5_FD,2017-08-07,1.501632,1200071,0,0,0,5651110,1194087,1232097,1196535.38,1232097.13
Up,false,DiscountCurve/EUR/1/5Y,0.00010000,,0.00000000,EUR,EqCall_SP5_FD,2017-09-05,1.581084,1186933,0,0,0,5798255,1180690,1232097,1195739.14,1232097.13
Up,false,DiscountCurve/EUR/1/5Y,0.00010000,,0.00000000,EUR,EqCall_SP5_FD,2017-10-05,1.663276,1182432,0,0,0,5872944,1175878,1232097,1194757.70,1232097.13
Up,false,DiscountCurve/EUR/1/5Y,0.00010000,,0.00000000,EUR,EqCall_SP5_FD,2017-11-06,1.750947,1170679,0,0,0,6358666,1163837,1232097,1193209.48,1232097.13
Up,false,DiscountCurve/EUR/1/5Y,0.00010000,,0.00000000,EUR,EqCall_SP5_FD,2017-12-05,1.830399,1172669,0,0,0,6498332,1165436,1232097,1192003.92,1232097.13
Up,false,DiscountCurve/EUR/1/5Y,0.00010000,,0.00000000,EUR,EqCall_SP5_FD,2018-01-05,1.915330,1167153,0,0,0,6380388,1159543,1232097,1190564.50,1232097.13
Up,false,DiscountCurve/EUR/1/5Y,0.00010000,,0.00000000,EUR,EqCall_SP5_FD,2018-02-05,2.000262,0,0,0,0,0,0,1232097,1140012.91,1232097.13
Up,false,DiscountCurve/EUR/1/5Y,0.00010000,,0.00000000,EUR,EqCall_SP5_FD,2018-03-05,2.076974,0,0,0,0,0,0,1232097,0.00,0.00
Up,false,DiscountCurve/EUR/1/5Y,0.00010000,,0.00000000,EUR,EqCall_SP5_FD,2018-04-05,2.161906,0,0,0,0,0,0,1232097,0.00,0.00
Up,false,DiscountCurve/EUR/1/5Y,0.00010000,,0.00000000,EUR,EqCall_SP5_FD,2018-05-08,2.252317,0,0,0,0,0,0,1232097,0.00,0.00
Up,false,DiscountCurve/EUR/1/5Y,0.00010000,,0.00000000,EUR,EqCall_SP5_FD,2018-06-05,2.329029,0,0,0,0,0,0,1232097,0.00,0.00
Up,false,DiscountCurve/EUR/1/5Y,0.00010000,,0.00000000,EUR,EqCall_SP5_FD,2018-07-05,2.411221,0,0,0,0,0,0,1232097,0.00,0.00
Up,false,DiscountCurve/EUR/1/5Y,0.00010000,,0.00000000,EUR,EqCall_SP5_FD,2018-08-06,2.498892,0,0,0,0,0,0,1232097,0.00,0.00
Up,false,DiscountCurve/EUR/1/5Y,0.00010000,,0.00000000,EUR,EqCall_SP5_FD,2018-09-05,2.581084,0,0,0,0,0,0,1232097,0.00,0.00
Up,false,DiscountCurve/EUR/1/5Y,0.00010000,,0.00000000,EUR,EqCall_SP5_FD,2018-10-05,2.663276,0,0,0,0,0,0,1232097,0.00,0.00
Up,false,DiscountCurve/EUR/1/5Y,0.00010000,,0.00000000,EUR,EqCall_SP5_FD,2018-11-05,2.748207,0,0,0,0,0,0,1232097,0.00,0.00
Up,false,DiscountCurve/EUR/1/5Y,0.00010000,,0.00000000,EUR,EqCall_SP5_FD,2018-12-05,2.830399,0,0,0,0,0,0,1232097,0.00,0.00
Up,false,DiscountCurve/EUR/1/5Y,0.00010000,,0.00000000,EUR,EqCall_SP5_FD,2019-01-07,2.920810,0,0,0,0,0,0,1232097,0.00,0.00
Up,false,DiscountCurve/EUR/1/5Y,0.00010000,,0.00000000,EUR,EqCall_SP5_FD,2019-02-05,3.000262,0,0,0,0,0,0,1232097,0.00,0.00
Up,false,DiscountCurve/EUR/1/5Y,0.00010000,,0.00000000,EUR,EqCall_SP5_FD,2019-03-05,3.076974,0,0,0,0,0,0,1232097,0.00,0.00
Up,false,DiscountCurve/EUR/1/5Y,0.00010000,,0.00000000,EUR,EqCall_SP5_FD,2019-04-05,3.161906,0,0,0,0,0,0,1232097,0.00,0.00
Up,false,DiscountCurve/EUR/1/5Y,0.00010000,,0.00000000,EUR,EqCall_SP5_FD,2019-05-07,3.249577,0,0,0,0,0,0,1232097,0.00,0.00
Up,false,DiscountCurve/EUR/1/5Y,0.00010000,,0.00000000,EUR,EqCall_SP5_FD,2019-06-05,3.329029,0,0,0,0,0,0,1232097,0.00,0.00
Up,false,DiscountCurve/EUR/1/5Y,0.00010000,,0.00000000,EUR,EqCall_SP5_FD,2019-07-05,3.411221,0,0,0,0,0,0,1232097,0.00,0.00
Up,false,DiscountCurve/EUR/1/5Y,0.00010000,,0.00000000,EUR,EqCall_SP5_FD,2019-08-05,3.496152,0,0,0,0,0,0,1232097,0.00,0.00
Up,false,DiscountCurve/EUR/1/5Y,0.00010000,,0.00000000,EUR,EqCall_SP5_FD,2019-09-05,3.581084,0,0,0,0,0,0,1232097,0.00,0.00
Up,false,DiscountCurve/EUR/1/5Y,0.00010000,,0.00000000,EUR,EqCall_SP5_FD,2019-10-07,3.668755,0,0,0,0,0,0,1232097,0.00,0.00
Up,false,DiscountCurve/EUR/1/5Y,0.00010000,,0.00000000,EUR,EqCall_SP5_FD,2019-11-05,3.748207,0,0,0,0,0,0,1232097,0.00,0.00
Up,false,DiscountCurve/EUR/1/5Y,0.00010000,,0.00000000,EUR,EqCall_SP5_FD,2019-12-05,3.830399,0,0,0,0,0,0,1232097,0.00,0.00
Up,false,DiscountCurve/EUR/1/5Y,0.00010000,,0.00000000,EUR,EqCall_SP5_FD,2020-01-06,3.918033,0,0,0,0,0,0,1232097,0.00,0.00
Up,false,DiscountCurve/EUR/1/5Y,0.00010000,,0.00000000,EUR,EqCall_SP5_FD,2020-02-05,4.000000,0,0,0,0,0,0,1232097,0.00,0.00
Up,false,DiscountCurve/EUR/1/5Y,0.00010000,,0.00000000,EUR,EqCall_SP5_FD,2020-03-05,4.079235,0,0,0,0,0,0,1232097,0.00,0.00
Up,false,DiscountCurve/EUR/1/5Y,0.00010000,,0.00000000,EUR,EqCall_SP5_FD,2020-04-06,4.166667,0,0,0,0,0,0,1232097,0.00,0.00
Up,false,DiscountCurve/EUR/1/5Y,0.00010000,,0.00000000,EUR,EqCall_SP5_FD,2020-05-05,4.245902,0,0,0,0,0,0,1232097,0.00,0.00
Up,false,DiscountCurve/EUR/1/5Y,0.00010000,,0.00000000,EUR,EqCall_SP5_FD,2020-06-05,4.330601,0,0,0,0,0,0,1232097,0.00,0.00
Up,false,DiscountCurve/EUR/1/5Y,0.00010000,,0.00000000,EUR,EqCall_SP5_FD,2020-07-06,4.415301,0,0,0,0,0,0,1232097,0.00,0.00
Up,false,DiscountCurve/EUR/1/5Y,0.00010000,,0.00000000,EUR,EqCall_SP5_FD,2020-08-05,4.497268,0,0,0,0,0,0,1232097,0.00,0.00
Up,false,DiscountCurve/EUR/1/5Y,0.00010000,,0.00000000,EUR,EqCall_SP5_FD,2020-09-08,4.590164,0,0,0,0,0,0,1232097,0.00,0.00
Up,false,DiscountCurve/EUR/1/5Y,0.00010000,,0.00000000,EUR,EqCall_SP5_FD,2020-10-05,4.663934,0,0,0,0,0,0,1232097,0.00,0.00
Up,false,DiscountCurve/EUR/1/5Y,0.00010000,,0.00000000,EUR,EqCall_SP5_FD,2020-11-05,4.748634,0,0,0,0,0,0,1232097,0.00,0.00
Up,false,DiscountCurve/EUR/1/5Y,0.00010000,,0.00000000,EUR,EqCall_SP5_FD,2020-12-07,4.836066,0,0,0,0,0,0,1232097,0.00,0.00
Up,false,DiscountCurve/EUR/1/5Y,0.00010000,,0.00000000,EUR,EqCall_SP5_FD,2021-01-05,4.915330,0,0,0,0,0,0,1232097,0.00,0.00
Up,false,DiscountCurve/EUR/1/5Y,0.00010000,,0.00000000,EUR,EqCall_SP5_FD,2021-02-05,5.000262,0,0,0,0,0,0,1232097,0.00,0.00
Up,false,DiscountCurve/USD/0/1Y,0.00010000,,0.00000000,EUR,EqCall_SP5_FD,2016-02-05,0.000000,1232006,0,0,0,1232006,1232006,1232006,1232005.88,1232005.88
Up,false,DiscountCurve/USD/0/1Y,0.00010000,,0.00000000,EUR,EqCall_SP5_FD,2016-03-07,0.084699,1120612,0,0,0,1879934,1120446,1232006,1120446.02,1232005.88
Up,false,DiscountCurve/USD/0/1Y,0.00010000,,0.00000000,EUR,EqCall_SP5_FD,2016-04-05,0.163934,1139765,0,0,0,2292599,1139381,1232006,1129597.78,1232005.88
Up,false,DiscountCurve/USD/0/1Y,0.00010000,,0.00000000,EUR,EqCall_SP5_FD,2016-05-06,0.248634,1163360,0,0,0,2578092,1162688,1232006,1140870.33,1232005.88
Up,false,DiscountCurve/USD/0/1Y,0.00010000,,0.00000000,EUR,EqCall_SP5_FD,2016-06-06,0.333333,1182420,0,0,0,2848618,1181451,1232006,1151181.74,1232005.88
Up,false,DiscountCurve/USD/0/1Y,0.00010000,,0.00000000,EUR,EqCall_SP5_FD,2016-07-05,0.412568,1199047,0,0,0,3326082,1197718,1232006,1160119.10,1232005.88
Up,false,DiscountCurve/USD/0/1Y,0.00010000,,0.00000000,EUR,EqCall_SP5_FD,2016-08-05,0.497268,1218234,0,0,0,3457968,1216653,1232006,1169748.45,1232005.88
Up,false,DiscountCurve/USD/0/1Y,0.00010000,,0.00000000,EUR,EqCall_SP5_FD,2016-09-06,0.584699,1223912,0,0,0,3733016,1221902,1232006,1177547.07,1232005.88
Up,false,DiscountCurve/USD/0/1Y,0.00010000,,0.00000000,EUR,EqCall_SP5_FD,2016-10-05,0.663934,1223590,0,0,0,4089302,1221269,1232006,1182764.96,1232005.88
Up,false,DiscountCurve/USD/0/1Y,0.00010000,,0.00000000,EUR,EqCall_SP5_FD,2016-11-07,0.754098,1223719,0,0,0,4346937,1220875,1232006,1187321.54,1232005.88
Up,false,DiscountCurve/USD/0/1Y,0.00010000,,0.00000000,EUR,EqCall_SP5_FD,2016-12-05,0.830601,1215923,0,0,0,4457533,1212751,1232006,1189663.74,1232005.88
Up,false,DiscountCurve/USD/0/1Y,0.00010000,,0.00000000,EUR,EqCall_SP5_FD,2017-01-05,0.915330,1214460,0,0,0,4706790,1210934,1232006,1191632.62,1232005.88
Up,false,DiscountCurve/USD/0/1Y,0.00010000,,0.00000000,EUR,EqCall_SP5_FD,2017-02-06,1.003002,1207918,0,0,0,5012878,1204079,1232006,1192720.51,1232005.88
Up,false,DiscountCurve/USD/0/1Y,0.00010000,,0.00000000,EUR,EqCall_SP5_FD,2017-03-06,1.079714,1207725,0,0,0,5166753,1203515,1232006,1193487.41,1232005.88
Up,false,DiscountCurve/USD/0/1Y,0.00010000,,0.00000000,EUR,EqCall_SP5_FD,2017-04-05,1.161906,1205665,0,0,0,5147160,1201055,1232006,1194022.71,1232005.88
Up,false,DiscountCurve/USD/0/1Y,0.00010000,,0.00000000,EUR,EqCall_SP5_FD,2017-05-05,1.244098,1214809,0,0,0,5281806,1209752,1232006,1195061.90,1232005.88
Up,false,DiscountCurve/USD/0/1Y,0.00010000,,0.00000000,EUR,EqCall_SP5_FD,2017-06-06,1.331769,1212319,0,0,0,5543473,1206901,1232006,1195841.25,1232005.88
Up,false,DiscountCurve/USD/0/1Y,0.00010000,,0.00000000,EUR,EqCall_SP5_FD,2017-07-05,1.411221,1207143,0,0,0,5619593,1201421,1232006,1196155.40,1232005.88
Up,false,DiscountCurve/USD/0/1Y,0.00010000,,0.00000000,EUR,EqCall_SP5_FD,2017-08-07,1.501632,1199786,0,0,0,5650088,1193729,1232006,1196009.30,1232005.88
Up,false,DiscountCurve/USD/0/1Y,0.00010000,,0.00000000,EUR,EqCall_SP5_FD,2017-09-05,1.581084,1186642,0,0,0,5797119,1180315,1232006,1195220.64,1232005.88
Up,false,DiscountCurve/USD/0/1Y,0.00010000,,0.00000000,EUR,EqCall_SP5_FD,2017-10-05,1.663276,1182136,0,0,0,5871979,1175487,1232006,1194245.48,1232005.88
Up,false,DiscountCurve/USD/0/1Y,0.00010000,,0.00000000,EUR,EqCall_SP5_FD,2017-11-06,1.750947,1170380,0,0,0,6358247,1163431,1232006,1192702.59,1232005.88
Up,false,DiscountCurve/USD/0/1Y,0.00010000,,0.00000000,EUR,EqCall_SP5_FD,2017-12-05,1.830399,1172377,0,0,0,6496144,1165024,1232006,1191501.16,1232005.88
Up,false,DiscountCurve/USD/0/1Y,0.00010000,,0.00000000,EUR,EqCall_SP5_FD,2018-01-05,1.915330,1166868,0,0,0,6378400,1159127,1232006,1190065.61,1232005.88
Up,false,DiscountCurve/USD/0/1Y,0.00010000,,0.00000000,EUR,EqCall_SP5_FD,2018-02-05,2.000262,0,0,0,0,0,0,1232006,1139535.20,1232005.88
Up,false,DiscountCurve/USD/0/1Y,0.00010000,,0.00000000,EUR,EqCall_SP5_FD,2018-03-05,2.076974,0,0,0,0,0,0,1232006,0.00,0.00
Up,false,DiscountCurve/USD/0/1Y,0.00010000,,0.00000000,EUR,EqCall_SP5_FD,2018-04-05,2.161906,0,0,0,0,0,0,1232006,0.00,0.00
Up,false,DiscountCurve/USD/0/1Y,0.00010000,,0.00000000,EUR,EqCall_SP5_FD,2018-05-08,2.252317,0,0,0,0,0,0,1232006,0.00,0.00
Up,false,DiscountCurve/USD/0/1Y,0.00010000,,0.00000000,EUR,EqCall_SP5_FD,2018-06-05,2.329029,0,0,0,0,0,0,1232006,0.00,0.00
Up,false,DiscountCurve/USD/0/1Y,0.00010000,,0.00000000,EUR,EqCall_SP5_FD,2018-07-05,2.411221,0,0,0,0,0,0,1232006,0.00,0.00
Up,false,DiscountCurve/USD/0/1Y,0.00010000,,0.00000000,EUR,EqCall_SP5_FD,2018-08-06,2.498892,0,0,0,0,0,0,1232006,0.00,0.00
Up,false,DiscountCurve/USD/0/1Y,0.00010000,,0.00000000,EUR,EqCall_SP5_FD,2018-09-05,2.581084,0,0,0,0,0,0,1232006,0.00,0.00
Up,false,DiscountCurve/USD/0/1Y,0.00010000,,0.00000000,EUR,EqCall_SP5_FD,2018-10-05,2.663276,0,0,0,0,0,0,1232006,0.00,0.00
Up,false,DiscountCurve/USD/0/1Y,0.00010000,,0.00000000,EUR,EqCall_SP5_FD,2018-11-05,2.748207,0,0,0,0,0,0,1232006,0.00,0.00
Up,false,DiscountCurve/USD/0/1Y,0.00010000,,0.00000000,EUR,EqCall_SP5_FD,2018-12-05,2.830399,0,0,0,0,0,0,1232006,0.00,0.00
Up,false,DiscountCurve/USD/0/1Y,0.00010000,,0.00000000,EUR,EqCall_SP5_FD,2019-01-07,2.920810,0,0,0,0,0,0,1232006,0.00,0.00
Up,false,DiscountCurve/USD/0/1Y,0.00010000,,0.00000000,EUR,EqCall_SP5_FD,2019-02-05,3.000262,0,0,0,0,0,0,1232006,0.00,0.00
Up,false,DiscountCurve/USD/0/1Y,0.00010000,,0.00000000,EUR,EqCall_SP5_FD,2019-03-05,3.076974,0,0,0,0,0,0,1232006,0.00,0.00
Up,false,DiscountCurve/USD/0/1Y,0.00010000,,0.00000000,EUR,EqCall_SP5_FD,2019-04-05,3.161906,0,0,0,0,0,0,1232006,0.00,0.00
Up,false,DiscountCurve/USD/0/1Y,0.00010000,,0.00000000,EUR,EqCall_SP5_FD,2019-05-07,3.249577,0,0,0,0,0,0,1232006,0.00,0.00
Up,false,DiscountCurve/USD/0/1Y,0.00010000,,0.00000000,EUR,EqCall_SP5_FD,2019-06-05,3.329029,0,0,0,0,0,0,1232006,0.00,0.00
Up,false,DiscountCurve/USD/0/1Y,0.00010000,,0.00000000,EUR,EqCall_SP5_FD,2019-07-05,3.411221,0,0,0,0,0,0,1232006,0.00,0.00
Up,false,DiscountCurve/USD/0/1Y,0.00010000,,0.00000000,EUR,EqCall_SP5_FD,2019-08-05,3.496152,0,0,0,0,0,0,1232006,0.00,0.00
Up,false,DiscountCurve/USD/0/1Y,0.00010000,,0.00000000,EUR,EqCall_SP5_FD,2019-09-05,3.581084,0,0,0,0,0,0,1232006,0.00,0.00
Up,false,DiscountCurve/USD/0/1Y,0.00010000,,0.00000000,EUR,EqCall_SP5_FD,2019-10-07,3.668755,0,0,0,0,0,0,1232006,0.00,0.00
Up,false,DiscountCurve/USD/0/1Y,0.00010000,,0.00000000,EUR,EqCall_SP5_FD,2019-11-05,3.748207,0,0,0,0,0,0,1232006,0.00,0.00
Up,false,DiscountCurve/USD/0/1Y,0.00010000,,0.00000000,EUR,EqCall_SP5_FD,2019-12-05,3.830399,0,0,0,0,0,0,1232006,0.00,0.00
Up,false,DiscountCurve/USD/0/1Y,0.00010000,,0.00000000,EUR,EqCall_SP5_FD,2020-01-06,3.918033,0,0,0,0,0,0,1232006,0.00,0.00
Up,false,DiscountCurve/USD/0/1Y,0.00010000,,0.00000000,EUR,EqCall_SP5_FD,2020-02-05,4.000000,0,0,0,0,0,0,1232006,0.00,0.00
Up,false,DiscountCurve/USD/0/1Y,0.00010000,,0.00000000,EUR,EqCall_SP5_FD,2020-03-05,4.079235,0,0,0,0,0,0,1232006,0.00,0.00
Up,false,DiscountCurve/USD/0/1Y,0.00010000,,0.00000000,EUR,EqCall_SP5_FD,2020-04-06,4.166667,0,0,0,0,0,0,1232006,0.00,0.00
Up,false,DiscountCurve/USD/0/1Y,0.00010000,,0.00000000,EUR,EqCall_SP5_FD,2020-05-05,4.245902,0,0,0,0,0,0,1232006,0.00,0.00
Up,false,DiscountCurve/USD/0/1Y,0.00010000,,0.00000000,EUR,EqCall_SP5_FD,2020-06-05,4.330601,0,0,0,0,0,0,1232006,0.00,0.00
Up,false,DiscountCurve/USD/0/1Y,0.00010000,,0.00000000,EUR,EqCall_SP5_FD,2020-07-06,4.415301,0,0,0,0,0,0,1232006,0.00,0.00
Up,false,DiscountCurve/USD/0/1Y,0.00010000,,0.00000000,EUR,EqCall_SP5_FD,2020-08-05,4.497268,0,0,0,0,0,0,1232006,0.00,0.00
Up,false,DiscountCurve/USD/0/1Y,0.00010000,,0.00000000,EUR,EqCall_SP5_FD,2020-09-08,4.590164,0,0,0,0,0,0,1232006,0.00,0.00
Up,false,DiscountCurve/USD/0/1Y,0.00010000,,0.00000000,EUR,EqCall_SP5_FD,2020-10-05,4.663934,0,0,0,0,0,0,1232006,0.00,0.00
Up,false,DiscountCurve/USD/0/1Y,0.00010000,,0.00000000,EUR,EqCall_SP5_FD,2020-11-05,4.748634,0,0,0,0,0,0,1232006,0.00,0.00
Up,false,DiscountCurve/USD/0/1Y,0.00010000,,0.00000000,EUR,EqCall_SP5_FD,2020-12-07,4.836066,0,0,0,0,0,0,1232006,0.00,0.00
Up,false,DiscountCurve/USD/0/1Y,0.00010000,,0.00000000,EUR,EqCall_SP5_FD,2021-01-05,4.915330,0,0,0,0,0,0,1232006,0.00,0.00
Up,false,DiscountCurve/USD/0/1Y,0.00010000,,0.00000000,EUR,EqCall_SP5_FD,2021-02-05,5.000262,0,0,0,0,0,0,1232006,0.00,0.00
Up,false,DiscountCurve/USD/1/5Y,0.00010000,,0.00000000,EUR,EqCall_SP5_FD,2016-02-05,0.000000,1231943,0,0,0,1231943,1231943,1231943,1231943.13,1231943.13
Up,false,DiscountCurve/USD/1/5Y,0.00010000,,0.00000000,EUR,EqCall_SP5_FD,2016-03-07,0.084699,1120557,0,0,0,1879841,1120390,1231943,1120390.17,1231943.13
Up,false,DiscountCurve/USD/1/5Y,0.00010000,,0.00000000,EUR,EqCall_SP5_FD,2016-04-05,0.163934,1139709,0,0,0,2292485,1139324,1231943,1129541.53,1231943.13
Up,false,DiscountCurve/USD/1/5Y,0.00010000,,0.00000000,EUR,EqCall_SP5_FD,2016-05-06,0.248634,1163302,0,0,0,2577964,1162630,1231943,1140813.50,1231943.12
Up,false,DiscountCurve/USD/1/5Y,0.00010000,,0.00000000,EUR,EqCall_SP5_FD,2016-06-06,0.333333,1182361,0,0,0,2848477,1181392,1231943,1151124.49,1231943.12
Up,false,DiscountCurve/USD/1/5Y,0.00010000,,0.00000000,EUR,EqCall_SP5_FD,2016-07-05,0.412568,1198987,0,0,0,3325918,1197658,1231943,1160061.48,1231943.13
Up,false,DiscountCurve/USD/1/5Y,0.00010000,,0.00000000,EUR,EqCall_SP5_FD,2016-08-05,0.497268,1218174,0,0,0,3457798,1216593,1231943,1169690.46,1231943.12
Up,false,DiscountCurve/USD/1/5Y,0.00010000,,0.00000000,EUR,EqCall_SP5_FD,2016-09-06,0.584699,1223852,0,0,0,3732833,1221842,1231943,1177488.76,1231943.12
Up,false,DiscountCurve/USD/1/5Y,0.00010000,,0.00000000,EUR,EqCall_SP5_FD,2016-10-05,0.663934,1223530,0,0,0,4089102,1221209,1231943,1182706.46,1231943.13
Up,false,DiscountCurve/USD/1/5Y,0.00010000,,0.00000000,EUR,EqCall_SP5_FD,2016-11-07,0.754098,1223659,0,0,0,4346724,1220815,1231943,1187262.90,1231943.13
Up,false,DiscountCurve/USD/1/5Y,0.00010000,,0.00000000,EUR,EqCall_SP5_FD,2016-12-05,0.830601,1215864,0,0,0,4457315,1212692,1231943,1189605.04,1231943.13
Up,false,DiscountCurve/USD/1/5Y,0.00010000,,0.00000000,EUR,EqCall_SP5_FD,2017-01-05,0.915330,1214402,0,0,0,4706564,1210875,1231943,1191573.98,1231943.13
Up,false,DiscountCurve/USD/1/5Y,0.00010000,,0.00000000,EUR,EqCall_SP5_FD,2017-02-06,1.003002,1207860,0,0,0,5012638,1204021,1231943,1192661.95,1231943.13
Up,false,DiscountCurve/USD/1/5Y,0.00010000,,0.00000000,EUR,EqCall_SP5_FD,2017-03-06,1.079714,1207667,0,0,0,5166506,1203457,1231943,1193428.91,1231943.13
Up,false,DiscountCurve/USD/1/5Y,0.00010000,,0.00000000,EUR,EqCall_SP5_FD,2017-04-05,1.161906,1205608,0,0,0,5146913,1200997,1231943,1193964.27,1231943.13
Up,false,DiscountCurve/USD/1/5Y,0.00010000,,0.00000000,EUR,EqCall_SP5_FD,2017-05-05,1.244098,1214751,0,0,0,5281557,1209695,1231943,1195003.55,1231943.13
Up,false,DiscountCurve/USD/1/5Y,0.00010000,,0.00000000,EUR,EqCall_SP5_FD,2017-06-06,1.331769,1212261,0,0,0,5543207,1206843,1231943,1195782.93,1231943.13
Up,false,DiscountCurve/USD/1/5Y,0.00010000,,0.00000000,EUR,EqCall_SP5_FD,2017-07-05,1.411221,1207085,0,0,0,5619323,1201363,1231943,1196097.10,1231943.13
Up,false,DiscountCurve/USD/1/5Y,0.00010000,,0.00000000,EUR,EqCall_SP5_FD,2017-08-07,1.501632,1199729,0,0,0,5649817,1193671,1231943,1195951.05,1231943.13
Up,false,DiscountCurve/USD/1/5Y,0.00010000,,0.00000000,EUR,EqCall_SP5_FD,2017-09-05,1.581084,1186585,0,0,0,5796840,1180258,1231943,1195162.46,1231943.13
Up,false,DiscountCurve/USD/1/5Y,0.00010000,,0.00000000,EUR,EqCall_SP5_FD,2017-10-05,1.663276,1182081,0,0,0,5871703,1175432,1231943,1194187.46,1231943.13
Up,false,DiscountCurve/USD/1/5Y,0.00010000,,0.00000000,EUR,EqCall_SP5_FD,2017-11-06,1.750947,1170324,0,0,0,6357941,1163375,1231943,1192644.66,1231943.13
Up,false,DiscountCurve/USD/1/5Y,0.00010000,,0.00000000,EUR,EqCall_SP5_FD,2017-12-05,1.830399,1172320,0,0,0,6495831,1164968,1231943,1191443.31,1231943.13
Up,false,DiscountCurve/USD/1/5Y,0.00010000,,0.00000000,EUR,EqCall_SP5_FD,2018-01-05,1.915330,1166813,0,0,0,6378097,1159072,1231943,1190007.88,1231943.13
Up,false,DiscountCurve/USD/1/5Y,0.00010000,,0.00000000,EUR,EqCall_SP5_FD,2018-02-05,2.000262,0,0,0,0,0,0,1231943,1139479.92,1231943.13
Up,false,DiscountCurve/USD/1/5Y,0.00010000,,0.00000000,EUR,EqCall_SP5_FD,2018-03-05,2.076974,0,0,0,0,0,0,1231943,0.00,0.00
Up,false,DiscountCurve/USD/1/5Y,0.00010000,,0.00000000,EUR,EqCall_SP5_FD,2018-04-05,2.161906,0,0,0,0,0,0,1231943,0.00,0.00
Up,false,DiscountCurve/USD/1/5Y,0.00010000,,0.00000000,EUR,EqCall_SP5_FD,2018-05-08,2.252317,0,0,0,0,0,0,1231943,0.00,0.00
Up,false,DiscountCurve/USD/1/5Y,0.00010000,,0.00000000,EUR,EqCall_SP5_FD,2018-06-05,2.329029,0,0,0,0,0,0,1231943,0.00,0.00
Up,false,DiscountCurve/USD/1/5Y,0.00010000,,0.00000000,EUR,EqCall_SP5_FD,2018-07-05,2.411221,0,0,0,0,0,0,1231943,0.00,0.00
Up,false,DiscountCurve/USD/1/5Y,0.00010000,,0.00000000,EUR,EqCall_SP5_FD,2018-08-06,2.498892,0,0,0,0,0,0,1231943,0.00,0.00
Up,false,DiscountCurve/USD/1/5Y,0.00010000,,0.00000000,EUR,EqCall_SP5_FD,2018-09-05,2.581084,0,0,0,0,0,0,1231943,0.00,0.00
Up,false,DiscountCurve/USD/1/5Y,0.00010000,,0.00000000,EUR,EqCall_SP5_FD,2018-10-05,2.663276,0,0,0,0,0,0,1231943,0.00,0.00
Up,false,DiscountCurve/USD/1/5Y,0.00010000,,0.00000000,EUR,EqCall_SP5_FD,2018-11-05,2.748207,0,0,0,0,0,0,1231943,0.00,0.00
Up,false,DiscountCurve/USD/1/5Y,0.00010000,,0.00000000,EUR,EqCall_SP5_FD,2018-12-05,2.830399,0,0,0,0,0,0,1231943,0.00,0.00
Up,false,DiscountCurve/USD/1/5Y,0.00010000,,0.00000000,EUR,EqCall_SP5_FD,2019-01-07,2.920810,0,0,0,0,0,0,1231943,0.00,0.00
Up,false,DiscountCurve/USD/1/5Y,0.00010000,,0.00000000,EUR,EqCall_SP5_FD,2019-02-05,3.000262,0,0,0,0,0,0,1231943,0.00,0.00
Up,false,DiscountCurve/USD/1/5Y,0.00010000,,0.00000000,EUR,EqCall_SP5_FD,2019-03-05,3.076974,0,0,0,0,0,0,1231943,0.00,0.00
Up,false,DiscountCurve/USD/1/5Y,0.00010000,,0.00000000,EUR,EqCall_SP5_FD,2019-04-05,3.161906,0,0,0,0,0,0,1231943,0.00,0.00
Up,false,DiscountCurve/USD/1/5Y,0.00010000,,0.00000000,EUR,EqCall_SP5_FD,2019-05-07,3.249577,0,0,0,0,0,0,1231943,0.00,0.00
Up,false,DiscountCurve/USD/1/5Y,0.00010000,,0.00000000,EUR,EqCall_SP5_FD,2019-06-05,3.329029,0,0,0,0,0,0,1231943,0.00,0.00
Up,false,DiscountCurve/USD/1/5Y,0.00010000,,0.00000000,EUR,EqCall_SP5_FD,2019-07-05,3.411221,0,0,0,0,0,0,1231943,0.00,0.00
Up,false,DiscountCurve/USD/1/5Y,0.00010000,,0.00000000,EUR,EqCall_SP5_FD,2019-08-05,3.496152,0,0,0,0,0,0,1231943,0.00,0.00
Up,false,DiscountCurve/USD/1/5Y,0.00010000,,0.00000000,EUR,EqCall_SP5_FD,2019-09-05,3.581084,0,0,0,0,0,0,1231943,0.00,0.00
Up,false,DiscountCurve/USD/1/5Y,0.00010000,,0.00000000,EUR,EqCall_SP5_FD,2019-10-07,3.668755,0,0,0,0,0,0,1231943,0.00,0.00
Up,false,DiscountCurve/USD/1/5Y,0.00010000,,0.00000000,EUR,EqCall_SP5_FD,2019-11-05,3.748207,0,0,0,0,0,0,1231943,0.00,0.00
Up,false,DiscountCurve/USD/1/5Y,0.00010000,,0.00000000,EUR,EqCall_SP5_FD,2019-12-05,3.830399,0,0,0,0,0,0,1231943,0.00,0.00
Up,false,DiscountCurve/USD/1/5Y,0.00010000,,0.00000000,EUR,EqCall_SP5_FD,2020-01-06,3.918033,0,0,0,0,0,0,1231943,0.00,0.00
Up,false,DiscountCurve/USD/1/5Y,0.00010000,,0.00000000,EUR,EqCall_SP5_FD,2020-02-05,4.000000,0,0,0,0,0,0,1231943,0.00,0.00
Up,false,DiscountCurve/USD/1/5Y,0.00010000,,0.00000000,EUR,EqCall_SP5_FD,2020-03-05,4.079235,0,0,0,0,0,0,1231943,0.00,0.00
Up,false,DiscountCurve/USD/1/5Y,0.00010000,,0.00000000,EUR,EqCall_SP5_FD,2020-04-06,4.166667,0,0,0,0,0,0,1231943,0.00,0.00
Up,false,DiscountCurve/USD/1/5Y,0.00010000,,0.00000000,EUR,EqCall_SP5_FD,2020-05-05,4.245902,0,0,0,0,0,0,1231943,0.00,0.00
Up,false,DiscountCurve/USD/1/5Y,0.00010000,,0.00000000,EUR,EqCall_SP5_FD,2020-06-05,4.330601,0,0,0,0,0,0,1231943,0.00,0.00
Up,false,DiscountCurve/USD/1/5Y,0.00010000,,0.00000000,EUR,EqCall_SP5_FD,2020-07-06,4.415301,0,0,0,0,0,0,1231943,0.00,0.00
Up,false,DiscountCurve/USD/1/5Y,0.00010000,,0.00000000,EUR,EqCall_SP5_FD,2020-08-05,4.497268,0,0,0,0,0,0,1231943,0.00,0.00
Up,false,DiscountCurve/USD/1/5Y,0.00010000,,0.00000000,EUR,EqCall_SP5_FD,2020-09-08,4.590164,0,0,0,0,0,0,1231943,0.00,0.00
Up,false,DiscountCurve/USD/1/5Y,0.00010000,,0.00000000,EUR,EqCall_SP5_FD,2020-10-05,4.663934,0,0,0,0,0,0,1231943,0.00,0.00
Up,false,DiscountCurve/USD/1/5Y,0.00010000,,0.00000000,EUR,EqCall_SP5_FD,2020-11-05,4.748634,0,0,0,0,0,0,1231943,0.00,0.00
Up,false,DiscountCurve/USD/1/5Y,0.00010000,,0.00000000,EUR,EqCall_SP5_FD,2020-12-07,4.836066,0,0,0,0,0,0,1231943,0.00,0.00
Up,false,DiscountCurve/USD/1/5Y,0.00010000,,0.00000000,EUR,EqCall_SP5_FD,2021-01-05,4.915330,0,0,0,0,0,0,1231943,0.00,0.00
Up,false,DiscountCurve/USD/1/5Y,0.00010000,,0.00000000,EUR,EqCall_SP5_FD,2021-02-05,5.000262,0,0,0,0,0,0,1231943,0.00,0.00
Up,false,FXSpot/EURUSD/0/spot,0.01132337,,0.00000000,EUR,EqCall_SP5_FD,2016-02-05,0.000000,1219898,0,0,0,1219898,1219898,1219898,1219898.13,1219898.13
Up,false,FXSpot/EURUSD/0/spot,0.01132337,,0.00000000,EUR,EqCall_SP5_FD,2016-03-07,0.084699,1109600,0,0,0,1861460,1109435,1219898,1109435.48,1219898.13
Up,false,FXSpot/EURUSD/0/spot,0.01132337,,0.00000000,EUR,EqCall_SP5_FD,2016-04-05,0.163934,1128565,0,0,0,2270070,1128184,1219898,1118497.33,1219898.13
Up,false,FXSpot/EURUSD/0/spot,0.01132337,,0.00000000,EUR,EqCall_SP5_FD,2016-05-06,0.248634,1151928,0,0,0,2552757,1151262,1219898,1129659.00,1219898.13
Up,false,FXSpot/EURUSD/0/spot,0.01132337,,0.00000000,EUR,EqCall_SP5_FD,2016-06-06,0.333333,1170800,0,0,0,2820626,1169841,1219898,1139869.15,1219898.13
Up,false,FXSpot/EURUSD/0/spot,0.01132337,,0.00000000,EUR,EqCall_SP5_FD,2016-07-05,0.412568,1187264,0,0,0,3293398,1185948,1219898,1148718.74,1219898.13
Up,false,FXSpot/EURUSD/0/spot,0.01132337,,0.00000000,EUR,EqCall_SP5_FD,2016-08-05,0.497268,1206262,0,0,0,3423987,1204697,1219898,1158253.47,1219898.13
Up,false,FXSpot/EURUSD/0/spot,0.01132337,,0.00000000,EUR,EqCall_SP5_FD,2016-09-06,0.584699,1211885,0,0,0,3696334,1209895,1219898,1165975.50,1219898.13
Up,false,FXSpot/EURUSD/0/spot,0.01132337,,0.00000000,EUR,EqCall_SP5_FD,2016-10-05,0.663934,1211566,0,0,0,4049119,1209269,1219898,1171142.16,1219898.13
Up,false,FXSpot/EURUSD/0/spot,0.01132337,,0.00000000,EUR,EqCall_SP5_FD,2016-11-07,0.754098,1211694,0,0,0,4304222,1208878,1219898,1175654.02,1219898.13
Up,false,FXSpot/EURUSD/0/spot,0.01132337,,0.00000000,EUR,EqCall_SP5_FD,2016-12-05,0.830601,1203975,0,0,0,4413731,1200834,1219898,1177973.24,1219898.13
Up,false,FXSpot/EURUSD/0/spot,0.01132337,,0.00000000,EUR,EqCall_SP5_FD,2017-01-05,0.915330,1202527,0,0,0,4660539,1199035,1219898,1179922.82,1219898.12
Up,false,FXSpot/EURUSD/0/spot,0.01132337,,0.00000000,EUR,EqCall_SP5_FD,2017-02-06,1.003002,1196049,0,0,0,4963622,1192247,1219898,1181000.09,1219898.13
Up,false,FXSpot/EURUSD/0/spot,0.01132337,,0.00000000,EUR,EqCall_SP5_FD,2017-03-06,1.079714,1195858,0,0,0,5115985,1191689,1219898,1181759.52,1219898.13
Up,false,FXSpot/EURUSD/0/spot,0.01132337,,0.00000000,EUR,EqCall_SP5_FD,2017-04-05,1.161906,1193819,0,0,0,5096584,1189253,1219898,1182289.61,1219898.13
Up,false,FXSpot/EURUSD/0/spot,0.01132337,,0.00000000,EUR,EqCall_SP5_FD,2017-05-05,1.244098,1202872,0,0,0,5229908,1197866,1219898,1183318.64,1219898.13
Up,false,FXSpot/EURUSD/0/spot,0.01132337,,0.00000000,EUR,EqCall_SP5_FD,2017-06-06,1.331769,1200407,0,0,0,5489003,1195042,1219898,1184090.37,1219898.13
Up,false,FXSpot/EURUSD/0/spot,0.01132337,,0.00000000,EUR,EqCall_SP5_FD,2017-07-05,1.411221,1195282,0,0,0,5564375,1189616,1219898,1184401.46,1219898.13
Up,false,FXSpot/EURUSD/0/spot,0.01132337,,0.00000000,EUR,EqCall_SP5_FD,2017-08-07,1.501632,1187997,0,0,0,5594571,1181999,1219898,1184256.83,1219898.13
Up,false,FXSpot/EURUSD/0/spot,0.01132337,,0.00000000,EUR,EqCall_SP5_FD,2017-09-05,1.581084,1174982,0,0,0,5740157,1168717,1219898,1183475.94,1219898.13
Up,false,FXSpot/EURUSD/0/spot,0.01132337,,0.00000000,EUR,EqCall_SP5_FD,2017-10-05,1.663276,1170521,0,0,0,5814282,1163937,1219898,1182510.40,1219898.13
Up,false,FXSpot/EURUSD/0/spot,0.01132337,,0.00000000,EUR,EqCall_SP5_FD,2017-11-06,1.750947,1158880,0,0,0,6295771,1151999,1219898,1180982.69,1219898.13
Up,false,FXSpot/EURUSD/0/spot,0.01132337,,0.00000000,EUR,EqCall_SP5_FD,2017-12-05,1.830399,1160857,0,0,0,6432313,1153577,1219898,1179793.08,1219898.13
Up,false,FXSpot/EURUSD/0/spot,0.01132337,,0.00000000,EUR,EqCall_SP5_FD,2018-01-05,1.915330,1155403,0,0,0,6315727,1147738,1219898,1178371.66,1219898.13
Up,false,FXSpot/EURUSD/0/spot,0.01132337,,0.00000000,EUR,EqCall_SP5_FD,2018-02-05,2.000262,0,0,0,0,0,0,1219898,1128337.78,1219898.13
Up,false,FXSpot/EURUSD/0/spot,0.01132337,,0.00000000,EUR,EqCall_SP5_FD,2018-03-05,2.076974,0,0,0,0,0,0,1219898,0.00,0.00
Up,false,FXSpot/EURUSD/0/spot,0.01132337,,0.00000000,EUR,EqCall_SP5_FD,2018-04-05,2.161906,0,0,0,0,0,0,1219898,0.00,0.00
Up,false,FXSpot/EURUSD/0/spot,0.01132337,,0.00000000,EUR,EqCall_SP5_FD,2018-05-08,2.252317,0,0,0,0,0,0,1219898,0.00,0.00
Up,false,FXSpot/EURUSD/0/spot,0.01132337,,0.00000000,EUR,EqCall_SP5_FD,2018-06-05,2.329029,0,0,0,0,0,0,1219898,0.00,0.00
Up,false,FXSpot/EURUSD/0/spot,0.01132337,,0.00000000,EUR,EqCall_SP5_FD,2018-07-05,2.411221,0,0,0,0,0,0,1219898,0.00,0.00
Up,false,FXSpot/EURUSD/0/spot,0.01132337,,0.00000000,EUR,EqCall_SP5_FD,2018-08-06,2.498892,0,0,0,0,0,0,1219898,0.00,0.00
Up,false,FXSpot/EURUSD/0/spot,0.01132337,,0.00000000,EUR,EqCall_SP5_FD,2018-09-05,2.581084,0,0,0,0,0,0,1219898,0.00,0.00
Up,false,FXSpot/EURUSD/0/spot,0.01132337,,0.00000000,EUR,EqCall_SP5_FD,2018-10-05,2.663276,0,0,0,0,0,0,1219898,0.00,0.00
Up,false,FXSpot/EURUSD/0/spot,0.01132337,,0.00000000,EUR,EqCall_SP5_FD,2018-11-05,2.748207,0,0,0,0,0,0,1219898,0.00,0.00
Up,false,FXSpot/EURUSD/0/spot,0.01132337,,0.00000000,EUR,EqCall_SP5_FD,2018-12-05,2.830399,0,0,0,0,0,0,1219898,0.00,0.00
Up,false,FXSpot/EURUSD/0/spot,0.01132337,,0.00000000,EUR,EqCall_SP5_FD,2019-01-07,2.920810,0,0,0,0,0,0,1219898,0.00,0.00
Up,false,FXSpot/EURUSD/0/spot,0.01132337,,0.00000000,EUR,EqCall_SP5_FD,2019-02-05,3.000262,0,0,0,0,0,0,1219898,0.00,0.00
Up,false,FXSpot/EURUSD/0/spot,0.01132337,,0.00000000,EUR,EqCall_SP5_FD,2019-03-05,3.076974,0,0,0,0,0,0,1219898,0.00,0.00
Up,false,FXSpot/EURUSD/0/spot,0.01132337,,0.00000000,EUR,EqCall_SP5_FD,2019-04-05,3.161906,0,0,0,0,0,0,1219898,0.00,0.00
Up,false,FXSpot/EURUSD/0/spot,0.01132337,,0.00000000,EUR,EqCall_SP5_FD,2019-05-07,3.249577,0,0,0,0,0,0,1219898,0.00,0.00
Up,false,FXSpot/EURUSD/0/spot,0.01132337,,0.00000000,EUR,EqCall_SP5_FD,2019-06-05,3.329029,0,0,0,0,0,0,1219898,0.00,0.00
Up,false,FXSpot/EURUSD/0/spot,0.01132337,,0.00000000,EUR,EqCall_SP5_FD,2019-07-05,3.411221,0,0,0,0,0,0,1219898,0.00,0.00
Up,false,FXSpot/EURUSD/0/spot,0.01132337,,0.00000000,EUR,EqCall_SP5_FD,2019-08-05,3.496152,0,0,0,0,0,0,1219898,0.00,0.00
Up,false,FXSpot/EURUSD/0/spot,0.01132337,,0.00000000,EUR,EqCall_SP5_FD,2019-09-05,3.581084,0,0,0,0,0,0,1219898,0.00,0.00
Up,false,FXSpot/EURUSD/0/spot,0.01132337,,0.00000000,EUR,EqCall_SP5_FD,2019-10-07,3.668755,0,0,0,0,0,0,1219898,0.00,0.00
Up,false,FXSpot/EURUSD/0/spot,0.01132337,,0.00000000,EUR,EqCall_SP5_FD,2019-11-05,3.748207,0,0,0,0,0,0,1219898,0.00,0.00
Up,false,FXSpot/EURUSD/0/spot,0.01132337,,0.00000000,EUR,EqCall_SP5_FD,2019-12-05,3.830399,0,0,0,0,0,0,1219898,0.00,0.00
Up,false,FXSpot/EURUSD/0/spot,0.01132337,,0.00000000,EUR,EqCall_SP5_FD,2020-01-06,3.918033,0,0,0,0,0,0,1219898,0.00,0.00
Up,false,FXSpot/EURUSD/0/spot,0.01132337,,0.00000000,EUR,EqCall_SP5_FD,2020-02-05,4.000000,0,0,0,0,0,0,1219898,0.00,0.00
Up,false,FXSpot/EURUSD/0/spot,0.01132337,,0.00000000,EUR,EqCall_SP5_FD,2020-03-05,4.079235,0,0,0,0,0,0,1219898,0.00,0.00
Up,false,FXSpot/EURUSD/0/spot,0.01132337,,0.00000000,EUR,EqCall_SP5_FD,2020-04-06,4.166667,0,0,0,0,0,0,1219898,0.00,0.00
Up,false,FXSpot/EURUSD/0/spot,0.01132337,,0.00000000,EUR,EqCall_SP5_FD,2020-05-05,4.245902,0,0,0,0,0,0,1219898,0.00,0.00
Up,false,FXSpot/EURUSD/0/spot,0.01132337,,0.00000000,EUR,EqCall_SP5_FD,2020-06-05,4.330601,0,0,0,0,0,0,1219898,0.00,0.00
Up,false,FXSpot/EURUSD/0/spot,0.01132337,,0.00000000,EUR,EqCall_SP5_FD,2020-07-06,4.415301,0,0,0,0,0,0,1219898,0.00,0.00
Up,false,FXSpot/EURUSD/0/spot,0.01132337,,0.00000000,EUR,EqCall_SP5_FD,2020-08-05,4.497268,0,0,0,0,0,0,1219898,0.00,0.00
Up,false,FXSpot/EURUSD/0/spot,0.01132337,,0.00000000,EUR,EqCall_SP5_FD,2020-09-08,4.590164,0,0,0,0,0,0,1219898,0.00,0.00
Up,false,FXSpot/EURUSD/0/spot,0.01132337,,0.00000000,EUR,EqCall_SP5_FD,2020-10-05,4.663934,0,0,0,0,0,0,1219898,0.00,0.00
Up,false,FXSpot/EURUSD/0/spot,0.01132337,,0.00000000,EUR,EqCall_SP5_FD,2020-11-05,4.748634,0,0,0,0,0,0,1219898,0.00,0.00
Up,false,FXSpot/EURUSD/0/spot,0.01132337,,0.00000000,EUR,EqCall_SP5_FD,2020-12-07,4.836066,0,0,0,0,0,0,1219898,0.00,0.00
Up,false,FXSpot/EURUSD/0/spot,0.01132337,,0.00000000,EUR,EqCall_SP5_FD,2021-01-05,4.915330,0,0,0,0,0,0,1219898,0.00,0.00
Up,false,FXSpot/EURUSD/0/spot,0.01132337,,0.00000000,EUR,EqCall_SP5_FD,2021-02-05,5.000262,0,0,0,0,0,0,1219898,0.00,0.00
Up,false,FXSpot/USDEUR/0/spot,0.00883129,,0.00000000,EUR,EqCall_SP5_FD,2016-02-05,0.000000,1244418,0,0,0,1244418,1244418,1244418,1244418.13,1244418.13
Up,false,FXSpot/USDEUR/0/spot,0.00883129,,0.00000000,EUR,EqCall_SP5_FD,2016-03-07,0.084699,1131903,0,0,0,1898876,1131735,1244418,1131735.13,1244418.13
Up,false,FXSpot/USDEUR/0/spot,0.00883129,,0.00000000,EUR,EqCall_SP5_FD,2016-04-05,0.163934,1151249,0,0,0,2315698,1150861,1244418,1140979.13,1244418.13
Up,false,FXSpot/USDEUR/0/spot,0.00883129,,0.00000000,EUR,EqCall_SP5_FD,2016-05-06,0.248634,1175081,0,0,0,2604067,1174403,1244418,1152365.14,1244418.12
Up,false,FXSpot/USDEUR/0/spot,0.00883129,,0.00000000,EUR,EqCall_SP5_FD,2016-06-06,0.333333,1194333,0,0,0,2877320,1193355,1244418,1162780.52,1244418.13
Up,false,FXSpot/USDEUR/0/spot,0.00883129,,0.00000000,EUR,EqCall_SP5_FD,2016-07-05,0.412568,1211128,0,0,0,3359595,1209786,1244418,1171807.98,1244418.13
Up,false,FXSpot/USDEUR/0/spot,0.00883129,,0.00000000,EUR,EqCall_SP5_FD,2016-08-05,0.497268,1230508,0,0,0,3492809,1228911,1244418,1181534.36,1244418.12
Up,false,FXSpot/USDEUR/0/spot,0.00883129,,0.00000000,EUR,EqCall_SP5_FD,2016-09-06,0.584699,1236244,0,0,0,3770630,1234213,1244418,1189411.61,1244418.13
Up,false,FXSpot/USDEUR/0/spot,0.00883129,,0.00000000,EUR,EqCall_SP5_FD,2016-10-05,0.663934,1235919,0,0,0,4130506,1233575,1244418,1194682.12,1244418.12
Up,false,FXSpot/USDEUR/0/spot,0.00883129,,0.00000000,EUR,EqCall_SP5_FD,2016-11-07,0.754098,1236049,0,0,0,4390736,1233176,1244418,1199284.67,1244418.12
Up,false,FXSpot/USDEUR/0/spot,0.00883129,,0.00000000,EUR,EqCall_SP5_FD,2016-12-05,0.830601,1228175,0,0,0,4502447,1224971,1244418,1201650.50,1244418.12
Up,false,FXSpot/USDEUR/0/spot,0.00883129,,0.00000000,EUR,EqCall_SP5_FD,2017-01-05,0.915330,1226697,0,0,0,4754216,1223135,1244418,1203639.27,1244418.12
Up,false,FXSpot/USDEUR/0/spot,0.00883129,,0.00000000,EUR,EqCall_SP5_FD,2017-02-06,1.003002,1220090,0,0,0,5063391,1216212,1244418,1204738.19,1244418.12
Up,false,FXSpot/USDEUR/0/spot,0.00883129,,0.00000000,EUR,EqCall_SP5_FD,2017-03-06,1.079714,1219894,0,0,0,5218816,1215642,1244418,1205512.88,1244418.12
Up,false,FXSpot/USDEUR/0/spot,0.00883129,,0.00000000,EUR,EqCall_SP5_FD,2017-04-05,1.161906,1217814,0,0,0,5199025,1213157,1244418,1206053.63,1244418.12
Up,false,FXSpot/USDEUR/0/spot,0.00883129,,0.00000000,EUR,EqCall_SP5_FD,2017-05-05,1.244098,1227050,0,0,0,5335029,1221943,1244418,1207103.34,1244418.13
Up,false,FXSpot/USDEUR/0/spot,0.00883129,,0.00000000,EUR,EqCall_SP5_FD,2017-06-06,1.331769,1224535,0,0,0,5599332,1219062,1244418,1207890.59,1244418.13
Up,false,FXSpot/USDEUR/0/spot,0.00883129,,0.00000000,EUR,EqCall_SP5_FD,2017-07-05,1.411221,1219307,0,0,0,5676219,1213527,1244418,1208207.93,1244418.13
Up,false,FXSpot/USDEUR/0/spot,0.00883129,,0.00000000,EUR,EqCall_SP5_FD,2017-08-07,1.501632,1211876,0,0,0,5707022,1205757,1244418,1208060.39,1244418.13
Up,false,FXSpot/USDEUR/0/spot,0.00883129,,0.00000000,EUR,EqCall_SP5_FD,2017-09-05,1.581084,1198599,0,0,0,5855534,1192208,1244418,1207263.81,1244418.13
Up,false,FXSpot/USDEUR/0/spot,0.00883129,,0.00000000,EUR,EqCall_SP5_FD,2017-10-05,1.663276,1194048,0,0,0,5931149,1187332,1244418,1206278.86,1244418.13
Up,false,FXSpot/USDEUR/0/spot,0.00883129,,0.00000000,EUR,EqCall_SP5_FD,2017-11-06,1.750947,1182174,0,0,0,6422316,1175154,1244418,1204720.44,1244418.13
Up,false,FXSpot/USDEUR/0/spot,0.00883129,,0.00000000,EUR,EqCall_SP5_FD,2017-12-05,1.830399,1184190,0,0,0,6561603,1176764,1244418,1203506.92,1244418.13
Up,false,FXSpot/USDEUR/0/spot,0.00883129,,0.00000000,EUR,EqCall_SP5_FD,2018-01-05,1.915330,1178626,0,0,0,6442673,1170808,1244418,1202056.93,1244418.13
Up,false,FXSpot/USDEUR/0/spot,0.00883129,,0.00000000,EUR,EqCall_SP5_FD,2018-02-05,2.000262,0,0,0,0,0,0,1244418,1151017.36,1244418.13
Up,false,FXSpot/USDEUR/0/spot,0.00883129,,0.00000000,EUR,EqCall_SP5_FD,2018-03-05,2.076974,0,0,0,0,0,0,1244418,0.00,0.00
Up,false,FXSpot/USDEUR/0/spot,0.00883129,,0.00000000,EUR,EqCall_SP5_FD,2018-04-05,2.161906,0,0,0,0,0,0,1244418,0.00,0.00
Up,false,FXSpot/USDEUR/0/spot,0.00883129,,0.00000000,EUR,EqCall_SP5_FD,2018-05-08,2.252317,0,0,0,0,0,0,1244418,0.00,0.00
Up,false,FXSpot/USDEUR/0/spot,0.00883129,,0.00000000,EUR,EqCall_SP5_FD,2018-06-05,2.329029,0,0,0,0,0,0,1244418,0.00,0.00
Up,false,FXSpot/USDEUR/0/spot,0.00883129,,0.00000000,EUR,EqCall_SP5_FD,2018-07-05,2.411221,0,0,0,0,0,0,1244418,0.00,0.00
Up,false,FXSpot/USDEUR/0/spot,0.00883129,,0.00000000,EUR,EqCall_SP5_FD,2018-08-06,2.498892,0,0,0,0,0,0,1244418,0.00,0.00
Up,false,FXSpot/USDEUR/0/spot,0.00883129,,0.00000000,EUR,EqCall_SP5_FD,2018-09-05,2.581084,0,0,0,0,0,0,1244418,0.00,0.00
Up,false,FXSpot/USDEUR/0/spot,0.00883129,,0.00000000,EUR,EqCall_SP5_FD,2018-10-05,2.663276,0,0,0,0,0,0,1244418,0.00,0.00
Up,false,FXSpot/USDEUR/0/spot,0.00883129,,0.00000000,EUR,EqCall_SP5_FD,2018-11-05,2.748207,0,0,0,0,0,0,1244418,0.00,0.00
Up,false,FXSpot/USDEUR/0/spot,0.00883129,,0.00000000,EUR,EqCall_SP5_FD,2018-12-05,2.830399,0,0,0,0,0,0,1244418,0.00,0.00
Up,false,FXSpot/USDEUR/0/spot,0.00883129,,0.00000000,EUR,EqCall_SP5_FD,2019-01-07,2.920810,0,0,0,0,0,0,1244418,0.00,0.00
Up,false,FXSpot/USDEUR/0/spot,0.00883129,,0.00000000,EUR,EqCall_SP5_FD,2019-02-05,3.000262,0,0,0,0,0,0,1244418,0.00,0.00
Up,false,FXSpot/USDEUR/0/spot,0.00883129,,0.00000000,EUR,EqCall_SP5_FD,2019-03-05,3.076974,0,0,0,0,0,0,1244418,0.00,0.00
Up,false,FXSpot/USDEUR/0/spot,0.00883129,,0.00000000,EUR,EqCall_SP5_FD,2019-04-05,3.161906,0,0,0,0,0,0,1244418,0.00,0.00
Up,false,FXSpot/USDEUR/0/spot,0.00883129,,0.00000000,EUR,EqCall_SP5_FD,2019-05-07,3.249577,0,0,0,0,0,0,1244418,0.00,0.00
Up,false,FXSpot/USDEUR/0/spot,0.00883129,,0.00000000,EUR,EqCall_SP5_FD,2019-06-05,3.329029,0,0,0,0,0,0,1244418,0.00,0.00
Up,false,FXSpot/USDEUR/0/spot,0.00883129,,0.00000000,EUR,EqCall_SP5_FD,2019-07-05,3.411221,0,0,0,0,0,0,1244418,0.00,0.00
Up,false,FXSpot/USDEUR/0/spot,0.00883129,,0.00000000,EUR,EqCall_SP5_FD,2019-08-05,3.496152,0,0,0,0,0,0,1244418,0.00,0.00
Up,false,FXSpot/USDEUR/0/spot,0.00883129,,0.00000000,EUR,EqCall_SP5_FD,2019-09-05,3.581084,0,0,0,0,0,0,1244418,0.00,0.00
Up,false,FXSpot/USDEUR/0/spot,0.00883129,,0.00000000,EUR,EqCall_SP5_FD,2019-10-07,3.668755,0,0,0,0,0,0,1244418,0.00,0.00
Up,false,FXSpot/USDEUR/0/spot,0.00883129,,0.00000000,EUR,EqCall_SP5_FD,2019-11-05,3.748207,0,0,0,0,0,0,1244418,0.00,0.00
Up,false,FXSpot/USDEUR/0/spot,0.00883129,,0.00000000,EUR,EqCall_SP5_FD,2019-12-05,3.830399,0,0,0,0,0,0,1244418,0.00,0.00
Up,false,FXSpot/USDEUR/0/spot,0.00883129,,0.00000000,EUR,EqCall_SP5_FD,2020-01-06,3.918033,0,0,0,0,0,0,1244418,0.00,0.00
Up,false,FXSpot/USDEUR/0/spot,0.00883129,,0.00000000,EUR,EqCall_SP5_FD,2020-02-05,4.000000,0,0,0,0,0,0,1244418,0.00,0.00
Up,false,FXSpot/USDEUR/0/spot,0.00883129,,0.00000000,EUR,EqCall_SP5_FD,2020-03-05,4.079235,0,0,0,0,0,0,1244418,0.00,0.00
Up,false,FXSpot/USDEUR/0/spot,0.00883129,,0.00000000,EUR,EqCall_SP5_FD,2020-04-06,4.166667,0,0,0,0,0,0,1244418,0.00,0.00
Up,false,FXSpot/USDEUR/0/spot,0.00883129,,0.00000000,EUR,EqCall_SP5_FD,2020-05-05,4.245902,0,0,0,0,0,0,1244418,0.00,0.00
Up,false,FXSpot/USDEUR/0/spot,0.00883129,,0.00000000,EUR,EqCall_SP5_FD,2020-06-05,4.330601,0,0,0,0,0,0,1244418,0.00,0.00
Up,false,FXSpot/USDEUR/0/spot,0.00883129,,0.00000000,EUR,EqCall_SP5_FD,2020-07-06,4.415301,0,0,0,0,0,0,1244418,0.00,0.00
Up,false,FXSpot/USDEUR/0/spot,0.00883129,,0.00000000,EUR,EqCall_SP5_FD,2020-08-05,4.497268,0,0,0,0,0,0,1244418,0.00,0.00
Up,false,FXSpot/USDEUR/0/spot,0.00883129,,0.00000000,EUR,EqCall_SP5_FD,2020-09-08,4.590164,0,0,0,0,0,0,1244418,0.00,0.00
Up,false,FXSpot/USDEUR/0/spot,0.00883129,,0.00000000,EUR,EqCall_SP5_FD,2020-10-05,4.663934,0,0,0,0,0,0,1244418,0.00,0.00
Up,false,FXSpot/USDEUR/0/spot,0.00883129,,0.00000000,EUR,EqCall_SP5_FD,2020-11-05,4.748634,0,0,0,0,0,0,1244418,0.00,0.00
Up,false,FXSpot/USDEUR/0/spot,0.00883129,,0.00000000,EUR,EqCall_SP5_FD,2020-12-07,4.836066,0,0,0,0,0,0,1244418,0.00,0.00
Up,false,FXSpot/USDEUR/0/spot,0.00883129,,0.00000000,EUR,EqCall_SP5_FD,2021-01-05,4.915330,0,0,0,0,0,0,1244418,0.00,0.00
Up,false,FXSpot/USDEUR/0/spot,0.00883129,,0.00000000,EUR,EqCall_SP5_FD,2021-02-05,5.000262,0,0,0,0,0,0,1244418,0.00,0.00
Up,false,EquitySpot/SP5/0/spot,21.47560000,,0.00000000,EUR,EqCall_SP5_FD,2016-02-05,0.000000,1303121,0,0,0,1303121,1303121,1303121,1303121.13,1303121.13
Up,false,EquitySpot/SP5/0/spot,21.47560000,,0.00000000,EUR,EqCall_SP5_FD,2016-03-07,0.084699,1190662,0,0,0,1981409,1190485,1303121,1190485.36,1303121.13
Up,false,EquitySpot/SP5/0/spot,21.47560000,,0.00000000,EUR,EqCall_SP5_FD,2016-04-05,0.163934,1210219,0,0,0,2409173,1209811,1303121,1199825.88,1303121.13
Up,false,EquitySpot/SP5/0/spot,21.47560000,,0.00000000,EUR,EqCall_SP5_FD,2016-05-06,0.248634,1234273,0,0,0,2707138,1233560,1303121,1211317.70,1303121.13
Up,false,EquitySpot/SP5/0/spot,21.47560000,,0.00000000,EUR,EqCall_SP5_FD,2016-06-06,0.333333,1253620,0,0,0,2989690,1252593,1303121,1221805.71,1303121.13
Up,false,EquitySpot/SP5/0/spot,21.47560000,,0.00000000,EUR,EqCall_SP5_FD,2016-07-05,0.412568,1270458,0,0,0,3474438,1269050,1303121,1230879.19,1303121.13
Up,false,EquitySpot/SP5/0/spot,21.47560000,,0.00000000,EUR,EqCall_SP5_FD,2016-08-05,0.497268,1289908,0,0,0,3620448,1288234,1303121,1240648.39,1303121.13
Up,false,EquitySpot/SP5/0/spot,21.47560000,,0.00000000,EUR,EqCall_SP5_FD,2016-09-06,0.584699,1295799,0,0,0,3880970,1293671,1303121,1248576.99,1303121.13
Up,false,EquitySpot/SP5/0/spot,21.47560000,,0.00000000,EUR,EqCall_SP5_FD,2016-10-05,0.663934,1295225,0,0,0,4268292,1292768,1303121,1253850.85,1303121.13
Up,false,EquitySpot/SP5/0/spot,21.47560000,,0.00000000,EUR,EqCall_SP5_FD,2016-11-07,0.754098,1295229,0,0,0,4524142,1292218,1303121,1258438.23,1303121.13
Up,false,EquitySpot/SP5/0/spot,21.47560000,,0.00000000,EUR,EqCall_SP5_FD,2016-12-05,0.830601,1287167,0,0,0,4639179,1283809,1303121,1260775.02,1303121.13
Up,false,EquitySpot/SP5/0/spot,21.47560000,,0.00000000,EUR,EqCall_SP5_FD,2017-01-05,0.915330,1285739,0,0,0,4894624,1282006,1303121,1262740.26,1303121.12
Up,false,EquitySpot/SP5/0/spot,21.47560000,,0.00000000,EUR,EqCall_SP5_FD,2017-02-06,1.003002,1279043,0,0,0,5238094,1274978,1303121,1263809.91,1303121.13
Up,false,EquitySpot/SP5/0/spot,21.47560000,,0.00000000,EUR,EqCall_SP5_FD,2017-03-06,1.079714,1278860,0,0,0,5368614,1274402,1303121,1264562.46,1303121.12
Up,false,EquitySpot/SP5/0/spot,21.47560000,,0.00000000,EUR,EqCall_SP5_FD,2017-04-05,1.161906,1276614,0,0,0,5353583,1271732,1303121,1265069.61,1303121.13
Up,false,EquitySpot/SP5/0/spot,21.47560000,,0.00000000,EUR,EqCall_SP5_FD,2017-05-05,1.244098,1286129,0,0,0,5476875,1280776,1303121,1266107.24,1303121.12
Up,false,EquitySpot/SP5/0/spot,21.47560000,,0.00000000,EUR,EqCall_SP5_FD,2017-06-06,1.331769,1283345,0,0,0,5760251,1277609,1303121,1266864.43,1303121.13
Up,false,EquitySpot/SP5/0/spot,21.47560000,,0.00000000,EUR,EqCall_SP5_FD,2017-07-05,1.411221,1278074,0,0,0,5817916,1272015,1303121,1267154.43,1303121.13
Up,false,EquitySpot/SP5/0/spot,21.47560000,,0.00000000,EUR,EqCall_SP5_FD,2017-08-07,1.501632,1270493,0,0,0,5864237,1264078,1303121,1266969.22,1303121.13
Up,false,EquitySpot/SP5/0/spot,21.47560000,,0.00000000,EUR,EqCall_SP5_FD,2017-09-05,1.581084,1256637,0,0,0,6010775,1249938,1303121,1266113.35,1303121.13
Up,false,EquitySpot/SP5/0/spot,21.47560000,,0.00000000,EUR,EqCall_SP5_FD,2017-10-05,1.663276,1252211,0,0,0,6093008,1245168,1303121,1265078.32,1303121.12
Up,false,EquitySpot/SP5/0/spot,21.47560000,,0.00000000,EUR,EqCall_SP5_FD,2017-11-06,1.750947,1240204,0,0,0,6552938,1232840,1303121,1263464.12,1303121.12
Up,false,EquitySpot/SP5/0/spot,21.47560000,,0.00000000,EUR,EqCall_SP5_FD,2017-12-05,1.830399,1242254,0,0,0,6686177,1234463,1303121,1262205.29,1303121.12
Up,false,EquitySpot/SP5/0/spot,21.47560000,,0.00000000,EUR,EqCall_SP5_FD,2018-01-05,1.915330,1235834,0,0,0,6566613,1227635,1303121,1260672.36,1303121.12
Up,false,EquitySpot/SP5/0/spot,21.47560000,,0.00000000,EUR,EqCall_SP5_FD,2018-02-05,2.000262,0,0,0,0,0,0,1303121,1207143.97,1303121.12
Up,false,EquitySpot/SP5/0/spot,21.47560000,,0.00000000,EUR,EqCall_SP5_FD,2018-03-05,2.076974,0,0,0,0,0,0,1303121,0.00,0.00
Up,false,EquitySpot/SP5/0/spot,21.47560000,,0.00000000,EUR,EqCall_SP5_FD,2018-04-05,2.161906,0,0,0,0,0,0,1303121,0.00,0.00
Up,false,EquitySpot/SP5/0/spot,21.47560000,,0.00000000,EUR,EqCall_SP5_FD,2018-05-08,2.252317,0,0,0,0,0,0,1303121,0.00,0.00
Up,false,EquitySpot/SP5/0/spot,21.47560000,,0.00000000,EUR,EqCall_SP5_FD,2018-06-05,2.329029,0,0,0,0,0,0,1303121,0.00,0.00
Up,false,EquitySpot/SP5/0/spot,21.47560000,,0.00000000,EUR,EqCall_SP5_FD,2018-07-05,2.411221,0,0,0,0,0,0,1303121,0.00,0.00
Up,false,EquitySpot/SP5/0/spot,21.47560000,,0.00000000,EUR,EqCall_SP5_FD,2018-08-06,2.498892,0,0,0,0,0,0,1303121,0.00,0.00
Up,false,EquitySpot/SP5/0/spot,21.47560000,,0.00000000,EUR,EqCall_SP5_FD,2018-09-05,2.581084,0,0,0,0,0,0,1303121,0.00,0.00
Up,false,EquitySpot/SP5/0/spot,21.47560000,,0.00000000,EUR,EqCall_SP5_FD,2018-10-05,2.663276,0,0,0,0,0,0,1303121,0.00,0.00
Up,false,EquitySpot/SP5/0/spot,21.47560000,,0.00000000,EUR,EqCall_SP5_FD,2018-11-05,2.748207,0,0,0,0,0,0,1303121,0.00,0.00
Up,false,EquitySpot/SP5/0/spot,21.47560000,,0.00000000,EUR,EqCall_SP5_FD,2018-12-05,2.830399,0,0,0,0,0,0,1303121,0.00,0.00
Up,false,EquitySpot/SP5/0/spot,21.47560000,,0.00000000,EUR,EqCall_SP5_FD,2019-01-07,2.920810,0,0,0,0,0,0,1303121,0.00,0.00
Up,false,EquitySpot/SP5/0/spot,21.47560000,,0.00000000,EUR,EqCall_SP5_FD,2019-02-05,3.000262,0,0,0,0,0,0,1303121,0.00,0.00
Up,false,EquitySpot/SP5/0/spot,21.47560000,,0.00000000,EUR,EqCall_SP5_FD,2019-03-05,3.076974,0,0,0,0,0,0,1303121,0.00,0.00
Up,false,EquitySpot/SP5/0/spot,21.47560000,,0.00000000,EUR,EqCall_SP5_FD,2019-04-05,3.161906,0,0,0,0,0,0,1303121,0.00,0.00
Up,false,EquitySpot/SP5/0/spot,21.47560000,,0.00000000,EUR,EqCall_SP5_FD,2019-05-07,3.249577,0,0,0,0,0,0,1303121,0.00,0.00
Up,false,EquitySpot/SP5/0/spot,21.47560000,,0.00000000,EUR,EqCall_SP5_FD,2019-06-05,3.329029,0,0,0,0,0,0,1303121,0.00,0.00
Up,false,EquitySpot/SP5/0/spot,21.47560000,,0.00000000,EUR,EqCall_SP5_FD,2019-07-05,3.411221,0,0,0,0,0,0,1303121,0.00,0.00
Up,false,EquitySpot/SP5/0/spot,21.47560000,,0.00000000,EUR,EqCall_SP5_FD,2019-08-05,3.496152,0,0,0,0,0,0,1303121,0.00,0.00
Up,false,EquitySpot/SP5/0/spot,21.47560000,,0.00000000,EUR,EqCall_SP5_FD,2019-09-05,3.581084,0,0,0,0,0,0,1303121,0.00,0.00
Up,false,EquitySpot/SP5/0/spot,21.47560000,,0.00000000,EUR,EqCall_SP5_FD,2019-10-07,3.668755,0,0,0,0,0,0,1303121,0.00,0.00
Up,false,EquitySpot/SP5/0/spot,21.47560000,,0.00000000,EUR,EqCall_SP5_FD,2019-11-05,3.748207,0,0,0,0,0,0,1303121,0.00,0.00
Up,false,EquitySpot/SP5/0/spot,21.47560000,,0.00000000,EUR,EqCall_SP5_FD,2019-12-05,3.830399,0,0,0,0,0,0,1303121,0.00,0.00
Up,false,EquitySpot/SP5/0/spot,21.47560000,,0.00000000,EUR,EqCall_SP5_FD,2020-01-06,3.918033,0,0,0,0,0,0,1303121,0.00,0.00
Up,false,EquitySpot/SP5/0/spot,21.47560000,,0.00000000,EUR,EqCall_SP5_FD,2020-02-05,4.000000,0,0,0,0,0,0,1303121,0.00,0.00
Up,false,EquitySpot/SP5/0/spot,21.47560000,,0.00000000,EUR,EqCall_SP5_FD,2020-03-05,4.079235,0,0,0,0,0,0,1303121,0.00,0.00
Up,false,EquitySpot/SP5/0/spot,21.47560000,,0.00000000,EUR,EqCall_SP5_FD,2020-04-06,4.166667,0,0,0,0,0,0,1303121,0.00,0.00
Up,false,EquitySpot/SP5/0/spot,21.47560000,,0.00000000,EUR,EqCall_SP5_FD,2020-05-05,4.245902,0,0,0,0,0,0,1303121,0.00,0.00
Up,false,EquitySpot/SP5/0/spot,21.47560000,,0.00000000,EUR,EqCall_SP5_FD,2020-06-05,4.330601,0,0,0,0,0,0,1303121,0.00,0.00
Up,false,EquitySpot/SP5/0/spot,21.47560000,,0.00000000,EUR,EqCall_SP5_FD,2020-07-06,4.415301,0,0,0,0,0,0,1303121,0.00,0.00
Up,false,EquitySpot/SP5/0/spot,21.47560000,,0.00000000,EUR,EqCall_SP5_FD,2020-08-05,4.497268,0,0,0,0,0,0,1303121,0.00,0.00
Up,false,EquitySpot/SP5/0/spot,21.47560000,,0.00000000,EUR,EqCall_SP5_FD,2020-09-08,4.590164,0,0,0,0,0,0,1303121,0.00,0.00
Up,false,EquitySpot/SP5/0/spot,21.47560000,,0.00000000,EUR,EqCall_SP5_FD,2020-10-05,4.663934,0,0,0,0,0,0,1303121,0.00,0.00
Up,false,EquitySpot/SP5/0/spot,21.47560000,,0.00000000,EUR,EqCall_SP5_FD,2020-11-05,4.748634,0,0,0,0,0,0,1303121,0.00,0.00
Up,false,EquitySpot/SP5/0/spot,21.47560000,,0.00000000,EUR,EqCall_SP5_FD,2020-12-07,4.836066,0,0,0,0,0,0,1303121,0.00,0.00
Up,false,EquitySpot/SP5/0/spot,21.47560000,,0.00000000,EUR,EqCall_SP5_FD,2021-01-05,4.915330,0,0,0,0,0,0,1303121,0.00,0.00
Up,false,EquitySpot/SP5/0/spot,21.47560000,,0.00000000,EUR,EqCall_SP5_FD,2021-02-05,5.000262,0,0,0,0,0,0,1303121,0.00,0.00
Up,false,EquityVolatility/SP5/0/6M/ATM,0.00250000,,0.00000000,EUR,EqCall_SP5_FD,2016-02-05,0.000000,1236690,0,0,0,1236690,1236690,1236690,1236689.88,1236689.88
Up,false,EquityVolatility/SP5/0/6M/ATM,0.00250000,,0.00000000,EUR,EqCall_SP5_FD,2016-03-07,0.084699,1125057,0,0,0,1894417,1124890,1236690,1124889.51,1236689.88
Up,false,EquityVolatility/SP5/0/6M/ATM,0.00250000,,0.00000000,EUR,EqCall_SP5_FD,2016-04-05,0.163934,1144842,0,0,0,2313208,1144455,1236690,1134346.38,1236689.88
Up,false,EquityVolatility/SP5/0/6M/ATM,0.00250000,,0.00000000,EUR,EqCall_SP5_FD,2016-05-06,0.248634,1169184,0,0,0,2601749,1168509,1236690,1145984.09,1236689.88
Up,false,EquityVolatility/SP5/0/6M/ATM,0.00250000,,0.00000000,EUR,EqCall_SP5_FD,2016-06-06,0.333333,1188974,0,0,0,2876807,1187999,1236690,1156660.13,1236689.88
Up,false,EquityVolatility/SP5/0/6M/ATM,0.00250000,,0.00000000,EUR,EqCall_SP5_FD,2016-07-05,0.412568,1206292,0,0,0,3359614,1204956,1236690,1165935.40,1236689.88
Up,false,EquityVolatility/SP5/0/6M/ATM,0.00250000,,0.00000000,EUR,EqCall_SP5_FD,2016-08-05,0.497268,1226267,0,0,0,3498542,1224675,1236690,1175940.53,1236689.88
Up,false,EquityVolatility/SP5/0/6M/ATM,0.00250000,,0.00000000,EUR,EqCall_SP5_FD,2016-09-06,0.584699,1232414,0,0,0,3778633,1230390,1236690,1184082.56,1236689.88
Up,false,EquityVolatility/SP5/0/6M/ATM,0.00250000,,0.00000000,EUR,EqCall_SP5_FD,2016-10-05,0.663934,1232491,0,0,0,4133822,1230153,1236690,1189580.69,1236689.88
Up,false,EquityVolatility/SP5/0/6M/ATM,0.00250000,,0.00000000,EUR,EqCall_SP5_FD,2016-11-07,0.754098,1233022,0,0,0,4397888,1230156,1236690,1194432.13,1236689.88
Up,false,EquityVolatility/SP5/0/6M/ATM,0.00250000,,0.00000000,EUR,EqCall_SP5_FD,2016-12-05,0.830601,1225445,0,0,0,4512490,1222248,1236690,1196994.15,1236689.88
Up,false,EquityVolatility/SP5/0/6M/ATM,0.00250000,,0.00000000,EUR,EqCall_SP5_FD,2017-01-05,0.915330,1224360,0,0,0,4772272,1220804,1236690,1199198.17,1236689.88
Up,false,EquityVolatility/SP5/0/6M/ATM,0.00250000,,0.00000000,EUR,EqCall_SP5_FD,2017-02-06,1.003002,1218194,0,0,0,5078432,1214322,1236690,1200520.10,1236689.88
Up,false,EquityVolatility/SP5/0/6M/ATM,0.00250000,,0.00000000,EUR,EqCall_SP5_FD,2017-03-06,1.079714,1218454,0,0,0,5230808,1214206,1236690,1201492.50,1236689.88
Up,false,EquityVolatility/SP5/0/6M/ATM,0.00250000,,0.00000000,EUR,EqCall_SP5_FD,2017-04-05,1.161906,1216849,0,0,0,5208861,1212196,1236690,1202249.64,1236689.87
Up,false,EquityVolatility/SP5/0/6M/ATM,0.00250000,,0.00000000,EUR,EqCall_SP5_FD,2017-05-05,1.244098,1226599,0,0,0,5351796,1221494,1236690,1203521.01,1236689.87
Up,false,EquityVolatility/SP5/0/6M/ATM,0.00250000,,0.00000000,EUR,EqCall_SP5_FD,2017-06-06,1.331769,1224660,0,0,0,5602969,1219187,1236690,1204552.30,1236689.87
Up,false,EquityVolatility/SP5/0/6M/ATM,0.00250000,,0.00000000,EUR,EqCall_SP5_FD,2017-07-05,1.411221,1219943,0,0,0,5689206,1214160,1236690,1205093.19,1236689.87
Up,false,EquityVolatility/SP5/0/6M/ATM,0.00250000,,0.00000000,EUR,EqCall_SP5_FD,2017-08-07,1.501632,1213093,0,0,0,5713668,1206969,1236690,1205206.11,1236689.87
Up,false,EquityVolatility/SP5/0/6M/ATM,0.00250000,,0.00000000,EUR,EqCall_SP5_FD,2017-09-05,1.581084,1199675,0,0,0,5861051,1193279,1236690,1204606.73,1236689.87
Up,false,EquityVolatility/SP5/0/6M/ATM,0.00250000,,0.00000000,EUR,EqCall_SP5_FD,2017-10-05,1.663276,1194999,0,0,0,5943014,1188278,1236690,1203799.83,1236689.87
Up,false,EquityVolatility/SP5/0/6M/ATM,0.00250000,,0.00000000,EUR,EqCall_SP5_FD,2017-11-06,1.750947,1183073,0,0,0,6427054,1176049,1236690,1202410.32,1236689.87
Up,false,EquityVolatility/SP5/0/6M/ATM,0.00250000,,0.00000000,EUR,EqCall_SP5_FD,2017-12-05,1.830399,1185236,0,0,0,6558568,1177803,1236690,1201342.20,1236689.87
Up,false,EquityVolatility/SP5/0/6M/ATM,0.00250000,,0.00000000,EUR,EqCall_SP5_FD,2018-01-05,1.915330,1179859,0,0,0,6445495,1172032,1236690,1200042.50,1236689.87
Up,false,EquityVolatility/SP5/0/6M/ATM,0.00250000,,0.00000000,EUR,EqCall_SP5_FD,2018-02-05,2.000262,0,0,0,0,0,0,1236690,1149088.46,1236689.87
Up,false,EquityVolatility/SP5/0/6M/ATM,0.00250000,,0.00000000,EUR,EqCall_SP5_FD,2018-03-05,2.076974,0,0,0,0,0,0,1236690,0.00,0.00
Up,false,EquityVolatility/SP5/0/6M/ATM,0.00250000,,0.00000000,EUR,EqCall_SP5_FD,2018-04-05,2.161906,0,0,0,0,0,0,1236690,0.00,0.00
Up,false,EquityVolatility/SP5/0/6M/ATM,0.00250000,,0.00000000,EUR,EqCall_SP5_FD,2018-05-08,2.252317,0,0,0,0,0,0,1236690,0.00,0.00
Up,false,EquityVolatility/SP5/0/6M/ATM,0.00250000,,0.00000000,EUR,EqCall_SP5_FD,2018-06-05,2.329029,0,0,0,0,0,0,1236690,0.00,0.00
Up,false,EquityVolatility/SP5/0/6M/ATM,0.00250000,,0.00000000,EUR,EqCall_SP5_FD,2018-07-05,2.411221,0,0,0,0,0,0,1236690,0.00,0.00
Up,false,EquityVolatility/SP5/0/6M/ATM,0.00250000,,0.00000000,EUR,EqCall_SP5_FD,2018-08-06,2.498892,0,0,0,0,0,0,1236690,0.00,0.00
Up,false,EquityVolatility/SP5/0/6M/ATM,0.00250000,,0.00000000,EUR,EqCall_SP5_FD,2018-09-05,2.581084,0,0,0,0,0,0,1236690,0.00,0.00
Up,false,EquityVolatility/SP5/0/6M/ATM,0.00250000,,0.00000000,EUR,EqCall_SP5_FD,2018-10-05,2.663276,0,0,0,0,0,0,1236690,0.00,0.00
Up,false,EquityVolatility/SP5/0/6M/ATM,0.00250000,,0.00000000,EUR,EqCall_SP5_FD,2018-11-05,2.748207,0,0,0,0,0,0,1236690,0.00,0.00
Up,false,EquityVolatility/SP5/0/6M/ATM,0.00250000,,0.00000000,EUR,EqCall_SP5_FD,2018-12-05,2.830399,0,0,0,0,0,0,1236690,0.00,0.00
Up,false,EquityVolatility/SP5/0/6M/ATM,0.00250000,,0.00000000,EUR,EqCall_SP5_FD,2019-01-07,2.920810,0,0,0,0,0,0,1236690,0.00,0.00
Up,false,EquityVolatility/SP5/0/6M/ATM,0.00250000,,0.00000000,EUR,EqCall_SP5_FD,2019-02-05,3.000262,0,0,0,0,0,0,1236690,0.00,0.00
Up,false,EquityVolatility/SP5/0/6M/ATM,0.00250000,,0.00000000,EUR,EqCall_SP5_FD,2019-03-05,3.076974,0,0,0,0,0,0,1236690,0.00,0.00
Up,false,EquityVolatility/SP5/0/6M/ATM,0.00250000,,0.00000000,EUR,EqCall_SP5_FD,2019-04-05,3.161906,0,0,0,0,0,0,1236690,0.00,0.00
Up,false,EquityVolatility/SP5/0/6M/ATM,0.00250000,,0.00000000,EUR,EqCall_SP5_FD,2019-05-07,3.249577,0,0,0,0,0,0,1236690,0.00,0.00
Up,false,EquityVolatility/SP5/0/6M/ATM,0.00250000,,0.00000000,EUR,EqCall_SP5_FD,2019-06-05,3.329029,0,0,0,0,0,0,1236690,0.00,0.00
Up,false,EquityVolatility/SP5/0/6M/ATM,0.00250000,,0.00000000,EUR,EqCall_SP5_FD,2019-07-05,3.411221,0,0,0,0,0,0,1236690,0.00,0.00
Up,false,EquityVolatility/SP5/0/6M/ATM,0.00250000,,0.00000000,EUR,EqCall_SP5_FD,2019-08-05,3.496152,0,0,0,0,0,0,1236690,0.00,0.00
Up,false,EquityVolatility/SP5/0/6M/ATM,0.00250000,,0.00000000,EUR,EqCall_SP5_FD,2019-09-05,3.581084,0,0,0,0,0,0,1236690,0.00,0.00
Up,false,EquityVolatility/SP5/0/6M/ATM,0.00250000,,0.00000000,EUR,EqCall_SP5_FD,2019-10-07,3.668755,0,0,0,0,0,0,1236690,0.00,0.00
Up,false,EquityVolatility/SP5/0/6M/ATM,0.00250000,,0.00000000,EUR,EqCall_SP5_FD,2019-11-05,3.748207,0,0,0,0,0,0,1236690,0.00,0.00
Up,false,EquityVolatility/SP5/0/6M/ATM,0.00250000,,0.00000000,EUR,EqCall_SP5_FD,2019-12-05,3.830399,0,0,0,0,0,0,1236690,0.00,0.00
Up,false,EquityVolatility/SP5/0/6M/ATM,0.00250000,,0.00000000,EUR,EqCall_SP5_FD,2020-01-06,3.918033,0,0,0,0,0,0,1236690,0.00,0.00
Up,false,EquityVolatility/SP5/0/6M/ATM,0.00250000,,0.00000000,EUR,EqCall_SP5_FD,2020-02-05,4.000000,0,0,0,0,0,0,1236690,0.00,0.00
Up,false,EquityVolatility/SP5/0/6M/ATM,0.00250000,,0.00000000,EUR,EqCall_SP5_FD,2020-03-05,4.079235,0,0,0,0,0,0,1236690,0.00,0.00
Up,false,EquityVolatility/SP5/0/6M/ATM,0.00250000,,0.00000000,EUR,EqCall_SP5_FD,2020-04-06,4.166667,0,0,0,0,0,0,1236690,0.00,0.00
Up,false,EquityVolatility/SP5/0/6M/ATM,0.00250000,,0.00000000,EUR,EqCall_SP5_FD,2020-05-05,4.245902,0,0,0,0,0,0,1236690,0.00,0.00
Up,false,EquityVolatility/SP5/0/6M/ATM,0.00250000,,0.00000000,EUR,EqCall_SP5_FD,2020-06-05,4.330601,0,0,0,0,0,0,1236690,0.00,0.00
Up,false,EquityVolatility/SP5/0/6M/ATM,0.00250000,,0.00000000,EUR,EqCall_SP5_FD,2020-07-06,4.415301,0,0,0,0,0,0,1236690,0.00,0.00
Up,false,EquityVolatility/SP5/0/6M/ATM,0.00250000,,0.00000000,EUR,EqCall_SP5_FD,2020-08-05,4.497268,0,0,0,0,0,0,1236690,0.00,0.00
Up,false,EquityVolatility/SP5/0/6M/ATM,0.00250000,,0.00000000,EUR,EqCall_SP5_FD,2020-09-08,4.590164,0,0,0,0,0,0,1236690,0.00,0.00
Up,false,EquityVolatility/SP5/0/6M/ATM,0.00250000,,0.00000000,EUR,EqCall_SP5_FD,2020-10-05,4.663934,0,0,0,0,0,0,1236690,0.00,0.00
Up,false,EquityVolatility/SP5/0/6M/ATM,0.00250000,,0.00000000,EUR,EqCall_SP5_FD,2020-11-05,4.748634,0,0,0,0,0,0,1236690,0.00,0.00
Up,false,EquityVolatility/SP5/0/6M/ATM,0.00250000,,0.00000000,EUR,EqCall_SP5_FD,2020-12-07,4.836066,0,0,0,0,0,0,1236690,0.00,0.00
Up,false,EquityVolatility/SP5/0/6M/ATM,0.00250000,,0.00000000,EUR,EqCall_SP5_FD,2021-01-05,4.915330,0,0,0,0,0,0,1236690,0.00,0.00
Up,false,EquityVolatility/SP5/0/6M/ATM,0.00250000,,0.00000000,EUR,EqCall_SP5_FD,2021-02-05,5.000262,0,0,0,0,0,0,1236690,0.00,0.00
Up,false,EquityVolatility/SP5/1/5Y/ATM,0.00170700,,0.00000000,EUR,EqCall_SP5_FD,2016-02-05,0.000000,1242843,0,0,0,1242843,1242843,1242843,1242842.88,1242842.88
Up,false,EquityVolatility/SP5/1/5Y/ATM,0.00170700,,0.00000000,EUR,EqCall_SP5_FD,2016-03-07,0.084699,1130715,0,0,0,1891549,1130547,1242843,1130547.24,1242842.88
Up,false,EquityVolatility/SP5/1/5Y/ATM,0.00170700,,0.00000000,EUR,EqCall_SP5_FD,2016-04-05,0.163934,1149162,0,0,0,2303922,1148774,1242843,1139356.89,1242842.88
Up,false,EquityVolatility/SP5/1/5Y/ATM,0.00170700,,0.00000000,EUR,EqCall_SP5_FD,2016-05-06,0.248634,1172029,0,0,0,2589499,1171352,1242843,1150256.38,1242842.88
Up,false,EquityVolatility/SP5/1/5Y/ATM,0.00170700,,0.00000000,EUR,EqCall_SP5_FD,2016-06-06,0.333333,1190397,0,0,0,2859840,1189422,1242843,1160208.18,1242842.88
Up,false,EquityVolatility/SP5/1/5Y/ATM,0.00170700,,0.00000000,EUR,EqCall_SP5_FD,2016-07-05,0.412568,1206410,0,0,0,3335326,1205073,1242843,1168824.56,1242842.88
Up,false,EquityVolatility/SP5/1/5Y/ATM,0.00170700,,0.00000000,EUR,EqCall_SP5_FD,2016-08-05,0.497268,1224967,0,0,0,3468494,1223377,1242843,1178116.49,1242842.88
Up,false,EquityVolatility/SP5/1/5Y/ATM,0.00170700,,0.00000000,EUR,EqCall_SP5_FD,2016-09-06,0.584699,1230269,0,0,0,3740387,1228249,1242843,1185612.89,1242842.88
Up,false,EquityVolatility/SP5/1/5Y/ATM,0.00170700,,0.00000000,EUR,EqCall_SP5_FD,2016-10-05,0.663934,1229659,0,0,0,4098143,1227327,1242843,1190591.06,1242842.88
Up,false,EquityVolatility/SP5/1/5Y/ATM,0.00170700,,0.00000000,EUR,EqCall_SP5_FD,2016-11-07,0.754098,1229518,0,0,0,4354712,1226660,1242843,1194903.70,1242842.88
Up,false,EquityVolatility/SP5/1/5Y/ATM,0.00170700,,0.00000000,EUR,EqCall_SP5_FD,2016-12-05,0.830601,1221512,0,0,0,4465252,1218325,1242843,1197060.94,1242842.88
Up,false,EquityVolatility/SP5/1/5Y/ATM,0.00170700,,0.00000000,EUR,EqCall_SP5_FD,2017-01-05,0.915330,1219858,0,0,0,4714600,1216315,1242843,1198843.28,1242842.88
Up,false,EquityVolatility/SP5/1/5Y/ATM,0.00170700,,0.00000000,EUR,EqCall_SP5_FD,2017-02-06,1.003002,1213142,0,0,0,5022095,1209286,1242843,1199756.07,1242842.88
Up,false,EquityVolatility/SP5/1/5Y/ATM,0.00170700,,0.00000000,EUR,EqCall_SP5_FD,2017-03-06,1.079714,1212782,0,0,0,5176571,1208554,1242843,1200381.15,1242842.88
Up,false,EquityVolatility/SP5/1/5Y/ATM,0.00170700,,0.00000000,EUR,EqCall_SP5_FD,2017-04-05,1.161906,1210619,0,0,0,5163310,1205990,1242843,1200777.90,1242842.88
Up,false,EquityVolatility/SP5/1/5Y/ATM,0.00170700,,0.00000000,EUR,EqCall_SP5_FD,2017-05-05,1.244098,1219704,0,0,0,5289306,1214628,1242843,1201692.89,1242842.88
Up,false,EquityVolatility/SP5/1/5Y/ATM,0.00170700,,0.00000000,EUR,EqCall_SP5_FD,2017-06-06,1.331769,1217129,0,0,0,5556996,1211689,1242843,1202350.95,1242842.88
Up,false,EquityVolatility/SP5/1/5Y/ATM,0.00170700,,0.00000000,EUR,EqCall_SP5_FD,2017-07-05,1.411221,1211939,0,0,0,5625714,1206193,1242843,1202567.28,1242842.88
Up,false,EquityVolatility/SP5/1/5Y/ATM,0.00170700,,0.00000000,EUR,EqCall_SP5_FD,2017-08-07,1.501632,1204572,0,0,0,5666849,1198490,1242843,1202321.78,1242842.88
Up,false,EquityVolatility/SP5/1/5Y/ATM,0.00170700,,0.00000000,EUR,EqCall_SP5_FD,2017-09-05,1.581084,1191556,0,0,0,5815793,1185203,1242843,1201461.54,1242842.88
Up,false,EquityVolatility/SP5/1/5Y/ATM,0.00170700,,0.00000000,EUR,EqCall_SP5_FD,2017-10-05,1.663276,1187162,0,0,0,5888144,1180485,1242843,1200424.95,1242842.88
Up,false,EquityVolatility/SP5/1/5Y/ATM,0.00170700,,0.00000000,EUR,EqCall_SP5_FD,2017-11-06,1.750947,1175450,0,0,0,6386532,1168471,1242843,1198825.01,1242842.88
Up,false,EquityVolatility/SP5/1/5Y/ATM,0.00170700,,0.00000000,EUR,EqCall_SP5_FD,2017-12-05,1.830399,1177348,0,0,0,6529927,1169965,1242843,1197572.27,1242842.88
Up,false,EquityVolatility/SP5/1/5Y/ATM,0.00170700,,0.00000000,EUR,EqCall_SP5_FD,2018-01-05,1.915330,1171705,0,0,0,6396925,1163932,1242843,1196080.55,1242842.88
Up,false,EquityVolatility/SP5/1/5Y/ATM,0.00170700,,0.00000000,EUR,EqCall_SP5_FD,2018-02-05,2.000262,0,0,0,0,0,0,1242843,1145294.74,1242842.88
Up,false,EquityVolatility/SP5/1/5Y/ATM,0.00170700,,0.00000000,EUR,EqCall_SP5_FD,2018-03-05,2.076974,0,0,0,0,0,0,1242843,0.00,0.00
Up,false,EquityVolatility/SP5/1/5Y/ATM,0.00170700,,0.00000000,EUR,EqCall_SP5_FD,2018-04-05,2.161906,0,0,0,0,0,0,1242843,0.00,0.00
Up,false,EquityVolatility/SP5/1/5Y/ATM,0.00170700,,0.00000000,EUR,EqCall_SP5_FD,2018-05-08,2.252317,0,0,0,0,0,0,1242843,0.00,0.00
Up,false,EquityVolatility/SP5/1/5Y/ATM,0.00170700,,0.00000000,EUR,EqCall_SP5_FD,2018-06-05,2.329029,0,0,0,0,0,0,1242843,0.00,0.00
Up,false,EquityVolatility/SP5/1/5Y/ATM,0.00170700,,0.00000000,EUR,EqCall_SP5_FD,2018-07-05,2.411221,0,0,0,0,0,0,1242843,0.00,0.00
Up,false,EquityVolatility/SP5/1/5Y/ATM,0.00170700,,0.00000000,EUR,EqCall_SP5_FD,2018-08-06,2.498892,0,0,0,0,0,0,1242843,0.00,0.00
Up,false,EquityVolatility/SP5/1/5Y/ATM,0.00170700,,0.00000000,EUR,EqCall_SP5_FD,2018-09-05,2.581084,0,0,0,0,0,0,1242843,0.00,0.00
Up,false,EquityVolatility/SP5/1/5Y/ATM,0.00170700,,0.00000000,EUR,EqCall_SP5_FD,2018-10-05,2.663276,0,0,0,0,0,0,1242843,0.00,0.00
Up,false,EquityVolatility/SP5/1/5Y/ATM,0.00170700,,0.00000000,EUR,EqCall_SP5_FD,2018-11-05,2.748207,0,0,0,0,0,0,1242843,0.00,0.00
Up,false,EquityVolatility/SP5/1/5Y/ATM,0.00170700,,0.00000000,EUR,EqCall_SP5_FD,2018-12-05,2.830399,0,0,0,0,0,0,1242843,0.00,0.00
Up,false,EquityVolatility/SP5/1/5Y/ATM,0.00170700,,0.00000000,EUR,EqCall_SP5_FD,2019-01-07,2.920810,0,0,0,0,0,0,1242843,0.00,0.00
Up,false,EquityVolatility/SP5/1/5Y/ATM,0.00170700,,0.00000000,EUR,EqCall_SP5_FD,2019-02-05,3.000262,0,0,0,0,0,0,1242843,0.00,0.00
Up,false,EquityVolatility/SP5/1/5Y/ATM,0.00170700,,0.00000000,EUR,EqCall_SP5_FD,2019-03-05,3.076974,0,0,0,0,0,0,1242843,0.00,0.00
Up,false,EquityVolatility/SP5/1/5Y/ATM,0.00170700,,0.00000000,EUR,EqCall_SP5_FD,2019-04-05,3.161906,0,0,0,0,0,0,1242843,0.00,0.00
Up,false,EquityVolatility/SP5/1/5Y/ATM,0.00170700,,0.00000000,EUR,EqCall_SP5_FD,2019-05-07,3.249577,0,0,0,0,0,0,1242843,0.00,0.00
Up,false,EquityVolatility/SP5/1/5Y/ATM,0.00170700,,0.00000000,EUR,EqCall_SP5_FD,2019-06-05,3.329029,0,0,0,0,0,0,1242843,0.00,0.00
Up,false,EquityVolatility/SP5/1/5Y/ATM,0.00170700,,0.00000000,EUR,EqCall_SP5_FD,2019-07-05,3.411221,0,0,0,0,0,0,1242843,0.00,0.00
Up,false,EquityVolatility/SP5/1/5Y/ATM,0.00170700,,0.00000000,EUR,EqCall_SP5_FD,2019-08-05,3.496152,0,0,0,0,0,0,1242843,0.00,0.00
Up,false,EquityVolatility/SP5/1/5Y/ATM,0.00170700,,0.00000000,EUR,EqCall_SP5_FD,2019-09-05,3.581084,0,0,0,0,0,0,1242843,0.00,0.00
Up,false,EquityVolatility/SP5/1/5Y/ATM,0.00170700,,0.00000000,EUR,EqCall_SP5_FD,2019-10-07,3.668755,0,0,0,0,0,0,1242843,0.00,0.00
Up,false,EquityVolatility/SP5/1/5Y/ATM,0.00170700,,0.00000000,EUR,EqCall_SP5_FD,2019-11-05,3.748207,0,0,0,0,0,0,1242843,0.00,0.00
Up,false,EquityVolatility/SP5/1/5Y/ATM,0.00170700,,0.00000000,EUR,EqCall_SP5_FD,2019-12-05,3.830399,0,0,0,0,0,0,1242843,0.00,0.00
Up,false,EquityVolatility/SP5/1/5Y/ATM,0.00170700,,0.00000000,EUR,EqCall_SP5_FD,2020-01-06,3.918033,0,0,0,0,0,0,1242843,0.00,0.00
Up,false,EquityVolatility/SP5/1/5Y/ATM,0.00170700,,0.00000000,EUR,EqCall_SP5_FD,2020-02-05,4.000000,0,0,0,0,0,0,1242843,0.00,0.00
Up,false,EquityVolatility/SP5/1/5Y/ATM,0.00170700,,0.00000000,EUR,EqCall_SP5_FD,2020-03-05,4.079235,0,0,0,0,0,0,1242843,0.00,0.00
Up,false,EquityVolatility/SP5/1/5Y/ATM,0.00170700,,0.00000000,EUR,EqCall_SP5_FD,2020-04-06,4.166667,0,0,0,0,0,0,1242843,0.00,0.00
Up,false,EquityVolatility/SP5/1/5Y/ATM,0.00170700,,0.00000000,EUR,EqCall_SP5_FD,2020-05-05,4.245902,0,0,0,0,0,0,1242843,0.00,0.00
Up,false,EquityVolatility/SP5/1/5Y/ATM,0.00170700,,0.00000000,EUR,EqCall_SP5_FD,2020-06-05,4.330601,0,0,0,0,0,0,1242843,0.00,0.00
Up,false,EquityVolatility/SP5/1/5Y/ATM,0.00170700,,0.00000000,EUR,EqCall_SP5_FD,2020-07-06,4.415301,0,0,0,0,0,0,1242843,0.00,0.00
Up,false,EquityVolatility/SP5/1/5Y/ATM,0.00170700,,0.00000000,EUR,EqCall_SP5_FD,2020-08-05,4.497268,0,0,0,0,0,0,1242843,0.00,0.00
Up,false,EquityVolatility/SP5/1/5Y/ATM,0.00170700,,0.00000000,EUR,EqCall_SP5_FD,2020-09-08,4.590164,0,0,0,0,0,0,1242843,0.00,0.00
Up,false,EquityVolatility/SP5/1/5Y/ATM,0.00170700,,0.00000000,EUR,EqCall_SP5_FD,2020-10-05,4.663934,0,0,0,0,0,0,1242843,0.00,0.00
Up,false,EquityVolatility/SP5/1/5Y/ATM,0.00170700,,0.00000000,EUR,EqCall_SP5_FD,2020-11-05,4.748634,0,0,0,0,0,0,1242843,0.00,0.00
Up,false,EquityVolatility/SP5/1/5Y/ATM,0.00170700,,0.00000000,EUR,EqCall_SP5_FD,2020-12-07,4.836066,0,0,0,0,0,0,1242843,0.00,0.00
Up,false,EquityVolatility/SP5/1/5Y/ATM,0.00170700,,0.00000000,EUR,EqCall_SP5_FD,2021-01-05,4.915330,0,0,0,0,0,0,1242843,0.00,0.00
Up,false,EquityVolatility/SP5/1/5Y/ATM,0.00170700,,0.00000000,EUR,EqCall_SP5_FD,2021-02-05,5.000262,0,0,0,0,0,0,1242843,0.00,0.00
Up,false,EquityVolatility/SP5/2/10Y/ATM,0.00198100,,0.00000000,EUR,EqCall_SP5_FD,2016-02-05,0.000000,1232097,0,0,0,1232097,1232097,1232097,1232097.13,1232097.13
Up,false,EquityVolatility/SP5/2/10Y/ATM,0.00198100,,0.00000000,EUR,EqCall_SP5_FD,2016-03-07,0.084699,1121094,0,0,0,1880497,1120928,1232097,1120927.76,1232097.13
Up,false,EquityVolatility/SP5/2/10Y/ATM,0.00198100,,0.00000000,EUR,EqCall_SP5_FD,2016-04-05,0.163934,1140583,0,0,0,2293546,1140198,1232097,1130241.80,1232097.13
Up,false,EquityVolatility/SP5/2/10Y/ATM,0.00198100,,0.00000000,EUR,EqCall_SP5_FD,2016-05-06,0.248634,1164482,0,0,0,2579462,1163810,1232097,1141676.97,1232097.13
Up,false,EquityVolatility/SP5/2/10Y/ATM,0.00198100,,0.00000000,EUR,EqCall_SP5_FD,2016-06-06,0.333333,1183793,0,0,0,2850339,1182823,1232097,1152132.02,1232097.13
Up,false,EquityVolatility/SP5/2/10Y/ATM,0.00198100,,0.00000000,EUR,EqCall_SP5_FD,2016-07-05,0.412568,1200607,0,0,0,3327686,1199276,1232097,1161186.21,1232097.13
Up,false,EquityVolatility/SP5/2/10Y/ATM,0.00198100,,0.00000000,EUR,EqCall_SP5_FD,2016-08-05,0.497268,1219943,0,0,0,3460074,1218359,1232097,1170924.48,1232097.13
Up,false,EquityVolatility/SP5/2/10Y/ATM,0.00198100,,0.00000000,EUR,EqCall_SP5_FD,2016-09-06,0.584699,1225737,0,0,0,3734296,1223724,1232097,1178819.76,1232097.13
Up,false,EquityVolatility/SP5/2/10Y/ATM,0.00198100,,0.00000000,EUR,EqCall_SP5_FD,2016-10-05,0.663934,1225477,0,0,0,4091237,1223153,1232097,1184110.59,1232097.13
Up,false,EquityVolatility/SP5/2/10Y/ATM,0.00198100,,0.00000000,EUR,EqCall_SP5_FD,2016-11-07,0.754098,1225643,0,0,0,4348417,1222794,1232097,1188735.74,1232097.13
Up,false,EquityVolatility/SP5/2/10Y/ATM,0.00198100,,0.00000000,EUR,EqCall_SP5_FD,2016-12-05,0.830601,1217834,0,0,0,4458912,1214657,1232097,1191123.26,1232097.13
Up,false,EquityVolatility/SP5/2/10Y/ATM,0.00198100,,0.00000000,EUR,EqCall_SP5_FD,2017-01-05,0.915330,1216317,0,0,0,4707880,1212785,1232097,1193128.42,1232097.13
Up,false,EquityVolatility/SP5/2/10Y/ATM,0.00198100,,0.00000000,EUR,EqCall_SP5_FD,2017-02-06,1.003002,1209669,0,0,0,5014518,1205824,1232097,1194238.11,1232097.13
Up,false,EquityVolatility/SP5/2/10Y/ATM,0.00198100,,0.00000000,EUR,EqCall_SP5_FD,2017-03-06,1.079714,1209320,0,0,0,5167616,1205105,1232097,1195010.16,1232097.13
Up,false,EquityVolatility/SP5/2/10Y/ATM,0.00198100,,0.00000000,EUR,EqCall_SP5_FD,2017-04-05,1.161906,1207061,0,0,0,5148863,1202444,1232097,1195536.05,1232097.13
Up,false,EquityVolatility/SP5/2/10Y/ATM,0.00198100,,0.00000000,EUR,EqCall_SP5_FD,2017-05-05,1.244098,1215946,0,0,0,5282356,1210885,1232097,1196550.06,1232097.13
Up,false,EquityVolatility/SP5/2/10Y/ATM,0.00198100,,0.00000000,EUR,EqCall_SP5_FD,2017-06-06,1.331769,1213147,0,0,0,5544022,1207726,1232097,1197285.75,1232097.13
Up,false,EquityVolatility/SP5/2/10Y/ATM,0.00198100,,0.00000000,EUR,EqCall_SP5_FD,2017-07-05,1.411221,1207651,0,0,0,5620057,1201927,1232097,1197547.03,1232097.13
Up,false,EquityVolatility/SP5/2/10Y/ATM,0.00198100,,0.00000000,EUR,EqCall_SP5_FD,2017-08-07,1.501632,1199877,0,0,0,5650516,1193819,1232097,1197322.59,1232097.13
Up,false,EquityVolatility/SP5/2/10Y/ATM,0.00198100,,0.00000000,EUR,EqCall_SP5_FD,2017-09-05,1.581084,1186732,0,0,0,5797558,1180404,1232097,1196472.42,1232097.13
Up,false,EquityVolatility/SP5/2/10Y/ATM,0.00198100,,0.00000000,EUR,EqCall_SP5_FD,2017-10-05,1.663276,1182226,0,0,0,5872425,1175576,1232097,1195439.82,1232097.13
Up,false,EquityVolatility/SP5/2/10Y/ATM,0.00198100,,0.00000000,EUR,EqCall_SP5_FD,2017-11-06,1.750947,1170469,0,0,0,6358729,1163519,1232097,1193841.54,1232097.13
Up,false,EquityVolatility/SP5/2/10Y/ATM,0.00198100,,0.00000000,EUR,EqCall_SP5_FD,2017-12-05,1.830399,1172465,0,0,0,6496636,1165113,1232097,1192594.50,1232097.13
Up,false,EquityVolatility/SP5/2/10Y/ATM,0.00198100,,0.00000000,EUR,EqCall_SP5_FD,2018-01-05,1.915330,1166957,0,0,0,6378884,1159215,1232097,1191114.37,1232097.13
Up,false,EquityVolatility/SP5/2/10Y/ATM,0.00198100,,0.00000000,EUR,EqCall_SP5_FD,2018-02-05,2.000262,0,0,0,0,0,0,1232097,1140539.42,1232097.13
Up,false,EquityVolatility/SP5/2/10Y/ATM,0.00198100,,0.00000000,EUR,EqCall_SP5_FD,2018-03-05,2.076974,0,0,0,0,0,0,1232097,0.00,0.00
Up,false,EquityVolatility/SP5/2/10Y/ATM,0.00198100,,0.00000000,EUR,EqCall_SP5_FD,2018-04-05,2.161906,0,0,0,0,0,0,1232097,0.00,0.00
Up,false,EquityVolatility/SP5/2/10Y/ATM,0.00198100,,0.00000000,EUR,EqCall_SP5_FD,2018-05-08,2.252317,0,0,0,0,0,0,1232097,0.00,0.00
Up,false,EquityVolatility/SP5/2/10Y/ATM,0.00198100,,0.00000000,EUR,EqCall_SP5_FD,2018-06-05,2.329029,0,0,0,0,0,0,1232097,0.00,0.00
Up,false,EquityVolatility/SP5/2/10Y/ATM,0.00198100,,0.00000000,EUR,EqCall_SP5_FD,2018-07-05,2.411221,0,0,0,0,0,0,1232097,0.00,0.00
Up,false,EquityVolatility/SP5/2/10Y/ATM,0.00198100,,0.00000000,EUR,EqCall_SP5_FD,2018-08-06,2.498892,0,0,0,0,0,0,1232097,0.00,0.00
Up,false,EquityVolatility/SP5/2/10Y/ATM,0.00198100,,0.00000000,EUR,EqCall_SP5_FD,2018-09-05,2.581084,0,0,0,0,0,0,1232097,0.00,0.00
Up,false,EquityVolatility/SP5/2/10Y/ATM,0.00198100,,0.00000000,EUR,EqCall_SP5_FD,2018-10-05,2.663276,0,0,0,0,0,0,1232097,0.00,0.00
Up,false,EquityVolatility/SP5/2/10Y/ATM,0.00198100,,0.00000000,EUR,EqCall_SP5_FD,2018-11-05,2.748207,0,0,0,0,0,0,1232097,0.00,0.00
Up,false,EquityVolatility/SP5/2/10Y/ATM,0.00198100,,0.00000000,EUR,EqCall_SP5_FD,2018-12-05,2.830399,0,0,0,0,0,0,1232097,0.00,0.00
Up,false,EquityVolatility/SP5/2/10Y/ATM,0.00198100,,0.00000000,EUR,EqCall_SP5_FD,2019-01-07,2.920810,0,0,0,0,0,0,1232097,0.00,0.00
Up,false,EquityVolatility/SP5/2/10Y/ATM,0.00198100,,0.00000000,EUR,EqCall_SP5_FD,2019-02-05,3.000262,0,0,0,0,0,0,1232097,0.00,0.00
Up,false,EquityVolatility/SP5/2/10Y/ATM,0.00198100,,0.00000000,EUR,EqCall_SP5_FD,2019-03-05,3.076974,0,0,0,0,0,0,1232097,0.00,0.00
Up,false,EquityVolatility/SP5/2/10Y/ATM,0.00198100,,0.00000000,EUR,EqCall_SP5_FD,2019-04-05,3.161906,0,0,0,0,0,0,1232097,0.00,0.00
Up,false,EquityVolatility/SP5/2/10Y/ATM,0.00198100,,0.00000000,EUR,EqCall_SP5_FD,2019-05-07,3.249577,0,0,0,0,0,0,1232097,0.00,0.00
Up,false,EquityVolatility/SP5/2/10Y/ATM,0.00198100,,0.00000000,EUR,EqCall_SP5_FD,2019-06-05,3.329029,0,0,0,0,0,0,1232097,0.00,0.00
Up,false,EquityVolatility/SP5/2/10Y/ATM,0.00198100,,0.00000000,EUR,EqCall_SP5_FD,2019-07-05,3.411221,0,0,0,0,0,0,1232097,0.00,0.00
Up,false,EquityVolatility/SP5/2/10Y/ATM,0.00198100,,0.00000000,EUR,EqCall_SP5_FD,2019-08-05,3.496152,0,0,0,0,0,0,1232097,0.00,0.00
Up,false,EquityVolatility/SP5/2/10Y/ATM,0.00198100,,0.00000000,EUR,EqCall_SP5_FD,2019-09-05,3.581084,0,0,0,0,0,0,1232097,0.00,0.00
Up,false,EquityVolatility/SP5/2/10Y/ATM,0.00198100,,0.00000000,EUR,EqCall_SP5_FD,2019-10-07,3.668755,0,0,0,0,0,0,1232097,0.00,0.00
Up,false,EquityVolatility/SP5/2/10Y/ATM,0.00198100,,0.00000000,EUR,EqCall_SP5_FD,2019-11-05,3.748207,0,0,0,0,0,0,1232097,0.00,0.00
Up,false,EquityVolatility/SP5/2/10Y/ATM,0.00198100,,0.00000000,EUR,EqCall_SP5_FD,2019-12-05,3.830399,0,0,0,0,0,0,1232097,0.00,0.00
Up,false,EquityVolatility/SP5/2/10Y/ATM,0.00198100,,0.00000000,EUR,EqCall_SP5_FD,2020-01-06,3.918033,0,0,0,0,0,0,1232097,0.00,0.00
Up,false,EquityVolatility/SP5/2/10Y/ATM,0.00198100,,0.00000000,EUR,EqCall_SP5_FD,2020-02-05,4.000000,0,0,0,0,0,0,1232097,0.00,0.00
Up,false,EquityVolatility/SP5/2/10Y/ATM,0.00198100,,0.00000000,EUR,EqCall_SP5_FD,2020-03-05,4.079235,0,0,0,0,0,0,1232097,0.00,0.00
Up,false,EquityVolatility/SP5/2/10Y/ATM,0.00198100,,0.00000000,EUR,EqCall_SP5_FD,2020-04-06,4.166667,0,0,0,0,0,0,1232097,0.00,0.00
Up,false,EquityVolatility/SP5/2/10Y/ATM,0.00198100,,0.00000000,EUR,EqCall_SP5_FD,2020-05-05,4.245902,0,0,0,0,0,0,1232097,0.00,0.00
Up,false,EquityVolatility/SP5/2/10Y/ATM,0.00198100,,0.00000000,EUR,EqCall_SP5_FD,2020-06-05,4.330601,0,0,0,0,0,0,1232097,0.00,0.00
Up,false,EquityVolatility/SP5/2/10Y/ATM,0.00198100,,0.00000000,EUR,EqCall_SP5_FD,2020-07-06,4.415301,0,0,0,0,0,0,1232097,0.00,0.00
Up,false,EquityVolatility/SP5/2/10Y/ATM,0.00198100,,0.00000000,EUR,EqCall_SP5_FD,2020-08-05,4.497268,0,0,0,0,0,0,1232097,0.00,0.00
Up,false,EquityVolatility/SP5/2/10Y/ATM,0.00198100,,0.00000000,EUR,EqCall_SP5_FD,2020-09-08,4.590164,0,0,0,0,0,0,1232097,0.00,0.00
Up,false,EquityVolatility/SP5/2/10Y/ATM,0.00198100,,0.00000000,EUR,EqCall_SP5_FD,2020-10-05,4.663934,0,0,0,0,0,0,1232097,0.00,0.00
Up,false,EquityVolatility/SP5/2/10Y/ATM,0.00198100,,0.00000000,EUR,EqCall_SP5_FD,2020-11-05,4.748634,0,0,0,0,0,0,1232097,0.00,0.00
Up,false,EquityVolatility/SP5/2/10Y/ATM,0.00198100,,0.00000000,EUR,EqCall_SP5_FD,2020-12-07,4.836066,0,0,0,0,0,0,1232097,0.00,0.00
Up,false,EquityVolatility/SP5/2/10Y/ATM,0.00198100,,0.00000000,EUR,EqCall_SP5_FD,2021-01-05,4.915330,0,0,0,0,0,0,1232097,0.00,0.00
Up,false,EquityVolatility/SP5/2/10Y/ATM,0.00198100,,0.00000000,EUR,EqCall_SP5_FD,2021-02-05,5.000262,0,0,0,0,0,0,1232097,0.00,0.00
Up,false,SurvivalProbability/CPTY_A/0/1Y,0.00000000,,0.00000000,EUR,EqCall_SP5_FD,2016-02-05,0.000000,1232097,0,0,0,1232097,1232097,1232097,1232097.13,1232097.13
Up,false,SurvivalProbability/CPTY_A/0/1Y,0.00000000,,0.00000000,EUR,EqCall_SP5_FD,2016-03-07,0.084699,1120696,0,0,0,1880075,1120530,1232097,1120529.84,1232097.13
Up,false,SurvivalProbability/CPTY_A/0/1Y,0.00000000,,0.00000000,EUR,EqCall_SP5_FD,2016-04-05,0.163934,1139851,0,0,0,2292771,1139466,1232097,1129682.31,1232097.13
Up,false,SurvivalProbability/CPTY_A/0/1Y,0.00000000,,0.00000000,EUR,EqCall_SP5_FD,2016-05-06,0.248634,1163447,0,0,0,2578284,1162775,1232097,1140955.59,1232097.13
Up,false,SurvivalProbability/CPTY_A/0/1Y,0.00000000,,0.00000000,EUR,EqCall_SP5_FD,2016-06-06,0.333333,1182508,0,0,0,2848832,1181539,1232097,1151267.84,1232097.13
Up,false,SurvivalProbability/CPTY_A/0/1Y,0.00000000,,0.00000000,EUR,EqCall_SP5_FD,2016-07-05,0.412568,1199137,0,0,0,3326332,1197808,1232097,1160205.93,1232097.13
Up,false,SurvivalProbability/CPTY_A/0/1Y,0.00000000,,0.00000000,EUR,EqCall_SP5_FD,2016-08-05,0.497268,1218325,0,0,0,3458227,1216744,1232097,1169836.00,1232097.13
Up,false,SurvivalProbability/CPTY_A/0/1Y,0.00000000,,0.00000000,EUR,EqCall_SP5_FD,2016-09-06,0.584699,1224004,0,0,0,3733297,1221994,1232097,1177635.25,1232097.13
Up,false,SurvivalProbability/CPTY_A/0/1Y,0.00000000,,0.00000000,EUR,EqCall_SP5_FD,2016-10-05,0.663934,1223682,0,0,0,4089610,1221361,1232097,1182853.58,1232097.13
Up,false,SurvivalProbability/CPTY_A/0/1Y,0.00000000,,0.00000000,EUR,EqCall_SP5_FD,2016-11-07,0.754098,1223811,0,0,0,4347264,1220966,1232097,1187410.56,1232097.13
Up,false,SurvivalProbability/CPTY_A/0/1Y,0.00000000,,0.00000000,EUR,EqCall_SP5_FD,2016-12-05,0.830601,1216014,0,0,0,4457868,1212842,1232097,1189752.97,1232097.13
Up,false,SurvivalProbability/CPTY_A/0/1Y,0.00000000,,0.00000000,EUR,EqCall_SP5_FD,2017-01-05,0.915330,1214552,0,0,0,4707145,1211025,1232097,1191722.05,1232097.13
Up,false,SurvivalProbability/CPTY_A/0/1Y,0.00000000,,0.00000000,EUR,EqCall_SP5_FD,2017-02-06,1.003002,1208010,0,0,0,5013258,1204170,1232097,1192810.09,1232097.13
Up,false,SurvivalProbability/CPTY_A/0/1Y,0.00000000,,0.00000000,EUR,EqCall_SP5_FD,2017-03-06,1.079714,1207816,0,0,0,5167145,1203606,1232097,1193577.11,1232097.13
Up,false,SurvivalProbability/CPTY_A/0/1Y,0.00000000,,0.00000000,EUR,EqCall_SP5_FD,2017-04-05,1.161906,1205757,0,0,0,5147550,1201146,1232097,1194112.50,1232097.13
Up,false,SurvivalProbability/CPTY_A/0/1Y,0.00000000,,0.00000000,EUR,EqCall_SP5_FD,2017-05-05,1.244098,1214901,0,0,0,5282207,1209844,1232097,1195151.82,1232097.13
Up,false,SurvivalProbability/CPTY_A/0/1Y,0.00000000,,0.00000000,EUR,EqCall_SP5_FD,2017-06-06,1.331769,1212411,0,0,0,5543893,1206992,1232097,1195931.28,1232097.13
Up,false,SurvivalProbability/CPTY_A/0/1Y,0.00000000,,0.00000000,EUR,EqCall_SP5_FD,2017-07-05,1.411221,1207235,0,0,0,5620019,1201512,1232097,1196245.48,1232097.13
Up,false,SurvivalProbability/CPTY_A/0/1Y,0.00000000,,0.00000000,EUR,EqCall_SP5_FD,2017-08-07,1.501632,1199877,0,0,0,5650516,1193819,1232097,1196099.40,1232097.13
Up,false,SurvivalProbability/CPTY_A/0/1Y,0.00000000,,0.00000000,EUR,EqCall_SP5_FD,2017-09-05,1.581084,1186732,0,0,0,5797558,1180404,1232097,1195310.70,1232097.13
Up,false,SurvivalProbability/CPTY_A/0/1Y,0.00000000,,0.00000000,EUR,EqCall_SP5_FD,2017-10-05,1.663276,1182226,0,0,0,5872425,1175576,1232097,1194335.51,1232097.13
Up,false,SurvivalProbability/CPTY_A/0/1Y,0.00000000,,0.00000000,EUR,EqCall_SP5_FD,2017-11-06,1.750947,1170469,0,0,0,6358729,1163519,1232097,1192792.51,1232097.13
Up,false,SurvivalProbability/CPTY_A/0/1Y,0.00000000,,0.00000000,EUR,EqCall_SP5_FD,2017-12-05,1.830399,1172465,0,0,0,6496636,1165113,1232097,1191591.01,1232097.13
Up,false,SurvivalProbability/CPTY_A/0/1Y,0.00000000,,0.00000000,EUR,EqCall_SP5_FD,2018-01-05,1.915330,1166957,0,0,0,6378884,1159215,1232097,1190155.38,1232097.13
Up,false,SurvivalProbability/CPTY_A/0/1Y,0.00000000,,0.00000000,EUR,EqCall_SP5_FD,2018-02-05,2.000262,0,0,0,0,0,0,1232097,1139621.15,1232097.13
Up,false,SurvivalProbability/CPTY_A/0/1Y,0.00000000,,0.00000000,EUR,EqCall_SP5_FD,2018-03-05,2.076974,0,0,0,0,0,0,1232097,0.00,0.00
Up,false,SurvivalProbability/CPTY_A/0/1Y,0.00000000,,0.00000000,EUR,EqCall_SP5_FD,2018-04-05,2.161906,0,0,0,0,0,0,1232097,0.00,0.00
Up,false,SurvivalProbability/CPTY_A/0/1Y,0.00000000,,0.00000000,EUR,EqCall_SP5_FD,2018-05-08,2.252317,0,0,0,0,0,0,1232097,0.00,0.00
Up,false,SurvivalProbability/CPTY_A/0/1Y,0.00000000,,0.00000000,EUR,EqCall_SP5_FD,2018-06-05,2.329029,0,0,0,0,0,0,1232097,0.00,0.00
Up,false,SurvivalProbability/CPTY_A/0/1Y,0.00000000,,0.00000000,EUR,EqCall_SP5_FD,2018-07-05,2.411221,0,0,0,0,0,0,1232097,0.00,0.00
Up,false,SurvivalProbability/CPTY_A/0/1Y,0.00000000,,0.00000000,EUR,EqCall_SP5_FD,2018-08-06,2.498892,0,0,0,0,0,0,1232097,0.00,0.00
Up,false,SurvivalProbability/CPTY_A/0/1Y,0.00000000,,0.00000000,EUR,EqCall_SP5_FD,2018-09-05,2.581084,0,0,0,0,0,0,1232097,0.00,0.00
Up,false,SurvivalProbability/CPTY_A/0/1Y,0.00000000,,0.00000000,EUR,EqCall_SP5_FD,2018-10-05,2.663276,0,0,0,0,0,0,1232097,0.00,0.00
Up,false,SurvivalProbability/CPTY_A/0/1Y,0.00000000,,0.00000000,EUR,EqCall_SP5_FD,2018-11-05,2.748207,0,0,0,0,0,0,1232097,0.00,0.00
Up,false,SurvivalProbability/CPTY_A/0/1Y,0.00000000,,0.00000000,EUR,EqCall_SP5_FD,2018-12-05,2.830399,0,0,0,0,0,0,1232097,0.00,0.00
Up,false,SurvivalProbability/CPTY_A/0/1Y,0.00000000,,0.00000000,EUR,EqCall_SP5_FD,2019-01-07,2.920810,0,0,0,0,0,0,1232097,0.00,0.00
Up,false,SurvivalProbability/CPTY_A/0/1Y,0.00000000,,0.00000000,EUR,EqCall_SP5_FD,2019-02-05,3.000262,0,0,0,0,0,0,1232097,0.00,0.00
Up,false,SurvivalProbability/CPTY_A/0/1Y,0.00000000,,0.00000000,EUR,EqCall_SP5_FD,2019-03-05,3.076974,0,0,0,0,0,0,1232097,0.00,0.00
Up,false,SurvivalProbability/CPTY_A/0/1Y,0.00000000,,0.00000000,EUR,EqCall_SP5_FD,2019-04-05,3.161906,0,0,0,0,0,0,1232097,0.00,0.00
Up,false,SurvivalProbability/CPTY_A/0/1Y,0.00000000,,0.00000000,EUR,EqCall_SP5_FD,2019-05-07,3.249577,0,0,0,0,0,0,1232097,0.00,0.00
Up,false,SurvivalProbability/CPTY_A/0/1Y,0.00000000,,0.00000000,EUR,EqCall_SP5_FD,2019-06-05,3.329029,0,0,0,0,0,0,1232097,0.00,0.00
Up,false,SurvivalProbability/CPTY_A/0/1Y,0.00000000,,0.00000000,EUR,EqCall_SP5_FD,2019-07-05,3.411221,0,0,0,0,0,0,1232097,0.00,0.00
Up,false,SurvivalProbability/CPTY_A/0/1Y,0.00000000,,0.00000000,EUR,EqCall_SP5_FD,2019-08-05,3.496152,0,0,0,0,0,0,1232097,0.00,0.00
Up,false,SurvivalProbability/CPTY_A/0/1Y,0.00000000,,0.00000000,EUR,EqCall_SP5_FD,2019-09-05,3.581084,0,0,0,0,0,0,1232097,0.00,0.00
Up,false,SurvivalProbability/CPTY_A/0/1Y,0.00000000,,0.00000000,EUR,EqCall_SP5_FD,2019-10-07,3.668755,0,0,0,0,0,0,1232097,0.00,0.00
Up,false,SurvivalProbability/CPTY_A/0/1Y,0.00000000,,0.00000000,EUR,EqCall_SP5_FD,2019-11-05,3.748207,0,0,0,0,0,0,1232097,0.00,0.00
Up,false,SurvivalProbability/CPTY_A/0/1Y,0.00000000,,0.00000000,EUR,EqCall_SP5_FD,2019-12-05,3.830399,0,0,0,0,0,0,1232097,0.00,0.00
Up,false,SurvivalProbability/CPTY_A/0/1Y,0.00000000,,0.00000000,EUR,EqCall_SP5_FD,2020-01-06,3.918033,0,0,0,0,0,0,1232097,0.00,0.00
Up,false,SurvivalProbability/CPTY_A/0/1Y,0.00000000,,0.00000000,EUR,EqCall_SP5_FD,2020-02-05,4.000000,0,0,0,0,0,0,1232097,0.00,0.00
Up,false,SurvivalProbability/CPTY_A/0/1Y,0.00000000,,0.00000000,EUR,EqCall_SP5_FD,2020-03-05,4.079235,0,0,0,0,0,0,1232097,0.00,0.00
Up,false,SurvivalProbability/CPTY_A/0/1Y,0.00000000,,0.00000000,EUR,EqCall_SP5_FD,2020-04-06,4.166667,0,0,0,0,0,0,1232097,0.00,0.00
Up,false,SurvivalProbability/CPTY_A/0/1Y,0.00000000,,0.00000000,EUR,EqCall_SP5_FD,2020-05-05,4.245902,0,0,0,0,0,0,1232097,0.00,0.00
Up,false,SurvivalProbability/CPTY_A/0/1Y,0.00000000,,0.00000000,EUR,EqCall_SP5_FD,2020-06-05,4.330601,0,0,0,0,0,0,1232097,0.00,0.00
Up,false,SurvivalProbability/CPTY_A/0/1Y,0.00000000,,0.00000000,EUR,EqCall_SP5_FD,2020-07-06,4.415301,0,0,0,0,0,0,1232097,0.00,0.00
Up,false,SurvivalProbability/CPTY_A/0/1Y,0.00000000,,0.00000000,EUR,EqCall_SP5_FD,2020-08-05,4.497268,0,0,0,0,0,0,1232097,0.00,0.00
Up,false,SurvivalProbability/CPTY_A/0/1Y,0.00000000,,0.00000000,EUR,EqCall_SP5_FD,2020-09-08,4.590164,0,0,0,0,0,0,1232097,0.00,0.00
Up,false,SurvivalProbability/CPTY_A/0/1Y,0.00000000,,0.00000000,EUR,EqCall_SP5_FD,2020-10-05,4.663934,0,0,0,0,0,0,1232097,0.00,0.00
Up,false,SurvivalProbability/CPTY_A/0/1Y,0.00000000,,0.00000000,EUR,EqCall_SP5_FD,2020-11-05,4.748634,0,0,0,0,0,0,1232097,0.00,0.00
Up,false,SurvivalProbability/CPTY_A/0/1Y,0.00000000,,0.00000000,EUR,EqCall_SP5_FD,2020-12-07,4.836066,0,0,0,0,0,0,1232097,0.00,0.00
Up,false,SurvivalProbability/CPTY_A/0/1Y,0.00000000,,0.00000000,EUR,EqCall_SP5_FD,2021-01-05,4.915330,0,0,0,0,0,0,1232097,0.00,0.00
Up,false,SurvivalProbability/CPTY_A/0/1Y,0.00000000,,0.00000000,EUR,EqCall_SP5_FD,2021-02-05,5.000262,0,0,0,0,0,0,1232097,0.00,0.00
Up,false,SurvivalProbability/CPTY_A/1/5Y,0.00010000,,0.00000000,EUR,EqCall_SP5_FD,2016-02-05,0.000000,1232097,0,0,0,1232097,1232097,1232097,1232097.13,1232097.13
Up,false,SurvivalProbability/CPTY_A/1/5Y,0.00010000,,0.00000000,EUR,EqCall_SP5_FD,2016-03-07,0.084699,1120696,0,0,0,1880075,1120530,1232097,1120529.84,1232097.13
Up,false,SurvivalProbability/CPTY_A/1/5Y,0.00010000,,0.00000000,EUR,EqCall_SP5_FD,2016-04-05,0.163934,1139851,0,0,0,2292771,1139466,1232097,1129682.31,1232097.13
Up,false,SurvivalProbability/CPTY_A/1/5Y,0.00010000,,0.00000000,EUR,EqCall_SP5_FD,2016-05-06,0.248634,1163447,0,0,0,2578284,1162775,1232097,1140955.59,1232097.13
Up,false,SurvivalProbability/CPTY_A/1/5Y,0.00010000,,0.00000000,EUR,EqCall_SP5_FD,2016-06-06,0.333333,1182508,0,0,0,2848832,1181539,1232097,1151267.84,1232097.13
Up,false,SurvivalProbability/CPTY_A/1/5Y,0.00010000,,0.00000000,EUR,EqCall_SP5_FD,2016-07-05,0.412568,1199137,0,0,0,3326332,1197808,1232097,1160205.93,1232097.13
Up,false,SurvivalProbability/CPTY_A/1/5Y,0.00010000,,0.00000000,EUR,EqCall_SP5_FD,2016-08-05,0.497268,1218325,0,0,0,3458227,1216744,1232097,1169836.00,1232097.13
Up,false,SurvivalProbability/CPTY_A/1/5Y,0.00010000,,0.00000000,EUR,EqCall_SP5_FD,2016-09-06,0.584699,1224004,0,0,0,3733297,1221994,1232097,1177635.25,1232097.13
Up,false,SurvivalProbability/CPTY_A/1/5Y,0.00010000,,0.00000000,EUR,EqCall_SP5_FD,2016-10-05,0.663934,1223682,0,0,0,4089610,1221361,1232097,1182853.58,1232097.13
Up,false,SurvivalProbability/CPTY_A/1/5Y,0.00010000,,0.00000000,EUR,EqCall_SP5_FD,2016-11-07,0.754098,1223811,0,0,0,4347264,1220966,1232097,1187410.56,1232097.13
Up,false,SurvivalProbability/CPTY_A/1/5Y,0.00010000,,0.00000000,EUR,EqCall_SP5_FD,2016-12-05,0.830601,1216014,0,0,0,4457868,1212842,1232097,1189752.97,1232097.13
Up,false,SurvivalProbability/CPTY_A/1/5Y,0.00010000,,0.00000000,EUR,EqCall_SP5_FD,2017-01-05,0.915330,1214552,0,0,0,4707145,1211025,1232097,1191722.05,1232097.13
Up,false,SurvivalProbability/CPTY_A/1/5Y,0.00010000,,0.00000000,EUR,EqCall_SP5_FD,2017-02-06,1.003002,1208010,0,0,0,5013258,1204170,1232097,1192810.09,1232097.13
Up,false,SurvivalProbability/CPTY_A/1/5Y,0.00010000,,0.00000000,EUR,EqCall_SP5_FD,2017-03-06,1.079714,1207816,0,0,0,5167145,1203606,1232097,1193577.11,1232097.13
Up,false,SurvivalProbability/CPTY_A/1/5Y,0.00010000,,0.00000000,EUR,EqCall_SP5_FD,2017-04-05,1.161906,1205757,0,0,0,5147550,1201146,1232097,1194112.50,1232097.13
Up,false,SurvivalProbability/CPTY_A/1/5Y,0.00010000,,0.00000000,EUR,EqCall_SP5_FD,2017-05-05,1.244098,1214901,0,0,0,5282207,1209844,1232097,1195151.82,1232097.13
Up,false,SurvivalProbability/CPTY_A/1/5Y,0.00010000,,0.00000000,EUR,EqCall_SP5_FD,2017-06-06,1.331769,1212411,0,0,0,5543893,1206992,1232097,1195931.28,1232097.13
Up,false,SurvivalProbability/CPTY_A/1/5Y,0.00010000,,0.00000000,EUR,EqCall_SP5_FD,2017-07-05,1.411221,1207235,0,0,0,5620019,1201512,1232097,1196245.48,1232097.13
Up,false,SurvivalProbability/CPTY_A/1/5Y,0.00010000,,0.00000000,EUR,EqCall_SP5_FD,2017-08-07,1.501632,1199877,0,0,0,5650516,1193819,1232097,1196099.40,1232097.13
Up,false,SurvivalProbability/CPTY_A/1/5Y,0.00010000,,0.00000000,EUR,EqCall_SP5_FD,2017-09-05,1.581084,1186732,0,0,0,5797558,1180404,1232097,1195310.70,1232097.13
Up,false,SurvivalProbability/CPTY_A/1/5Y,0.00010000,,0.00000000,EUR,EqCall_SP5_FD,2017-10-05,1.663276,1182226,0,0,0,5872425,1175576,1232097,1194335.51,1232097.13
Up,false,SurvivalProbability/CPTY_A/1/5Y,0.00010000,,0.00000000,EUR,EqCall_SP5_FD,2017-11-06,1.750947,1170469,0,0,0,6358729,1163519,1232097,1192792.51,1232097.13
Up,false,SurvivalProbability/CPTY_A/1/5Y,0.00010000,,0.00000000,EUR,EqCall_SP5_FD,2017-12-05,1.830399,1172465,0,0,0,6496636,1165113,1232097,1191591.01,1232097.13
Up,false,SurvivalProbability/CPTY_A/1/5Y,0.00010000,,0.00000000,EUR,EqCall_SP5_FD,2018-01-05,1.915330,1166957,0,0,0,6378884,1159215,1232097,1190155.38,1232097.13
Up,false,SurvivalProbability/CPTY_A/1/5Y,0.00010000,,0.00000000,EUR,EqCall_SP5_FD,2018-02-05,2.000262,0,0,0,0,0,0,1232097,1139621.15,1232097.13
Up,false,SurvivalProbability/CPTY_A/1/5Y,0.00010000,,0.00000000,EUR,EqCall_SP5_FD,2018-03-05,2.076974,0,0,0,0,0,0,1232097,0.00,0.00
Up,false,SurvivalProbability/CPTY_A/1/5Y,0.00010000,,0.00000000,EUR,EqCall_SP5_FD,2018-04-05,2.161906,0,0,0,0,0,0,1232097,0.00,0.00
Up,false,SurvivalProbability/CPTY_A/1/5Y,0.00010000,,0.00000000,EUR,EqCall_SP5_FD,2018-05-08,2.252317,0,0,0,0,0,0,1232097,0.00,0.00
Up,false,SurvivalProbability/CPTY_A/1/5Y,0.00010000,,0.00000000,EUR,EqCall_SP5_FD,2018-06-05,2.329029,0,0,0,0,0,0,1232097,0.00,0.00
Up,false,SurvivalProbability/CPTY_A/1/5Y,0.00010000,,0.00000000,EUR,EqCall_SP5_FD,2018-07-05,2.411221,0,0,0,0,0,0,1232097,0.00,0.00
Up,false,SurvivalProbability/CPTY_A/1/5Y,0.00010000,,0.00000000,EUR,EqCall_SP5_FD,2018-08-06,2.498892,0,0,0,0,0,0,1232097,0.00,0.00
Up,false,SurvivalProbability/CPTY_A/1/5Y,0.00010000,,0.00000000,EUR,EqCall_SP5_FD,2018-09-05,2.581084,0,0,0,0,0,0,1232097,0.00,0.00
Up,false,SurvivalProbability/CPTY_A/1/5Y,0.00010000,,0.00000000,EUR,EqCall_SP5_FD,2018-10-05,2.663276,0,0,0,0,0,0,1232097,0.00,0.00
Up,false,SurvivalProbability/CPTY_A/1/5Y,0.00010000,,0.00000000,EUR,EqCall_SP5_FD,2018-11-05,2.748207,0,0,0,0,0,0,1232097,0.00,0.00
Up,false,SurvivalProbability/CPTY_A/1/5Y,0.00010000,,0.00000000,EUR,EqCall_SP5_FD,2018-12-05,2.830399,0,0,0,0,0,0,1232097,0.00,0.00
Up,false,SurvivalProbability/CPTY_A/1/5Y,0.00010000,,0.00000000,EUR,EqCall_SP5_FD,2019-01-07,2.920810,0,0,0,0,0,0,1232097,0.00,0.00
Up,false,SurvivalProbability/CPTY_A/1/5Y,0.00010000,,0.00000000,EUR,EqCall_SP5_FD,2019-02-05,3.000262,0,0,0,0,0,0,1232097,0.00,0.00
Up,false,SurvivalProbability/CPTY_A/1/5Y,0.00010000,,0.00000000,EUR,EqCall_SP5_FD,2019-03-05,3.076974,0,0,0,0,0,0,1232097,0.00,0.00
Up,false,SurvivalProbability/CPTY_A/1/5Y,0.00010000,,0.00000000,EUR,EqCall_SP5_FD,2019-04-05,3.161906,0,0,0,0,0,0,1232097,0.00,0.00
Up,false,SurvivalProbability/CPTY_A/1/5Y,0.00010000,,0.00000000,EUR,EqCall_SP5_FD,2019-05-07,3.249577,0,0,0,0,0,0,1232097,0.00,0.00
Up,false,SurvivalProbability/CPTY_A/1/5Y,0.00010000,,0.00000000,EUR,EqCall_SP5_FD,2019-06-05,3.329029,0,0,0,0,0,0,1232097,0.00,0.00
Up,false,SurvivalProbability/CPTY_A/1/5Y,0.00010000,,0.00000000,EUR,EqCall_SP5_FD,2019-07-05,3.411221,0,0,0,0,0,0,1232097,0.00,0.00
Up,false,SurvivalProbability/CPTY_A/1/5Y,0.00010000,,0.00000000,EUR,EqCall_SP5_FD,2019-08-05,3.496152,0,0,0,0,0,0,1232097,0.00,0.00
Up,false,SurvivalProbability/CPTY_A/1/5Y,0.00010000,,0.00000000,EUR,EqCall_SP5_FD,2019-09-05,3.581084,0,0,0,0,0,0,1232097,0.00,0.00
Up,false,SurvivalProbability/CPTY_A/1/5Y,0.00010000,,0.00000000,EUR,EqCall_SP5_FD,2019-10-07,3.668755,0,0,0,0,0,0,1232097,0.00,0.00
Up,false,SurvivalProbability/CPTY_A/1/5Y,0.00010000,,0.00000000,EUR,EqCall_SP5_FD,2019-11-05,3.748207,0,0,0,0,0,0,1232097,0.00,0.00
Up,false,SurvivalProbability/CPTY_A/1/5Y,0.00010000,,0.00000000,EUR,EqCall_SP5_FD,2019-12-05,3.830399,0,0,0,0,0,0,1232097,0.00,0.00
Up,false,SurvivalProbability/CPTY_A/1/5Y,0.00010000,,0.00000000,EUR,EqCall_SP5_FD,2020-01-06,3.918033,0,0,0,0,0,0,1232097,0.00,0.00
Up,false,SurvivalProbability/CPTY_A/1/5Y,0.00010000,,0.00000000,EUR,EqCall_SP5_FD,2020-02-05,4.000000,0,0,0,0,0,0,1232097,0.00,0.00
Up,false,SurvivalProbability/CPTY_A/1/5Y,0.00010000,,0.00000000,EUR,EqCall_SP5_FD,2020-03-05,4.079235,0,0,0,0,0,0,1232097,0.00,0.00
Up,false,SurvivalProbability/CPTY_A/1/5Y,0.00010000,,0.00000000,EUR,EqCall_SP5_FD,2020-04-06,4.166667,0,0,0,0,0,0,1232097,0.00,0.00
Up,false,SurvivalProbability/CPTY_A/1/5Y,0.00010000,,0.00000000,EUR,EqCall_SP5_FD,2020-05-05,4.245902,0,0,0,0,0,0,1232097,0.00,0.00
Up,false,SurvivalProbability/CPTY_A/1/5Y,0.00010000,,0.00000000,EUR,EqCall_SP5_FD,2020-06-05,4.330601,0,0,0,0,0,0,1232097,0.00,0.00
Up,false,SurvivalProbability/CPTY_A/1/5Y,0.00010000,,0.00000000,EUR,EqCall_SP5_FD,2020-07-06,4.415301,0,0,0,0,0,0,1232097,0.00,0.00
Up,false,SurvivalProbability/CPTY_A/1/5Y,0.00010000,,0.00000000,EUR,EqCall_SP5_FD,2020-08-05,4.497268,0,0,0,0,0,0,1232097,0.00,0.00
Up,false,SurvivalProbability/CPTY_A/1/5Y,0.00010000,,0.00000000,EUR,EqCall_SP5_FD,2020-09-08,4.590164,0,0,0,0,0,0,1232097,0.00,0.00
Up,false,SurvivalProbability/CPTY_A/1/5Y,0.00010000,,0.00000000,EUR,EqCall_SP5_FD,2020-10-05,4.663934,0,0,0,0,0,0,1232097,0.00,0.00
Up,false,SurvivalProbability/CPTY_A/1/5Y,0.00010000,,0.00000000,EUR,EqCall_SP5_FD,2020-11-05,4.748634,0,0,0,0,0,0,1232097,0.00,0.00
Up,false,SurvivalProbability/CPTY_A/1/5Y,0.00010000,,0.00000000,EUR,EqCall_SP5_FD,2020-12-07,4.836066,0,0,0,0,0,0,1232097,0.00,0.00
Up,false,SurvivalProbability/CPTY_A/1/5Y,0.00010000,,0.00000000,EUR,EqCall_SP5_FD,2021-01-05,4.915330,0,0,0,0,0,0,1232097,0.00,0.00
Up,false,SurvivalProbability/CPTY_A/1/5Y,0.00010000,,0.00000000,EUR,EqCall_SP5_FD,2021-02-05,5.000262,0,0,0,0,0,0,1232097,0.00,0.00
Up,false,CommodityCurve/COMDTY_WTI_USD/0/1Y,0.00000000,,0.00000000,EUR,EqCall_SP5_FD,2016-02-05,0.000000,1232097,0,0,0,1232097,1232097,1232097,1232097.13,1232097.13
Up,false,CommodityCurve/COMDTY_WTI_USD/0/1Y,0.00000000,,0.00000000,EUR,EqCall_SP5_FD,2016-03-07,0.084699,1120696,0,0,0,1880075,1120530,1232097,1120529.84,1232097.13
Up,false,CommodityCurve/COMDTY_WTI_USD/0/1Y,0.00000000,,0.00000000,EUR,EqCall_SP5_FD,2016-04-05,0.163934,1139851,0,0,0,2292771,1139466,1232097,1129682.31,1232097.13
Up,false,CommodityCurve/COMDTY_WTI_USD/0/1Y,0.00000000,,0.00000000,EUR,EqCall_SP5_FD,2016-05-06,0.248634,1163447,0,0,0,2578284,1162775,1232097,1140955.59,1232097.13
Up,false,CommodityCurve/COMDTY_WTI_USD/0/1Y,0.00000000,,0.00000000,EUR,EqCall_SP5_FD,2016-06-06,0.333333,1182508,0,0,0,2848832,1181539,1232097,1151267.84,1232097.13
Up,false,CommodityCurve/COMDTY_WTI_USD/0/1Y,0.00000000,,0.00000000,EUR,EqCall_SP5_FD,2016-07-05,0.412568,1199137,0,0,0,3326332,1197808,1232097,1160205.93,1232097.13
Up,false,CommodityCurve/COMDTY_WTI_USD/0/1Y,0.00000000,,0.00000000,EUR,EqCall_SP5_FD,2016-08-05,0.497268,1218325,0,0,0,3458227,1216744,1232097,1169836.00,1232097.13
Up,false,CommodityCurve/COMDTY_WTI_USD/0/1Y,0.00000000,,0.00000000,EUR,EqCall_SP5_FD,2016-09-06,0.584699,1224004,0,0,0,3733297,1221994,1232097,1177635.25,1232097.13
Up,false,CommodityCurve/COMDTY_WTI_USD/0/1Y,0.00000000,,0.00000000,EUR,EqCall_SP5_FD,2016-10-05,0.663934,1223682,0,0,0,4089610,1221361,1232097,1182853.58,1232097.13
Up,false,CommodityCurve/COMDTY_WTI_USD/0/1Y,0.00000000,,0.00000000,EUR,EqCall_SP5_FD,2016-11-07,0.754098,1223811,0,0,0,4347264,1220966,1232097,1187410.56,1232097.13
Up,false,CommodityCurve/COMDTY_WTI_USD/0/1Y,0.00000000,,0.00000000,EUR,EqCall_SP5_FD,2016-12-05,0.830601,1216014,0,0,0,4457868,1212842,1232097,1189752.97,1232097.13
Up,false,CommodityCurve/COMDTY_WTI_USD/0/1Y,0.00000000,,0.00000000,EUR,EqCall_SP5_FD,2017-01-05,0.915330,1214552,0,0,0,4707145,1211025,1232097,1191722.05,1232097.13
Up,false,CommodityCurve/COMDTY_WTI_USD/0/1Y,0.00000000,,0.00000000,EUR,EqCall_SP5_FD,2017-02-06,1.003002,1208010,0,0,0,5013258,1204170,1232097,1192810.09,1232097.13
Up,false,CommodityCurve/COMDTY_WTI_USD/0/1Y,0.00000000,,0.00000000,EUR,EqCall_SP5_FD,2017-03-06,1.079714,1207816,0,0,0,5167145,1203606,1232097,1193577.11,1232097.13
Up,false,CommodityCurve/COMDTY_WTI_USD/0/1Y,0.00000000,,0.00000000,EUR,EqCall_SP5_FD,2017-04-05,1.161906,1205757,0,0,0,5147550,1201146,1232097,1194112.50,1232097.13
Up,false,CommodityCurve/COMDTY_WTI_USD/0/1Y,0.00000000,,0.00000000,EUR,EqCall_SP5_FD,2017-05-05,1.244098,1214901,0,0,0,5282207,1209844,1232097,1195151.82,1232097.13
Up,false,CommodityCurve/COMDTY_WTI_USD/0/1Y,0.00000000,,0.00000000,EUR,EqCall_SP5_FD,2017-06-06,1.331769,1212411,0,0,0,5543893,1206992,1232097,1195931.28,1232097.13
Up,false,CommodityCurve/COMDTY_WTI_USD/0/1Y,0.00000000,,0.00000000,EUR,EqCall_SP5_FD,2017-07-05,1.411221,1207235,0,0,0,5620019,1201512,1232097,1196245.48,1232097.13
Up,false,CommodityCurve/COMDTY_WTI_USD/0/1Y,0.00000000,,0.00000000,EUR,EqCall_SP5_FD,2017-08-07,1.501632,1199877,0,0,0,5650516,1193819,1232097,1196099.40,1232097.13
Up,false,CommodityCurve/COMDTY_WTI_USD/0/1Y,0.00000000,,0.00000000,EUR,EqCall_SP5_FD,2017-09-05,1.581084,1186732,0,0,0,5797558,1180404,1232097,1195310.70,1232097.13
Up,false,CommodityCurve/COMDTY_WTI_USD/0/1Y,0.00000000,,0.00000000,EUR,EqCall_SP5_FD,2017-10-05,1.663276,1182226,0,0,0,5872425,1175576,1232097,1194335.51,1232097.13
Up,false,CommodityCurve/COMDTY_WTI_USD/0/1Y,0.00000000,,0.00000000,EUR,EqCall_SP5_FD,2017-11-06,1.750947,1170469,0,0,0,6358729,1163519,1232097,1192792.51,1232097.13
Up,false,CommodityCurve/COMDTY_WTI_USD/0/1Y,0.00000000,,0.00000000,EUR,EqCall_SP5_FD,2017-12-05,1.830399,1172465,0,0,0,6496636,1165113,1232097,1191591.01,1232097.13
Up,false,CommodityCurve/COMDTY_WTI_USD/0/1Y,0.00000000,,0.00000000,EUR,EqCall_SP5_FD,2018-01-05,1.915330,1166957,0,0,0,6378884,1159215,1232097,1190155.38,1232097.13
Up,false,CommodityCurve/COMDTY_WTI_USD/0/1Y,0.00000000,,0.00000000,EUR,EqCall_SP5_FD,2018-02-05,2.000262,0,0,0,0,0,0,1232097,1139621.15,1232097.13
Up,false,CommodityCurve/COMDTY_WTI_USD/0/1Y,0.00000000,,0.00000000,EUR,EqCall_SP5_FD,2018-03-05,2.076974,0,0,0,0,0,0,1232097,0.00,0.00
Up,false,CommodityCurve/COMDTY_WTI_USD/0/1Y,0.00000000,,0.00000000,EUR,EqCall_SP5_FD,2018-04-05,2.161906,0,0,0,0,0,0,1232097,0.00,0.00
Up,false,CommodityCurve/COMDTY_WTI_USD/0/1Y,0.00000000,,0.00000000,EUR,EqCall_SP5_FD,2018-05-08,2.252317,0,0,0,0,0,0,1232097,0.00,0.00
Up,false,CommodityCurve/COMDTY_WTI_USD/0/1Y,0.00000000,,0.00000000,EUR,EqCall_SP5_FD,2018-06-05,2.329029,0,0,0,0,0,0,1232097,0.00,0.00
Up,false,CommodityCurve/COMDTY_WTI_USD/0/1Y,0.00000000,,0.00000000,EUR,EqCall_SP5_FD,2018-07-05,2.411221,0,0,0,0,0,0,1232097,0.00,0.00
Up,false,CommodityCurve/COMDTY_WTI_USD/0/1Y,0.00000000,,0.00000000,EUR,EqCall_SP5_FD,2018-08-06,2.498892,0,0,0,0,0,0,1232097,0.00,0.00
Up,false,CommodityCurve/COMDTY_WTI_USD/0/1Y,0.00000000,,0.00000000,EUR,EqCall_SP5_FD,2018-09-05,2.581084,0,0,0,0,0,0,1232097,0.00,0.00
Up,false,CommodityCurve/COMDTY_WTI_USD/0/1Y,0.00000000,,0.00000000,EUR,EqCall_SP5_FD,2018-10-05,2.663276,0,0,0,0,0,0,1232097,0.00,0.00
Up,false,CommodityCurve/COMDTY_WTI_USD/0/1Y,0.00000000,,0.00000000,EUR,EqCall_SP5_FD,2018-11-05,2.748207,0,0,0,0,0,0,1232097,0.00,0.00
Up,false,CommodityCurve/COMDTY_WTI_USD/0/1Y,0.00000000,,0.00000000,EUR,EqCall_SP5_FD,2018-12-05,2.830399,0,0,0,0,0,0,1232097,0.00,0.00
Up,false,CommodityCurve/COMDTY_WTI_USD/0/1Y,0.00000000,,0.00000000,EUR,EqCall_SP5_FD,2019-01-07,2.920810,0,0,0,0,0,0,1232097,0.00,0.00
Up,false,CommodityCurve/COMDTY_WTI_USD/0/1Y,0.00000000,,0.00000000,EUR,EqCall_SP5_FD,2019-02-05,3.000262,0,0,0,0,0,0,1232097,0.00,0.00
Up,false,CommodityCurve/COMDTY_WTI_USD/0/1Y,0.00000000,,0.00000000,EUR,EqCall_SP5_FD,2019-03-05,3.076974,0,0,0,0,0,0,1232097,0.00,0.00
Up,false,CommodityCurve/COMDTY_WTI_USD/0/1Y,0.00000000,,0.00000000,EUR,EqCall_SP5_FD,2019-04-05,3.161906,0,0,0,0,0,0,1232097,0.00,0.00
Up,false,CommodityCurve/COMDTY_WTI_USD/0/1Y,0.00000000,,0.00000000,EUR,EqCall_SP5_FD,2019-05-07,3.249577,0,0,0,0,0,0,1232097,0.00,0.00
Up,false,CommodityCurve/COMDTY_WTI_USD/0/1Y,0.00000000,,0.00000000,EUR,EqCall_SP5_FD,2019-06-05,3.329029,0,0,0,0,0,0,1232097,0.00,0.00
Up,false,CommodityCurve/COMDTY_WTI_USD/0/1Y,0.00000000,,0.00000000,EUR,EqCall_SP5_FD,2019-07-05,3.411221,0,0,0,0,0,0,1232097,0.00,0.00
Up,false,CommodityCurve/COMDTY_WTI_USD/0/1Y,0.00000000,,0.00000000,EUR,EqCall_SP5_FD,2019-08-05,3.496152,0,0,0,0,0,0,1232097,0.00,0.00
Up,false,CommodityCurve/COMDTY_WTI_USD/0/1Y,0.00000000,,0.00000000,EUR,EqCall_SP5_FD,2019-09-05,3.581084,0,0,0,0,0,0,1232097,0.00,0.00
Up,false,CommodityCurve/COMDTY_WTI_USD/0/1Y,0.00000000,,0.00000000,EUR,EqCall_SP5_FD,2019-10-07,3.668755,0,0,0,0,0,0,1232097,0.00,0.00
Up,false,CommodityCurve/COMDTY_WTI_USD/0/1Y,0.00000000,,0.00000000,EUR,EqCall_SP5_FD,2019-11-05,3.748207,0,0,0,0,0,0,1232097,0.00,0.00
Up,false,CommodityCurve/COMDTY_WTI_USD/0/1Y,0.00000000,,0.00000000,EUR,EqCall_SP5_FD,2019-12-05,3.830399,0,0,0,0,0,0,1232097,0.00,0.00
Up,false,CommodityCurve/COMDTY_WTI_USD/0/1Y,0.00000000,,0.00000000,EUR,EqCall_SP5_FD,2020-01-06,3.918033,0,0,0,0,0,0,1232097,0.00,0.00
Up,false,CommodityCurve/COMDTY_WTI_USD/0/1Y,0.00000000,,0.00000000,EUR,EqCall_SP5_FD,2020-02-05,4.000000,0,0,0,0,0,0,1232097,0.00,0.00
Up,false,CommodityCurve/COMDTY_WTI_USD/0/1Y,0.00000000,,0.00000000,EUR,EqCall_SP5_FD,2020-03-05,4.079235,0,0,0,0,0,0,1232097,0.00,0.00
Up,false,CommodityCurve/COMDTY_WTI_USD/0/1Y,0.00000000,,0.00000000,EUR,EqCall_SP5_FD,2020-04-06,4.166667,0,0,0,0,0,0,1232097,0.00,0.00
Up,false,CommodityCurve/COMDTY_WTI_USD/0/1Y,0.00000000,,0.00000000,EUR,EqCall_SP5_FD,2020-05-05,4.245902,0,0,0,0,0,0,1232097,0.00,0.00
Up,false,CommodityCurve/COMDTY_WTI_USD/0/1Y,0.00000000,,0.00000000,EUR,EqCall_SP5_FD,2020-06-05,4.330601,0,0,0,0,0,0,1232097,0.00,0.00
Up,false,CommodityCurve/COMDTY_WTI_USD/0/1Y,0.00000000,,0.00000000,EUR,EqCall_SP5_FD,2020-07-06,4.415301,0,0,0,0,0,0,1232097,0.00,0.00
Up,false,CommodityCurve/COMDTY_WTI_USD/0/1Y,0.00000000,,0.00000000,EUR,EqCall_SP5_FD,2020-08-05,4.497268,0,0,0,0,0,0,1232097,0.00,0.00
Up,false,CommodityCurve/COMDTY_WTI_USD/0/1Y,0.00000000,,0.00000000,EUR,EqCall_SP5_FD,2020-09-08,4.590164,0,0,0,0,0,0,1232097,0.00,0.00
Up,false,CommodityCurve/COMDTY_WTI_USD/0/1Y,0.00000000,,0.00000000,EUR,EqCall_SP5_FD,2020-10-05,4.663934,0,0,0,0,0,0,1232097,0.00,0.00
Up,false,CommodityCurve/COMDTY_WTI_USD/0/1Y,0.00000000,,0.00000000,EUR,EqCall_SP5_FD,2020-11-05,4.748634,0,0,0,0,0,0,1232097,0.00,0.00
Up,false,CommodityCurve/COMDTY_WTI_USD/0/1Y,0.00000000,,0.00000000,EUR,EqCall_SP5_FD,2020-12-07,4.836066,0,0,0,0,0,0,1232097,0.00,0.00
Up,false,CommodityCurve/COMDTY_WTI_USD/0/1Y,0.00000000,,0.00000000,EUR,EqCall_SP5_FD,2021-01-05,4.915330,0,0,0,0,0,0,1232097,0.00,0.00
Up,false,CommodityCurve/COMDTY_WTI_USD/0/1Y,0.00000000,,0.00000000,EUR,EqCall_SP5_FD,2021-02-05,5.000262,0,0,0,0,0,0,1232097,0.00,0.00
Up,false,CommodityVolatility/COMDTY_WTI_USD/0/1Y/0,0.00110885,,0.00000000,EUR,EqCall_SP5_FD,2016-02-05,0.000000,1232097,0,0,0,1232097,1232097,1232097,1232097.13,1232097.13
Up,false,CommodityVolatility/COMDTY_WTI_USD/0/1Y/0,0.00110885,,0.00000000,EUR,EqCall_SP5_FD,2016-03-07,0.084699,1120696,0,0,0,1880075,1120530,1232097,1120529.84,1232097.13
Up,false,CommodityVolatility/COMDTY_WTI_USD/0/1Y/0,0.00110885,,0.00000000,EUR,EqCall_SP5_FD,2016-04-05,0.163934,1139851,0,0,0,2292771,1139466,1232097,1129682.31,1232097.13
Up,false,CommodityVolatility/COMDTY_WTI_USD/0/1Y/0,0.00110885,,0.00000000,EUR,EqCall_SP5_FD,2016-05-06,0.248634,1163447,0,0,0,2578284,1162775,1232097,1140955.59,1232097.13
Up,false,CommodityVolatility/COMDTY_WTI_USD/0/1Y/0,0.00110885,,0.00000000,EUR,EqCall_SP5_FD,2016-06-06,0.333333,1182508,0,0,0,2848832,1181539,1232097,1151267.84,1232097.13
Up,false,CommodityVolatility/COMDTY_WTI_USD/0/1Y/0,0.00110885,,0.00000000,EUR,EqCall_SP5_FD,2016-07-05,0.412568,1199137,0,0,0,3326332,1197808,1232097,1160205.93,1232097.13
Up,false,CommodityVolatility/COMDTY_WTI_USD/0/1Y/0,0.00110885,,0.00000000,EUR,EqCall_SP5_FD,2016-08-05,0.497268,1218325,0,0,0,3458227,1216744,1232097,1169836.00,1232097.13
Up,false,CommodityVolatility/COMDTY_WTI_USD/0/1Y/0,0.00110885,,0.00000000,EUR,EqCall_SP5_FD,2016-09-06,0.584699,1224004,0,0,0,3733297,1221994,1232097,1177635.25,1232097.13
Up,false,CommodityVolatility/COMDTY_WTI_USD/0/1Y/0,0.00110885,,0.00000000,EUR,EqCall_SP5_FD,2016-10-05,0.663934,1223682,0,0,0,4089610,1221361,1232097,1182853.58,1232097.13
Up,false,CommodityVolatility/COMDTY_WTI_USD/0/1Y/0,0.00110885,,0.00000000,EUR,EqCall_SP5_FD,2016-11-07,0.754098,1223811,0,0,0,4347264,1220966,1232097,1187410.56,1232097.13
Up,false,CommodityVolatility/COMDTY_WTI_USD/0/1Y/0,0.00110885,,0.00000000,EUR,EqCall_SP5_FD,2016-12-05,0.830601,1216014,0,0,0,4457868,1212842,1232097,1189752.97,1232097.13
Up,false,CommodityVolatility/COMDTY_WTI_USD/0/1Y/0,0.00110885,,0.00000000,EUR,EqCall_SP5_FD,2017-01-05,0.915330,1214552,0,0,0,4707145,1211025,1232097,1191722.05,1232097.13
Up,false,CommodityVolatility/COMDTY_WTI_USD/0/1Y/0,0.00110885,,0.00000000,EUR,EqCall_SP5_FD,2017-02-06,1.003002,1208010,0,0,0,5013258,1204170,1232097,1192810.09,1232097.13
Up,false,CommodityVolatility/COMDTY_WTI_USD/0/1Y/0,0.00110885,,0.00000000,EUR,EqCall_SP5_FD,2017-03-06,1.079714,1207816,0,0,0,5167145,1203606,1232097,1193577.11,1232097.13
Up,false,CommodityVolatility/COMDTY_WTI_USD/0/1Y/0,0.00110885,,0.00000000,EUR,EqCall_SP5_FD,2017-04-05,1.161906,1205757,0,0,0,5147550,1201146,1232097,1194112.50,1232097.13
Up,false,CommodityVolatility/COMDTY_WTI_USD/0/1Y/0,0.00110885,,0.00000000,EUR,EqCall_SP5_FD,2017-05-05,1.244098,1214901,0,0,0,5282207,1209844,1232097,1195151.82,1232097.13
Up,false,CommodityVolatility/COMDTY_WTI_USD/0/1Y/0,0.00110885,,0.00000000,EUR,EqCall_SP5_FD,2017-06-06,1.331769,1212411,0,0,0,5543893,1206992,1232097,1195931.28,1232097.13
Up,false,CommodityVolatility/COMDTY_WTI_USD/0/1Y/0,0.00110885,,0.00000000,EUR,EqCall_SP5_FD,2017-07-05,1.411221,1207235,0,0,0,5620019,1201512,1232097,1196245.48,1232097.13
Up,false,CommodityVolatility/COMDTY_WTI_USD/0/1Y/0,0.00110885,,0.00000000,EUR,EqCall_SP5_FD,2017-08-07,1.501632,1199877,0,0,0,5650516,1193819,1232097,1196099.40,1232097.13
Up,false,CommodityVolatility/COMDTY_WTI_USD/0/1Y/0,0.00110885,,0.00000000,EUR,EqCall_SP5_FD,2017-09-05,1.581084,1186732,0,0,0,5797558,1180404,1232097,1195310.70,1232097.13
Up,false,CommodityVolatility/COMDTY_WTI_USD/0/1Y/0,0.00110885,,0.00000000,EUR,EqCall_SP5_FD,2017-10-05,1.663276,1182226,0,0,0,5872425,1175576,1232097,1194335.51,1232097.13
Up,false,CommodityVolatility/COMDTY_WTI_USD/0/1Y/0,0.00110885,,0.00000000,EUR,EqCall_SP5_FD,2017-11-06,1.750947,1170469,0,0,0,6358729,1163519,1232097,1192792.51,1232097.13
Up,false,CommodityVolatility/COMDTY_WTI_USD/0/1Y/0,0.00110885,,0.00000000,EUR,EqCall_SP5_FD,2017-12-05,1.830399,1172465,0,0,0,6496636,1165113,1232097,1191591.01,1232097.13
Up,false,CommodityVolatility/COMDTY_WTI_USD/0/1Y/0,0.00110885,,0.00000000,EUR,EqCall_SP5_FD,2018-01-05,1.915330,1166957,0,0,0,6378884,1159215,1232097,1190155.38,1232097.13
Up,false,CommodityVolatility/COMDTY_WTI_USD/0/1Y/0,0.00110885,,0.00000000,EUR,EqCall_SP5_FD,2018-02-05,2.000262,0,0,0,0,0,0,1232097,1139621.15,1232097.13
Up,false,CommodityVolatility/COMDTY_WTI_USD/0/1Y/0,0.00110885,,0.00000000,EUR,EqCall_SP5_FD,2018-03-05,2.076974,0,0,0,0,0,0,1232097,0.00,0.00
Up,false,CommodityVolatility/COMDTY_WTI_USD/0/1Y/0,0.00110885,,0.00000000,EUR,EqCall_SP5_FD,2018-04-05,2.161906,0,0,0,0,0,0,1232097,0.00,0.00
Up,false,CommodityVolatility/COMDTY_WTI_USD/0/1Y/0,0.00110885,,0.00000000,EUR,EqCall_SP5_FD,2018-05-08,2.252317,0,0,0,0,0,0,1232097,0.00,0.00
Up,false,CommodityVolatility/COMDTY_WTI_USD/0/1Y/0,0.00110885,,0.00000000,EUR,EqCall_SP5_FD,2018-06-05,2.329029,0,0,0,0,0,0,1232097,0.00,0.00
Up,false,CommodityVolatility/COMDTY_WTI_USD/0/1Y/0,0.00110885,,0.00000000,EUR,EqCall_SP5_FD,2018-07-05,2.411221,0,0,0,0,0,0,1232097,0.00,0.00
Up,false,CommodityVolatility/COMDTY_WTI_USD/0/1Y/0,0.00110885,,0.00000000,EUR,EqCall_SP5_FD,2018-08-06,2.498892,0,0,0,0,0,0,1232097,0.00,0.00
Up,false,CommodityVolatility/COMDTY_WTI_USD/0/1Y/0,0.00110885,,0.00000000,EUR,EqCall_SP5_FD,2018-09-05,2.581084,0,0,0,0,0,0,1232097,0.00,0.00
Up,false,CommodityVolatility/COMDTY_WTI_USD/0/1Y/0,0.00110885,,0.00000000,EUR,EqCall_SP5_FD,2018-10-05,2.663276,0,0,0,0,0,0,1232097,0.00,0.00
Up,false,CommodityVolatility/COMDTY_WTI_USD/0/1Y/0,0.00110885,,0.00000000,EUR,EqCall_SP5_FD,2018-11-05,2.748207,0,0,0,0,0,0,1232097,0.00,0.00
Up,false,CommodityVolatility/COMDTY_WTI_USD/0/1Y/0,0.00110885,,0.00000000,EUR,EqCall_SP5_FD,2018-12-05,2.830399,0,0,0,0,0,0,1232097,0.00,0.00
Up,false,CommodityVolatility/COMDTY_WTI_USD/0/1Y/0,0.00110885,,0.00000000,EUR,EqCall_SP5_FD,2019-01-07,2.920810,0,0,0,0,0,0,1232097,0.00,0.00
Up,false,CommodityVolatility/COMDTY_WTI_USD/0/1Y/0,0.00110885,,0.00000000,EUR,EqCall_SP5_FD,2019-02-05,3.000262,0,0,0,0,0,0,1232097,0.00,0.00
Up,false,CommodityVolatility/COMDTY_WTI_USD/0/1Y/0,0.00110885,,0.00000000,EUR,EqCall_SP5_FD,2019-03-05,3.076974,0,0,0,0,0,0,1232097,0.00,0.00
Up,false,CommodityVolatility/COMDTY_WTI_USD/0/1Y/0,0.00110885,,0.00000000,EUR,EqCall_SP5_FD,2019-04-05,3.161906,0,0,0,0,0,0,1232097,0.00,0.00
Up,false,CommodityVolatility/COMDTY_WTI_USD/0/1Y/0,0.00110885,,0.00000000,EUR,EqCall_SP5_FD,2019-05-07,3.249577,0,0,0,0,0,0,1232097,0.00,0.00
Up,false,CommodityVolatility/COMDTY_WTI_USD/0/1Y/0,0.00110885,,0.00000000,EUR,EqCall_SP5_FD,2019-06-05,3.329029,0,0,0,0,0,0,1232097,0.00,0.00
Up,false,CommodityVolatility/COMDTY_WTI_USD/0/1Y/0,0.00110885,,0.00000000,EUR,EqCall_SP5_FD,2019-07-05,3.411221,0,0,0,0,0,0,1232097,0.00,0.00
Up,false,CommodityVolatility/COMDTY_WTI_USD/0/1Y/0,0.00110885,,0.00000000,EUR,EqCall_SP5_FD,2019-08-05,3.496152,0,0,0,0,0,0,1232097,0.00,0.00
Up,false,CommodityVolatility/COMDTY_WTI_USD/0/1Y/0,0.00110885,,0.00000000,EUR,EqCall_SP5_FD,2019-09-05,3.581084,0,0,0,0,0,0,1232097,0.00,0.00
Up,false,CommodityVolatility/COMDTY_WTI_USD/0/1Y/0,0.00110885,,0.00000000,EUR,EqCall_SP5_FD,2019-10-07,3.668755,0,0,0,0,0,0,1232097,0.00,0.00
Up,false,CommodityVolatility/COMDTY_WTI_USD/0/1Y/0,0.00110885,,0.00000000,EUR,EqCall_SP5_FD,2019-11-05,3.748207,0,0,0,0,0,0,1232097,0.00,0.00
Up,false,CommodityVolatility/COMDTY_WTI_USD/0/1Y/0,0.00110885,,0.00000000,EUR,EqCall_SP5_FD,2019-12-05,3.830399,0,0,0,0,0,0,1232097,0.00,0.00
Up,false,CommodityVolatility/COMDTY_WTI_USD/0/1Y/0,0.00110885,,0.00000000,EUR,EqCall_SP5_FD,2020-01-06,3.918033,0,0,0,0,0,0,1232097,0.00,0.00
Up,false,CommodityVolatility/COMDTY_WTI_USD/0/1Y/0,0.00110885,,0.00000000,EUR,EqCall_SP5_FD,2020-02-05,4.000000,0,0,0,0,0,0,1232097,0.00,0.00
Up,false,CommodityVolatility/COMDTY_WTI_USD/0/1Y/0,0.00110885,,0.00000000,EUR,EqCall_SP5_FD,2020-03-05,4.079235,0,0,0,0,0,0,1232097,0.00,0.00
Up,false,CommodityVolatility/COMDTY_WTI_USD/0/1Y/0,0.00110885,,0.00000000,EUR,EqCall_SP5_FD,2020-04-06,4.166667,0,0,0,0,0,0,1232097,0.00,0.00
Up,false,CommodityVolatility/COMDTY_WTI_USD/0/1Y/0,0.00110885,,0.00000000,EUR,EqCall_SP5_FD,2020-05-05,4.245902,0,0,0,0,0,0,1232097,0.00,0.00
Up,false,CommodityVolatility/COMDTY_WTI_USD/0/1Y/0,0.00110885,,0.00000000,EUR,EqCall_SP5_FD,2020-06-05,4.330601,0,0,0,0,0,0,1232097,0.00,0.00
Up,false,CommodityVolatility/COMDTY_WTI_USD/0/1Y/0,0.00110885,,0.00000000,EUR,EqCall_SP5_FD,2020-07-06,4.415301,0,0,0,0,0,0,1232097,0.00,0.00
Up,false,CommodityVolatility/COMDTY_WTI_USD/0/1Y/0,0.00110885,,0.00000000,EUR,EqCall_SP5_FD,2020-08-05,4.497268,0,0,0,0,0,0,1232097,0.00,0.00
Up,false,CommodityVolatility/COMDTY_WTI_USD/0/1Y/0,0.00110885,,0.00000000,EUR,EqCall_SP5_FD,2020-09-08,4.590164,0,0,0,0,0,0,1232097,0.00,0.00
Up,false,CommodityVolatility/COMDTY_WTI_USD/0/1Y/0,0.00110885,,0.00000000,EUR,EqCall_SP5_FD,2020-10-05,4.663934,0,0,0,0,0,0,1232097,0.00,0.00
Up,false,CommodityVolatility/COMDTY_WTI_USD/0/1Y/0,0.00110885,,0.00000000,EUR,EqCall_SP5_FD,2020-11-05,4.748634,0,0,0,0,0,0,1232097,0.00,0.00
Up,false,CommodityVolatility/COMDTY_WTI_USD/0/1Y/0,0.00110885,,0.00000000,EUR,EqCall_SP5_FD,2020-12-07,4.836066,0,0,0,0,0,0,1232097,0.00,0.00
Up,false,CommodityVolatility/COMDTY_WTI_USD/0/1Y/0,0.00110885,,0.00000000,EUR,EqCall_SP5_FD,2021-01-05,4.915330,0,0,0,0,0,0,1232097,0.00,0.00
Up,false,CommodityVolatility/COMDTY_WTI_USD/0/1Y/0,0.00110885,,0.00000000,EUR,EqCall_SP5_FD,2021-02-05,5.000262,0,0,0,0,0,0,1232097,0.00,0.00
Up,false,CommodityVolatility/COMDTY_WTI_USD/3/1Y/ATM,0.00110885,,0.00000000,EUR,EqCall_SP5_FD,2016-02-05,0.000000,1232097,0,0,0,1232097,1232097,1232097,1232097.13,1232097.13
Up,false,CommodityVolatility/COMDTY_WTI_USD/3/1Y/ATM,0.00110885,,0.00000000,EUR,EqCall_SP5_FD,2016-03-07,0.084699,1120696,0,0,0,1880075,1120530,1232097,1120529.84,1232097.13
Up,false,CommodityVolatility/COMDTY_WTI_USD/3/1Y/ATM,0.00110885,,0.00000000,EUR,EqCall_SP5_FD,2016-04-05,0.163934,1139851,0,0,0,2292771,1139466,1232097,1129682.31,1232097.13
Up,false,CommodityVolatility/COMDTY_WTI_USD/3/1Y/ATM,0.00110885,,0.00000000,EUR,EqCall_SP5_FD,2016-05-06,0.248634,1163447,0,0,0,2578284,1162775,1232097,1140955.59,1232097.13
Up,false,CommodityVolatility/COMDTY_WTI_USD/3/1Y/ATM,0.00110885,,0.00000000,EUR,EqCall_SP5_FD,2016-06-06,0.333333,1182508,0,0,0,2848832,1181539,1232097,1151267.84,1232097.13
Up,false,CommodityVolatility/COMDTY_WTI_USD/3/1Y/ATM,0.00110885,,0.00000000,EUR,EqCall_SP5_FD,2016-07-05,0.412568,1199137,0,0,0,3326332,1197808,1232097,1160205.93,1232097.13
Up,false,CommodityVolatility/COMDTY_WTI_USD/3/1Y/ATM,0.00110885,,0.00000000,EUR,EqCall_SP5_FD,2016-08-05,0.497268,1218325,0,0,0,3458227,1216744,1232097,1169836.00,1232097.13
Up,false,CommodityVolatility/COMDTY_WTI_USD/3/1Y/ATM,0.00110885,,0.00000000,EUR,EqCall_SP5_FD,2016-09-06,0.584699,1224004,0,0,0,3733297,1221994,1232097,1177635.25,1232097.13
Up,false,CommodityVolatility/COMDTY_WTI_USD/3/1Y/ATM,0.00110885,,0.00000000,EUR,EqCall_SP5_FD,2016-10-05,0.663934,1223682,0,0,0,4089610,1221361,1232097,1182853.58,1232097.13
Up,false,CommodityVolatility/COMDTY_WTI_USD/3/1Y/ATM,0.00110885,,0.00000000,EUR,EqCall_SP5_FD,2016-11-07,0.754098,1223811,0,0,0,4347264,1220966,1232097,1187410.56,1232097.13
Up,false,CommodityVolatility/COMDTY_WTI_USD/3/1Y/ATM,0.00110885,,0.00000000,EUR,EqCall_SP5_FD,2016-12-05,0.830601,1216014,0,0,0,4457868,1212842,1232097,1189752.97,1232097.13
Up,false,CommodityVolatility/COMDTY_WTI_USD/3/1Y/ATM,0.00110885,,0.00000000,EUR,EqCall_SP5_FD,2017-01-05,0.915330,1214552,0,0,0,4707145,1211025,1232097,1191722.05,1232097.13
Up,false,CommodityVolatility/COMDTY_WTI_USD/3/1Y/ATM,0.00110885,,0.00000000,EUR,EqCall_SP5_FD,2017-02-06,1.003002,1208010,0,0,0,5013258,1204170,1232097,1192810.09,1232097.13
Up,false,CommodityVolatility/COMDTY_WTI_USD/3/1Y/ATM,0.00110885,,0.00000000,EUR,EqCall_SP5_FD,2017-03-06,1.079714,1207816,0,0,0,5167145,1203606,1232097,1193577.11,1232097.13
Up,false,CommodityVolatility/COMDTY_WTI_USD/3/1Y/ATM,0.00110885,,0.00000000,EUR,EqCall_SP5_FD,2017-04-05,1.161906,1205757,0,0,0,5147550,1201146,1232097,1194112.50,1232097.13
Up,false,CommodityVolatility/COMDTY_WTI_USD/3/1Y/ATM,0.00110885,,0.00000000,EUR,EqCall_SP5_FD,2017-05-05,1.244098,1214901,0,0,0,5282207,1209844,1232097,1195151.82,1232097.13
Up,false,CommodityVolatility/COMDTY_WTI_USD/3/1Y/ATM,0.00110885,,0.00000000,EUR,EqCall_SP5_FD,2017-06-06,1.331769,1212411,0,0,0,5543893,1206992,1232097,1195931.28,1232097.13
Up,false,CommodityVolatility/COMDTY_WTI_USD/3/1Y/ATM,0.00110885,,0.00000000,EUR,EqCall_SP5_FD,2017-07-05,1.411221,1207235,0,0,0,5620019,1201512,1232097,1196245.48,1232097.13
Up,false,CommodityVolatility/COMDTY_WTI_USD/3/1Y/ATM,0.00110885,,0.00000000,EUR,EqCall_SP5_FD,2017-08-07,1.501632,1199877,0,0,0,5650516,1193819,1232097,1196099.40,1232097.13
Up,false,CommodityVolatility/COMDTY_WTI_USD/3/1Y/ATM,0.00110885,,0.00000000,EUR,EqCall_SP5_FD,2017-09-05,1.581084,1186732,0,0,0,5797558,1180404,1232097,1195310.70,1232097.13
Up,false,CommodityVolatility/COMDTY_WTI_USD/3/1Y/ATM,0.00110885,,0.00000000,EUR,EqCall_SP5_FD,2017-10-05,1.663276,1182226,0,0,0,5872425,1175576,1232097,1194335.51,1232097.13
Up,false,CommodityVolatility/COMDTY_WTI_USD/3/1Y/ATM,0.00110885,,0.00000000,EUR,EqCall_SP5_FD,2017-11-06,1.750947,1170469,0,0,0,6358729,1163519,1232097,1192792.51,1232097.13
Up,false,CommodityVolatility/COMDTY_WTI_USD/3/1Y/ATM,0.00110885,,0.00000000,EUR,EqCall_SP5_FD,2017-12-05,1.830399,1172465,0,0,0,6496636,1165113,1232097,1191591.01,1232097.13
Up,false,CommodityVolatility/COMDTY_WTI_USD/3/1Y/ATM,0.00110885,,0.00000000,EUR,EqCall_SP5_FD,2018-01-05,1.915330,1166957,0,0,0,6378884,1159215,1232097,1190155.38,1232097.13
Up,false,CommodityVolatility/COMDTY_WTI_USD/3/1Y/ATM,0.00110885,,0.00000000,EUR,EqCall_SP5_FD,2018-02-05,2.000262,0,0,0,0,0,0,1232097,1139621.15,1232097.13
Up,false,CommodityVolatility/COMDTY_WTI_USD/3/1Y/ATM,0.00110885,,0.00000000,EUR,EqCall_SP5_FD,2018-03-05,2.076974,0,0,0,0,0,0,1232097,0.00,0.00
Up,false,CommodityVolatility/COMDTY_WTI_USD/3/1Y/ATM,0.00110885,,0.00000000,EUR,EqCall_SP5_FD,2018-04-05,2.161906,0,0,0,0,0,0,1232097,0.00,0.00
Up,false,CommodityVolatility/COMDTY_WTI_USD/3/1Y/ATM,0.00110885,,0.00000000,EUR,EqCall_SP5_FD,2018-05-08,2.252317,0,0,0,0,0,0,1232097,0.00,0.00
Up,false,CommodityVolatility/COMDTY_WTI_USD/3/1Y/ATM,0.00110885,,0.00000000,EUR,EqCall_SP5_FD,2018-06-05,2.329029,0,0,0,0,0,0,1232097,0.00,0.00
Up,false,CommodityVolatility/COMDTY_WTI_USD/3/1Y/ATM,0.00110885,,0.00000000,EUR,EqCall_SP5_FD,2018-07-05,2.411221,0,0,0,0,0,0,1232097,0.00,0.00
Up,false,CommodityVolatility/COMDTY_WTI_USD/3/1Y/ATM,0.00110885,,0.00000000,EUR,EqCall_SP5_FD,2018-08-06,2.498892,0,0,0,0,0,0,1232097,0.00,0.00
Up,false,CommodityVolatility/COMDTY_WTI_USD/3/1Y/ATM,0.00110885,,0.00000000,EUR,EqCall_SP5_FD,2018-09-05,2.581084,0,0,0,0,0,0,1232097,0.00,0.00
Up,false,CommodityVolatility/COMDTY_WTI_USD/3/1Y/ATM,0.00110885,,0.00000000,EUR,EqCall_SP5_FD,2018-10-05,2.663276,0,0,0,0,0,0,1232097,0.00,0.00
Up,false,CommodityVolatility/COMDTY_WTI_USD/3/1Y/ATM,0.00110885,,0.00000000,EUR,EqCall_SP5_FD,2018-11-05,2.748207,0,0,0,0,0,0,1232097,0.00,0.00
Up,false,CommodityVolatility/COMDTY_WTI_USD/3/1Y/ATM,0.00110885,,0.00000000,EUR,EqCall_SP5_FD,2018-12-05,2.830399,0,0,0,0,0,0,1232097,0.00,0.00
Up,false,CommodityVolatility/COMDTY_WTI_USD/3/1Y/ATM,0.00110885,,0.00000000,EUR,EqCall_SP5_FD,2019-01-07,2.920810,0,0,0,0,0,0,1232097,0.00,0.00
Up,false,CommodityVolatility/COMDTY_WTI_USD/3/1Y/ATM,0.00110885,,0.00000000,EUR,EqCall_SP5_FD,2019-02-05,3.000262,0,0,0,0,0,0,1232097,0.00,0.00
Up,false,CommodityVolatility/COMDTY_WTI_USD/3/1Y/ATM,0.00110885,,0.00000000,EUR,EqCall_SP5_FD,2019-03-05,3.076974,0,0,0,0,0,0,1232097,0.00,0.00
Up,false,CommodityVolatility/COMDTY_WTI_USD/3/1Y/ATM,0.00110885,,0.00000000,EUR,EqCall_SP5_FD,2019-04-05,3.161906,0,0,0,0,0,0,1232097,0.00,0.00
Up,false,CommodityVolatility/COMDTY_WTI_USD/3/1Y/ATM,0.00110885,,0.00000000,EUR,EqCall_SP5_FD,2019-05-07,3.249577,0,0,0,0,0,0,1232097,0.00,0.00
Up,false,CommodityVolatility/COMDTY_WTI_USD/3/1Y/ATM,0.00110885,,0.00000000,EUR,EqCall_SP5_FD,2019-06-05,3.329029,0,0,0,0,0,0,1232097,0.00,0.00
Up,false,CommodityVolatility/COMDTY_WTI_USD/3/1Y/ATM,0.00110885,,0.00000000,EUR,EqCall_SP5_FD,2019-07-05,3.411221,0,0,0,0,0,0,1232097,0.00,0.00
Up,false,CommodityVolatility/COMDTY_WTI_USD/3/1Y/ATM,0.00110885,,0.00000000,EUR,EqCall_SP5_FD,2019-08-05,3.496152,0,0,0,0,0,0,1232097,0.00,0.00
Up,false,CommodityVolatility/COMDTY_WTI_USD/3/1Y/ATM,0.00110885,,0.00000000,EUR,EqCall_SP5_FD,2019-09-05,3.581084,0,0,0,0,0,0,1232097,0.00,0.00
Up,false,CommodityVolatility/COMDTY_WTI_USD/3/1Y/ATM,0.00110885,,0.00000000,EUR,EqCall_SP5_FD,2019-10-07,3.668755,0,0,0,0,0,0,1232097,0.00,0.00
Up,false,CommodityVolatility/COMDTY_WTI_USD/3/1Y/ATM,0.00110885,,0.00000000,EUR,EqCall_SP5_FD,2019-11-05,3.748207,0,0,0,0,0,0,1232097,0.00,0.00
Up,false,CommodityVolatility/COMDTY_WTI_USD/3/1Y/ATM,0.00110885,,0.00000000,EUR,EqCall_SP5_FD,2019-12-05,3.830399,0,0,0,0,0,0,1232097,0.00,0.00
Up,false,CommodityVolatility/COMDTY_WTI_USD/3/1Y/ATM,0.00110885,,0.00000000,EUR,EqCall_SP5_FD,2020-01-06,3.918033,0,0,0,0,0,0,1232097,0.00,0.00
Up,false,CommodityVolatility/COMDTY_WTI_USD/3/1Y/ATM,0.00110885,,0.00000000,EUR,EqCall_SP5_FD,2020-02-05,4.000000,0,0,0,0,0,0,1232097,0.00,0.00
Up,false,CommodityVolatility/COMDTY_WTI_USD/3/1Y/ATM,0.00110885,,0.00000000,EUR,EqCall_SP5_FD,2020-03-05,4.079235,0,0,0,0,0,0,1232097,0.00,0.00
Up,false,CommodityVolatility/COMDTY_WTI_USD/3/1Y/ATM,0.00110885,,0.00000000,EUR,EqCall_SP5_FD,2020-04-06,4.166667,0,0,0,0,0,0,1232097,0.00,0.00
Up,false,CommodityVolatility/COMDTY_WTI_USD/3/1Y/ATM,0.00110885,,0.00000000,EUR,EqCall_SP5_FD,2020-05-05,4.245902,0,0,0,0,0,0,1232097,0.00,0.00
Up,false,CommodityVolatility/COMDTY_WTI_USD/3/1Y/ATM,0.00110885,,0.00000000,EUR,EqCall_SP5_FD,2020-06-05,4.330601,0,0,0,0,0,0,1232097,0.00,0.00
Up,false,CommodityVolatility/COMDTY_WTI_USD/3/1Y/ATM,0.00110885,,0.00000000,EUR,EqCall_SP5_FD,2020-07-06,4.415301,0,0,0,0,0,0,1232097,0.00,0.00
Up,false,CommodityVolatility/COMDTY_WTI_USD/3/1Y/ATM,0.00110885,,0.00000000,EUR,EqCall_SP5_FD,2020-08-05,4.497268,0,0,0,0,0,0,1232097,0.00,0.00
Up,false,CommodityVolatility/COMDTY_WTI_USD/3/1Y/ATM,0.00110885,,0.00000000,EUR,EqCall_SP5_FD,2020-09-08,4.590164,0,0,0,0,0,0,1232097,0.00,0.00
Up,false,CommodityVolatility/COMDTY_WTI_USD/3/1Y/ATM,0.00110885,,0.00000000,EUR,EqCall_SP5_FD,2020-10-05,4.663934,0,0,0,0,0,0,1232097,0.00,0.00
Up,false,CommodityVolatility/COMDTY_WTI_USD/3/1Y/ATM,0.00110885,,0.00000000,EUR,EqCall_SP5_FD,2020-11-05,4.748634,0,0,0,0,0,0,1232097,0.00,0.00
Up,false,CommodityVolatility/COMDTY_WTI_USD/3/1Y/ATM,0.00110885,,0.00000000,EUR,EqCall_SP5_FD,2020-12-07,4.836066,0,0,0,0,0,0,1232097,0.00,0.00
Up,false,CommodityVolatility/COMDTY_WTI_USD/3/1Y/ATM,0.00110885,,0.00000000,EUR,EqCall_SP5_FD,2021-01-05,4.915330,0,0,0,0,0,0,1232097,0.00,0.00
Up,false,CommodityVolatility/COMDTY_WTI_USD/3/1Y/ATM,0.00110885,,0.00000000,EUR,EqCall_SP5_FD,2021-02-05,5.000262,0,0,0,0,0,0,1232097,0.00,0.00
Up,false,CommodityVolatility/COMDTY_WTI_USD/1/5Y/0,0.00109155,,0.00000000,EUR,EqCall_SP5_FD,2016-02-05,0.000000,1232097,0,0,0,1232097,1232097,1232097,1232097.13,1232097.13
Up,false,CommodityVolatility/COMDTY_WTI_USD/1/5Y/0,0.00109155,,0.00000000,EUR,EqCall_SP5_FD,2016-03-07,0.084699,1120696,0,0,0,1880075,1120530,1232097,1120529.84,1232097.13
Up,false,CommodityVolatility/COMDTY_WTI_USD/1/5Y/0,0.00109155,,0.00000000,EUR,EqCall_SP5_FD,2016-04-05,0.163934,1139851,0,0,0,2292771,1139466,1232097,1129682.31,1232097.13
Up,false,CommodityVolatility/COMDTY_WTI_USD/1/5Y/0,0.00109155,,0.00000000,EUR,EqCall_SP5_FD,2016-05-06,0.248634,1163447,0,0,0,2578284,1162775,1232097,1140955.59,1232097.13
Up,false,CommodityVolatility/COMDTY_WTI_USD/1/5Y/0,0.00109155,,0.00000000,EUR,EqCall_SP5_FD,2016-06-06,0.333333,1182508,0,0,0,2848832,1181539,1232097,1151267.84,1232097.13
Up,false,CommodityVolatility/COMDTY_WTI_USD/1/5Y/0,0.00109155,,0.00000000,EUR,EqCall_SP5_FD,2016-07-05,0.412568,1199137,0,0,0,3326332,1197808,1232097,1160205.93,1232097.13
Up,false,CommodityVolatility/COMDTY_WTI_USD/1/5Y/0,0.00109155,,0.00000000,EUR,EqCall_SP5_FD,2016-08-05,0.497268,1218325,0,0,0,3458227,1216744,1232097,1169836.00,1232097.13
Up,false,CommodityVolatility/COMDTY_WTI_USD/1/5Y/0,0.00109155,,0.00000000,EUR,EqCall_SP5_FD,2016-09-06,0.584699,1224004,0,0,0,3733297,1221994,1232097,1177635.25,1232097.13
Up,false,CommodityVolatility/COMDTY_WTI_USD/1/5Y/0,0.00109155,,0.00000000,EUR,EqCall_SP5_FD,2016-10-05,0.663934,1223682,0,0,0,4089610,1221361,1232097,1182853.58,1232097.13
Up,false,CommodityVolatility/COMDTY_WTI_USD/1/5Y/0,0.00109155,,0.00000000,EUR,EqCall_SP5_FD,2016-11-07,0.754098,1223811,0,0,0,4347264,1220966,1232097,1187410.56,1232097.13
Up,false,CommodityVolatility/COMDTY_WTI_USD/1/5Y/0,0.00109155,,0.00000000,EUR,EqCall_SP5_FD,2016-12-05,0.830601,1216014,0,0,0,4457868,1212842,1232097,1189752.97,1232097.13
Up,false,CommodityVolatility/COMDTY_WTI_USD/1/5Y/0,0.00109155,,0.00000000,EUR,EqCall_SP5_FD,2017-01-05,0.915330,1214552,0,0,0,4707145,1211025,1232097,1191722.05,1232097.13
Up,false,CommodityVolatility/COMDTY_WTI_USD/1/5Y/0,0.00109155,,0.00000000,EUR,EqCall_SP5_FD,2017-02-06,1.003002,1208010,0,0,0,5013258,1204170,1232097,1192810.09,1232097.13
Up,false,CommodityVolatility/COMDTY_WTI_USD/1/5Y/0,0.00109155,,0.00000000,EUR,EqCall_SP5_FD,2017-03-06,1.079714,1207816,0,0,0,5167145,1203606,1232097,1193577.11,1232097.13
Up,false,CommodityVolatility/COMDTY_WTI_USD/1/5Y/0,0.00109155,,0.00000000,EUR,EqCall_SP5_FD,2017-04-05,1.161906,1205757,0,0,0,5147550,1201146,1232097,1194112.50,1232097.13
Up,false,CommodityVolatility/COMDTY_WTI_USD/1/5Y/0,0.00109155,,0.00000000,EUR,EqCall_SP5_FD,2017-05-05,1.244098,1214901,0,0,0,5282207,1209844,1232097,1195151.82,1232097.13
Up,false,CommodityVolatility/COMDTY_WTI_USD/1/5Y/0,0.00109155,,0.00000000,EUR,EqCall_SP5_FD,2017-06-06,1.331769,1212411,0,0,0,5543893,1206992,1232097,1195931.28,1232097.13
Up,false,CommodityVolatility/COMDTY_WTI_USD/1/5Y/0,0.00109155,,0.00000000,EUR,EqCall_SP5_FD,2017-07-05,1.411221,1207235,0,0,0,5620019,1201512,1232097,1196245.48,1232097.13
Up,false,CommodityVolatility/COMDTY_WTI_USD/1/5Y/0,0.00109155,,0.00000000,EUR,EqCall_SP5_FD,2017-08-07,1.501632,1199877,0,0,0,5650516,1193819,1232097,1196099.40,1232097.13
Up,false,CommodityVolatility/COMDTY_WTI_USD/1/5Y/0,0.00109155,,0.00000000,EUR,EqCall_SP5_FD,2017-09-05,1.581084,1186732,0,0,0,5797558,1180404,1232097,1195310.70,1232097.13
Up,false,CommodityVolatility/COMDTY_WTI_USD/1/5Y/0,0.00109155,,0.00000000,EUR,EqCall_SP5_FD,2017-10-05,1.663276,1182226,0,0,0,5872425,1175576,1232097,1194335.51,1232097.13
Up,false,CommodityVolatility/COMDTY_WTI_USD/1/5Y/0,0.00109155,,0.00000000,EUR,EqCall_SP5_FD,2017-11-06,1.750947,1170469,0,0,0,6358729,1163519,1232097,1192792.51,1232097.13
Up,false,CommodityVolatility/COMDTY_WTI_USD/1/5Y/0,0.00109155,,0.00000000,EUR,EqCall_SP5_FD,2017-12-05,1.830399,1172465,0,0,0,6496636,1165113,1232097,1191591.01,1232097.13
Up,false,CommodityVolatility/COMDTY_WTI_USD/1/5Y/0,0.00109155,,0.00000000,EUR,EqCall_SP5_FD,2018-01-05,1.915330,1166957,0,0,0,6378884,1159215,1232097,1190155.38,1232097.13
Up,false,CommodityVolatility/COMDTY_WTI_USD/1/5Y/0,0.00109155,,0.00000000,EUR,EqCall_SP5_FD,2018-02-05,2.000262,0,0,0,0,0,0,1232097,1139621.15,1232097.13
Up,false,CommodityVolatility/COMDTY_WTI_USD/1/5Y/0,0.00109155,,0.00000000,EUR,EqCall_SP5_FD,2018-03-05,2.076974,0,0,0,0,0,0,1232097,0.00,0.00
Up,false,CommodityVolatility/COMDTY_WTI_USD/1/5Y/0,0.00109155,,0.00000000,EUR,EqCall_SP5_FD,2018-04-05,2.161906,0,0,0,0,0,0,1232097,0.00,0.00
Up,false,CommodityVolatility/COMDTY_WTI_USD/1/5Y/0,0.00109155,,0.00000000,EUR,EqCall_SP5_FD,2018-05-08,2.252317,0,0,0,0,0,0,1232097,0.00,0.00
Up,false,CommodityVolatility/COMDTY_WTI_USD/1/5Y/0,0.00109155,,0.00000000,EUR,EqCall_SP5_FD,2018-06-05,2.329029,0,0,0,0,0,0,1232097,0.00,0.00
Up,false,CommodityVolatility/COMDTY_WTI_USD/1/5Y/0,0.00109155,,0.00000000,EUR,EqCall_SP5_FD,2018-07-05,2.411221,0,0,0,0,0,0,1232097,0.00,0.00
Up,false,CommodityVolatility/COMDTY_WTI_USD/1/5Y/0,0.00109155,,0.00000000,EUR,EqCall_SP5_FD,2018-08-06,2.498892,0,0,0,0,0,0,1232097,0.00,0.00
Up,false,CommodityVolatility/COMDTY_WTI_USD/1/5Y/0,0.00109155,,0.00000000,EUR,EqCall_SP5_FD,2018-09-05,2.581084,0,0,0,0,0,0,1232097,0.00,0.00
Up,false,CommodityVolatility/COMDTY_WTI_USD/1/5Y/0,0.00109155,,0.00000000,EUR,EqCall_SP5_FD,2018-10-05,2.663276,0,0,0,0,0,0,1232097,0.00,0.00
Up,false,CommodityVolatility/COMDTY_WTI_USD/1/5Y/0,0.00109155,,0.00000000,EUR,EqCall_SP5_FD,2018-11-05,2.748207,0,0,0,0,0,0,1232097,0.00,0.00
Up,false,CommodityVolatility/COMDTY_WTI_USD/1/5Y/0,0.00109155,,0.00000000,EUR,EqCall_SP5_FD,2018-12-05,2.830399,0,0,0,0,0,0,1232097,0.00,0.00
Up,false,CommodityVolatility/COMDTY_WTI_USD/1/5Y/0,0.00109155,,0.00000000,EUR,EqCall_SP5_FD,2019-01-07,2.920810,0,0,0,0,0,0,1232097,0.00,0.00
Up,false,CommodityVolatility/COMDTY_WTI_USD/1/5Y/0,0.00109155,,0.00000000,EUR,EqCall_SP5_FD,2019-02-05,3.000262,0,0,0,0,0,0,1232097,0.00,0.00
Up,false,CommodityVolatility/COMDTY_WTI_USD/1/5Y/0,0.00109155,,0.00000000,EUR,EqCall_SP5_FD,2019-03-05,3.076974,0,0,0,0,0,0,1232097,0.00,0.00
Up,false,CommodityVolatility/COMDTY_WTI_USD/1/5Y/0,0.00109155,,0.00000000,EUR,EqCall_SP5_FD,2019-04-05,3.161906,0,0,0,0,0,0,1232097,0.00,0.00
Up,false,CommodityVolatility/COMDTY_WTI_USD/1/5Y/0,0.00109155,,0.00000000,EUR,EqCall_SP5_FD,2019-05-07,3.249577,0,0,0,0,0,0,1232097,0.00,0.00
Up,false,CommodityVolatility/COMDTY_WTI_USD/1/5Y/0,0.00109155,,0.00000000,EUR,EqCall_SP5_FD,2019-06-05,3.329029,0,0,0,0,0,0,1232097,0.00,0.00
Up,false,CommodityVolatility/COMDTY_WTI_USD/1/5Y/0,0.00109155,,0.00000000,EUR,EqCall_SP5_FD,2019-07-05,3.411221,0,0,0,0,0,0,1232097,0.00,0.00
Up,false,CommodityVolatility/COMDTY_WTI_USD/1/5Y/0,0.00109155,,0.00000000,EUR,EqCall_SP5_FD,2019-08-05,3.496152,0,0,0,0,0,0,1232097,0.00,0.00
Up,false,CommodityVolatility/COMDTY_WTI_USD/1/5Y/0,0.00109155,,0.00000000,EUR,EqCall_SP5_FD,2019-09-05,3.581084,0,0,0,0,0,0,1232097,0.00,0.00
Up,false,CommodityVolatility/COMDTY_WTI_USD/1/5Y/0,0.00109155,,0.00000000,EUR,EqCall_SP5_FD,2019-10-07,3.668755,0,0,0,0,0,0,1232097,0.00,0.00
Up,false,CommodityVolatility/COMDTY_WTI_USD/1/5Y/0,0.00109155,,0.00000000,EUR,EqCall_SP5_FD,2019-11-05,3.748207,0,0,0,0,0,0,1232097,0.00,0.00
Up,false,CommodityVolatility/COMDTY_WTI_USD/1/5Y/0,0.00109155,,0.00000000,EUR,EqCall_SP5_FD,2019-12-05,3.830399,0,0,0,0,0,0,1232097,0.00,0.00
Up,false,CommodityVolatility/COMDTY_WTI_USD/1/5Y/0,0.00109155,,0.00000000,EUR,EqCall_SP5_FD,2020-01-06,3.918033,0,0,0,0,0,0,1232097,0.00,0.00
Up,false,CommodityVolatility/COMDTY_WTI_USD/1/5Y/0,0.00109155,,0.00000000,EUR,EqCall_SP5_FD,2020-02-05,4.000000,0,0,0,0,0,0,1232097,0.00,0.00
Up,false,CommodityVolatility/COMDTY_WTI_USD/1/5Y/0,0.00109155,,0.00000000,EUR,EqCall_SP5_FD,2020-03-05,4.079235,0,0,0,0,0,0,1232097,0.00,0.00
Up,false,CommodityVolatility/COMDTY_WTI_USD/1/5Y/0,0.00109155,,0.00000000,EUR,EqCall_SP5_FD,2020-04-06,4.166667,0,0,0,0,0,0,1232097,0.00,0.00
Up,false,CommodityVolatility/COMDTY_WTI_USD/1/5Y/0,0.00109155,,0.00000000,EUR,EqCall_SP5_FD,2020-05-05,4.245902,0,0,0,0,0,0,1232097,0.00,0.00
Up,false,CommodityVolatility/COMDTY_WTI_USD/1/5Y/0,0.00109155,,0.00000000,EUR,EqCall_SP5_FD,2020-06-05,4.330601,0,0,0,0,0,0,1232097,0.00,0.00
Up,false,CommodityVolatility/COMDTY_WTI_USD/1/5Y/0,0.00109155,,0.00000000,EUR,EqCall_SP5_FD,2020-07-06,4.415301,0,0,0,0,0,0,1232097,0.00,0.00
Up,false,CommodityVolatility/COMDTY_WTI_USD/1/5Y/0,0.00109155,,0.00000000,EUR,EqCall_SP5_FD,2020-08-05,4.497268,0,0,0,0,0,0,1232097,0.00,0.00
Up,false,CommodityVolatility/COMDTY_WTI_USD/1/5Y/0,0.00109155,,0.00000000,EUR,EqCall_SP5_FD,2020-09-08,4.590164,0,0,0,0,0,0,1232097,0.00,0.00
Up,false,CommodityVolatility/COMDTY_WTI_USD/1/5Y/0,0.00109155,,0.00000000,EUR,EqCall_SP5_FD,2020-10-05,4.663934,0,0,0,0,0,0,1232097,0.00,0.00
Up,false,CommodityVolatility/COMDTY_WTI_USD/1/5Y/0,0.00109155,,0.00000000,EUR,EqCall_SP5_FD,2020-11-05,4.748634,0,0,0,0,0,0,1232097,0.00,0.00
Up,false,CommodityVolatility/COMDTY_WTI_USD/1/5Y/0,0.00109155,,0.00000000,EUR,EqCall_SP5_FD,2020-12-07,4.836066,0,0,0,0,0,0,1232097,0.00,0.00
Up,false,CommodityVolatility/COMDTY_WTI_USD/1/5Y/0,0.00109155,,0.00000000,EUR,EqCall_SP5_FD,2021-01-05,4.915330,0,0,0,0,0,0,1232097,0.00,0.00
Up,false,CommodityVolatility/COMDTY_WTI_USD/1/5Y/0,0.00109155,,0.00000000,EUR,EqCall_SP5_FD,2021-02-05,5.000262,0,0,0,0,0,0,1232097,0.00,0.00
Up,false,CommodityVolatility/COMDTY_WTI_USD/4/5Y/ATM,0.00109155,,0.00000000,EUR,EqCall_SP5_FD,2016-02-05,0.000000,1232097,0,0,0,1232097,1232097,1232097,1232097.13,1232097.13
Up,false,CommodityVolatility/COMDTY_WTI_USD/4/5Y/ATM,0.00109155,,0.00000000,EUR,EqCall_SP5_FD,2016-03-07,0.084699,1120696,0,0,0,1880075,1120530,1232097,1120529.84,1232097.13
Up,false,CommodityVolatility/COMDTY_WTI_USD/4/5Y/ATM,0.00109155,,0.00000000,EUR,EqCall_SP5_FD,2016-04-05,0.163934,1139851,0,0,0,2292771,1139466,1232097,1129682.31,1232097.13
Up,false,CommodityVolatility/COMDTY_WTI_USD/4/5Y/ATM,0.00109155,,0.00000000,EUR,EqCall_SP5_FD,2016-05-06,0.248634,1163447,0,0,0,2578284,1162775,1232097,1140955.59,1232097.13
Up,false,CommodityVolatility/COMDTY_WTI_USD/4/5Y/ATM,0.00109155,,0.00000000,EUR,EqCall_SP5_FD,2016-06-06,0.333333,1182508,0,0,0,2848832,1181539,1232097,1151267.84,1232097.13
Up,false,CommodityVolatility/COMDTY_WTI_USD/4/5Y/ATM,0.00109155,,0.00000000,EUR,EqCall_SP5_FD,2016-07-05,0.412568,1199137,0,0,0,3326332,1197808,1232097,1160205.93,1232097.13
Up,false,CommodityVolatility/COMDTY_WTI_USD/4/5Y/ATM,0.00109155,,0.00000000,EUR,EqCall_SP5_FD,2016-08-05,0.497268,1218325,0,0,0,3458227,1216744,1232097,1169836.00,1232097.13
Up,false,CommodityVolatility/COMDTY_WTI_USD/4/5Y/ATM,0.00109155,,0.00000000,EUR,EqCall_SP5_FD,2016-09-06,0.584699,1224004,0,0,0,3733297,1221994,1232097,1177635.25,1232097.13
Up,false,CommodityVolatility/COMDTY_WTI_USD/4/5Y/ATM,0.00109155,,0.00000000,EUR,EqCall_SP5_FD,2016-10-05,0.663934,1223682,0,0,0,4089610,1221361,1232097,1182853.58,1232097.13
Up,false,CommodityVolatility/COMDTY_WTI_USD/4/5Y/ATM,0.00109155,,0.00000000,EUR,EqCall_SP5_FD,2016-11-07,0.754098,1223811,0,0,0,4347264,1220966,1232097,1187410.56,1232097.13
Up,false,CommodityVolatility/COMDTY_WTI_USD/4/5Y/ATM,0.00109155,,0.00000000,EUR,EqCall_SP5_FD,2016-12-05,0.830601,1216014,0,0,0,4457868,1212842,1232097,1189752.97,1232097.13
Up,false,CommodityVolatility/COMDTY_WTI_USD/4/5Y/ATM,0.00109155,,0.00000000,EUR,EqCall_SP5_FD,2017-01-05,0.915330,1214552,0,0,0,4707145,1211025,1232097,1191722.05,1232097.13
Up,false,CommodityVolatility/COMDTY_WTI_USD/4/5Y/ATM,0.00109155,,0.00000000,EUR,EqCall_SP5_FD,2017-02-06,1.003002,1208010,0,0,0,5013258,1204170,1232097,1192810.09,1232097.13
Up,false,CommodityVolatility/COMDTY_WTI_USD/4/5Y/ATM,0.00109155,,0.00000000,EUR,EqCall_SP5_FD,2017-03-06,1.079714,1207816,0,0,0,5167145,1203606,1232097,1193577.11,1232097.13
Up,false,CommodityVolatility/COMDTY_WTI_USD/4/5Y/ATM,0.00109155,,0.00000000,EUR,EqCall_SP5_FD,2017-04-05,1.161906,1205757,0,0,0,5147550,1201146,1232097,1194112.50,1232097.13
Up,false,CommodityVolatility/COMDTY_WTI_USD/4/5Y/ATM,0.00109155,,0.00000000,EUR,EqCall_SP5_FD,2017-05-05,1.244098,1214901,0,0,0,5282207,1209844,1232097,1195151.82,1232097.13
Up,false,CommodityVolatility/COMDTY_WTI_USD/4/5Y/ATM,0.00109155,,0.00000000,EUR,EqCall_SP5_FD,2017-06-06,1.331769,1212411,0,0,0,5543893,1206992,1232097,1195931.28,1232097.13
Up,false,CommodityVolatility/COMDTY_WTI_USD/4/5Y/ATM,0.00109155,,0.00000000,EUR,EqCall_SP5_FD,2017-07-05,1.411221,1207235,0,0,0,5620019,1201512,1232097,1196245.48,1232097.13
Up,false,CommodityVolatility/COMDTY_WTI_USD/4/5Y/ATM,0.00109155,,0.00000000,EUR,EqCall_SP5_FD,2017-08-07,1.501632,1199877,0,0,0,5650516,1193819,1232097,1196099.40,1232097.13
Up,false,CommodityVolatility/COMDTY_WTI_USD/4/5Y/ATM,0.00109155,,0.00000000,EUR,EqCall_SP5_FD,2017-09-05,1.581084,1186732,0,0,0,5797558,1180404,1232097,1195310.70,1232097.13
Up,false,CommodityVolatility/COMDTY_WTI_USD/4/5Y/ATM,0.00109155,,0.00000000,EUR,EqCall_SP5_FD,2017-10-05,1.663276,1182226,0,0,0,5872425,1175576,1232097,1194335.51,1232097.13
Up,false,CommodityVolatility/COMDTY_WTI_USD/4/5Y/ATM,0.00109155,,0.00000000,EUR,EqCall_SP5_FD,2017-11-06,1.750947,1170469,0,0,0,6358729,1163519,1232097,1192792.51,1232097.13
Up,false,CommodityVolatility/COMDTY_WTI_USD/4/5Y/ATM,0.00109155,,0.00000000,EUR,EqCall_SP5_FD,2017-12-05,1.830399,1172465,0,0,0,6496636,1165113,1232097,1191591.01,1232097.13
Up,false,CommodityVolatility/COMDTY_WTI_USD/4/5Y/ATM,0.00109155,,0.00000000,EUR,EqCall_SP5_FD,2018-01-05,1.915330,1166957,0,0,0,6378884,1159215,1232097,1190155.38,1232097.13
Up,false,CommodityVolatility/COMDTY_WTI_USD/4/5Y/ATM,0.00109155,,0.00000000,EUR,EqCall_SP5_FD,2018-02-05,2.000262,0,0,0,0,0,0,1232097,1139621.15,1232097.13
Up,false,CommodityVolatility/COMDTY_WTI_USD/4/5Y/ATM,0.00109155,,0.00000000,EUR,EqCall_SP5_FD,2018-03-05,2.076974,0,0,0,0,0,0,1232097,0.00,0.00
Up,false,CommodityVolatility/COMDTY_WTI_USD/4/5Y/ATM,0.00109155,,0.00000000,EUR,EqCall_SP5_FD,2018-04-05,2.161906,0,0,0,0,0,0,1232097,0.00,0.00
Up,false,CommodityVolatility/COMDTY_WTI_USD/4/5Y/ATM,0.00109155,,0.00000000,EUR,EqCall_SP5_FD,2018-05-08,2.252317,0,0,0,0,0,0,1232097,0.00,0.00
Up,false,CommodityVolatility/COMDTY_WTI_USD/4/5Y/ATM,0.00109155,,0.00000000,EUR,EqCall_SP5_FD,2018-06-05,2.329029,0,0,0,0,0,0,1232097,0.00,0.00
Up,false,CommodityVolatility/COMDTY_WTI_USD/4/5Y/ATM,0.00109155,,0.00000000,EUR,EqCall_SP5_FD,2018-07-05,2.411221,0,0,0,0,0,0,1232097,0.00,0.00
Up,false,CommodityVolatility/COMDTY_WTI_USD/4/5Y/ATM,0.00109155,,0.00000000,EUR,EqCall_SP5_FD,2018-08-06,2.498892,0,0,0,0,0,0,1232097,0.00,0.00
Up,false,CommodityVolatility/COMDTY_WTI_USD/4/5Y/ATM,0.00109155,,0.00000000,EUR,EqCall_SP5_FD,2018-09-05,2.581084,0,0,0,0,0,0,1232097,0.00,0.00
Up,false,CommodityVolatility/COMDTY_WTI_USD/4/5Y/ATM,0.00109155,,0.00000000,EUR,EqCall_SP5_FD,2018-10-05,2.663276,0,0,0,0,0,0,1232097,0.00,0.00
Up,false,CommodityVolatility/COMDTY_WTI_USD/4/5Y/ATM,0.00109155,,0.00000000,EUR,EqCall_SP5_FD,2018-11-05,2.748207,0,0,0,0,0,0,1232097,0.00,0.00
Up,false,CommodityVolatility/COMDTY_WTI_USD/4/5Y/ATM,0.00109155,,0.00000000,EUR,EqCall_SP5_FD,2018-12-05,2.830399,0,0,0,0,0,0,1232097,0.00,0.00
Up,false,CommodityVolatility/COMDTY_WTI_USD/4/5Y/ATM,0.00109155,,0.00000000,EUR,EqCall_SP5_FD,2019-01-07,2.920810,0,0,0,0,0,0,1232097,0.00,0.00
Up,false,CommodityVolatility/COMDTY_WTI_USD/4/5Y/ATM,0.00109155,,0.00000000,EUR,EqCall_SP5_FD,2019-02-05,3.000262,0,0,0,0,0,0,1232097,0.00,0.00
Up,false,CommodityVolatility/COMDTY_WTI_USD/4/5Y/ATM,0.00109155,,0.00000000,EUR,EqCall_SP5_FD,2019-03-05,3.076974,0,0,0,0,0,0,1232097,0.00,0.00
Up,false,CommodityVolatility/COMDTY_WTI_USD/4/5Y/ATM,0.00109155,,0.00000000,EUR,EqCall_SP5_FD,2019-04-05,3.161906,0,0,0,0,0,0,1232097,0.00,0.00
Up,false,CommodityVolatility/COMDTY_WTI_USD/4/5Y/ATM,0.00109155,,0.00000000,EUR,EqCall_SP5_FD,2019-05-07,3.249577,0,0,0,0,0,0,1232097,0.00,0.00
Up,false,CommodityVolatility/COMDTY_WTI_USD/4/5Y/ATM,0.00109155,,0.00000000,EUR,EqCall_SP5_FD,2019-06-05,3.329029,0,0,0,0,0,0,1232097,0.00,0.00
Up,false,CommodityVolatility/COMDTY_WTI_USD/4/5Y/ATM,0.00109155,,0.00000000,EUR,EqCall_SP5_FD,2019-07-05,3.411221,0,0,0,0,0,0,1232097,0.00,0.00
Up,false,CommodityVolatility/COMDTY_WTI_USD/4/5Y/ATM,0.00109155,,0.00000000,EUR,EqCall_SP5_FD,2019-08-05,3.496152,0,0,0,0,0,0,1232097,0.00,0.00
Up,false,CommodityVolatility/COMDTY_WTI_USD/4/5Y/ATM,0.00109155,,0.00000000,EUR,EqCall_SP5_FD,2019-09-05,3.581084,0,0,0,0,0,0,1232097,0.00,0.00
Up,false,CommodityVolatility/COMDTY_WTI_USD/4/5Y/ATM,0.00109155,,0.00000000,EUR,EqCall_SP5_FD,2019-10-07,3.668755,0,0,0,0,0,0,1232097,0.00,0.00
Up,false,CommodityVolatility/COMDTY_WTI_USD/4/5Y/ATM,0.00109155,,0.00000000,EUR,EqCall_SP5_FD,2019-11-05,3.748207,0,0,0,0,0,0,1232097,0.00,0.00
Up,false,CommodityVolatility/COMDTY_WTI_USD/4/5Y/ATM,0.00109155,,0.00000000,EUR,EqCall_SP5_FD,2019-12-05,3.830399,0,0,0,0,0,0,1232097,0.00,0.00
Up,false,CommodityVolatility/COMDTY_WTI_USD/4/5Y/ATM,0.00109155,,0.00000000,EUR,EqCall_SP5_FD,2020-01-06,3.918033,0,0,0,0,0,0,1232097,0.00,0.00
Up,false,CommodityVolatility/COMDTY_WTI_USD/4/5Y/ATM,0.00109155,,0.00000000,EUR,EqCall_SP5_FD,2020-02-05,4.000000,0,0,0,0,0,0,1232097,0.00,0.00
Up,false,CommodityVolatility/COMDTY_WTI_USD/4/5Y/ATM,0.00109155,,0.00000000,EUR,EqCall_SP5_FD,2020-03-05,4.079235,0,0,0,0,0,0,1232097,0.00,0.00
Up,false,CommodityVolatility/COMDTY_WTI_USD/4/5Y/ATM,0.00109155,,0.00000000,EUR,EqCall_SP5_FD,2020-04-06,4.166667,0,0,0,0,0,0,1232097,0.00,0.00
Up,false,CommodityVolatility/COMDTY_WTI_USD/4/5Y/ATM,0.00109155,,0.00000000,EUR,EqCall_SP5_FD,2020-05-05,4.245902,0,0,0,0,0,0,1232097,0.00,0.00
Up,false,CommodityVolatility/COMDTY_WTI_USD/4/5Y/ATM,0.00109155,,0.00000000,EUR,EqCall_SP5_FD,2020-06-05,4.330601,0,0,0,0,0,0,1232097,0.00,0.00
Up,false,CommodityVolatility/COMDTY_WTI_USD/4/5Y/ATM,0.00109155,,0.00000000,EUR,EqCall_SP5_FD,2020-07-06,4.415301,0,0,0,0,0,0,1232097,0.00,0.00
Up,false,CommodityVolatility/COMDTY_WTI_USD/4/5Y/ATM,0.00109155,,0.00000000,EUR,EqCall_SP5_FD,2020-08-05,4.497268,0,0,0,0,0,0,1232097,0.00,0.00
Up,false,CommodityVolatility/COMDTY_WTI_USD/4/5Y/ATM,0.00109155,,0.00000000,EUR,EqCall_SP5_FD,2020-09-08,4.590164,0,0,0,0,0,0,1232097,0.00,0.00
Up,false,CommodityVolatility/COMDTY_WTI_USD/4/5Y/ATM,0.00109155,,0.00000000,EUR,EqCall_SP5_FD,2020-10-05,4.663934,0,0,0,0,0,0,1232097,0.00,0.00
Up,false,CommodityVolatility/COMDTY_WTI_USD/4/5Y/ATM,0.00109155,,0.00000000,EUR,EqCall_SP5_FD,2020-11-05,4.748634,0,0,0,0,0,0,1232097,0.00,0.00
Up,false,CommodityVolatility/COMDTY_WTI_USD/4/5Y/ATM,0.00109155,,0.00000000,EUR,EqCall_SP5_FD,2020-12-07,4.836066,0,0,0,0,0,0,1232097,0.00,0.00
Up,false,CommodityVolatility/COMDTY_WTI_USD/4/5Y/ATM,0.00109155,,0.00000000,EUR,EqCall_SP5_FD,2021-01-05,4.915330,0,0,0,0,0,0,1232097,0.00,0.00
Up,false,CommodityVolatility/COMDTY_WTI_USD/4/5Y/ATM,0.00109155,,0.00000000,EUR,EqCall_SP5_FD,2021-02-05,5.000262,0,0,0,0,0,0,1232097,0.00,0.00
Up,false,CommodityVolatility/COMDTY_WTI_USD/2/10Y/0,0.00102159,,0.00000000,EUR,EqCall_SP5_FD,2016-02-05,0.000000,1232097,0,0,0,1232097,1232097,1232097,1232097.13,1232097.13
Up,false,CommodityVolatility/COMDTY_WTI_USD/2/10Y/0,0.00102159,,0.00000000,EUR,EqCall_SP5_FD,2016-03-07,0.084699,1120696,0,0,0,1880075,1120530,1232097,1120529.84,1232097.13
Up,false,CommodityVolatility/COMDTY_WTI_USD/2/10Y/0,0.00102159,,0.00000000,EUR,EqCall_SP5_FD,2016-04-05,0.163934,1139851,0,0,0,2292771,1139466,1232097,1129682.31,1232097.13
Up,false,CommodityVolatility/COMDTY_WTI_USD/2/10Y/0,0.00102159,,0.00000000,EUR,EqCall_SP5_FD,2016-05-06,0.248634,1163447,0,0,0,2578284,1162775,1232097,1140955.59,1232097.13
Up,false,CommodityVolatility/COMDTY_WTI_USD/2/10Y/0,0.00102159,,0.00000000,EUR,EqCall_SP5_FD,2016-06-06,0.333333,1182508,0,0,0,2848832,1181539,1232097,1151267.84,1232097.13
Up,false,CommodityVolatility/COMDTY_WTI_USD/2/10Y/0,0.00102159,,0.00000000,EUR,EqCall_SP5_FD,2016-07-05,0.412568,1199137,0,0,0,3326332,1197808,1232097,1160205.93,1232097.13
Up,false,CommodityVolatility/COMDTY_WTI_USD/2/10Y/0,0.00102159,,0.00000000,EUR,EqCall_SP5_FD,2016-08-05,0.497268,1218325,0,0,0,3458227,1216744,1232097,1169836.00,1232097.13
Up,false,CommodityVolatility/COMDTY_WTI_USD/2/10Y/0,0.00102159,,0.00000000,EUR,EqCall_SP5_FD,2016-09-06,0.584699,1224004,0,0,0,3733297,1221994,1232097,1177635.25,1232097.13
Up,false,CommodityVolatility/COMDTY_WTI_USD/2/10Y/0,0.00102159,,0.00000000,EUR,EqCall_SP5_FD,2016-10-05,0.663934,1223682,0,0,0,4089610,1221361,1232097,1182853.58,1232097.13
Up,false,CommodityVolatility/COMDTY_WTI_USD/2/10Y/0,0.00102159,,0.00000000,EUR,EqCall_SP5_FD,2016-11-07,0.754098,1223811,0,0,0,4347264,1220966,1232097,1187410.56,1232097.13
Up,false,CommodityVolatility/COMDTY_WTI_USD/2/10Y/0,0.00102159,,0.00000000,EUR,EqCall_SP5_FD,2016-12-05,0.830601,1216014,0,0,0,4457868,1212842,1232097,1189752.97,1232097.13
Up,false,CommodityVolatility/COMDTY_WTI_USD/2/10Y/0,0.00102159,,0.00000000,EUR,EqCall_SP5_FD,2017-01-05,0.915330,1214552,0,0,0,4707145,1211025,1232097,1191722.05,1232097.13
Up,false,CommodityVolatility/COMDTY_WTI_USD/2/10Y/0,0.00102159,,0.00000000,EUR,EqCall_SP5_FD,2017-02-06,1.003002,1208010,0,0,0,5013258,1204170,1232097,1192810.09,1232097.13
Up,false,CommodityVolatility/COMDTY_WTI_USD/2/10Y/0,0.00102159,,0.00000000,EUR,EqCall_SP5_FD,2017-03-06,1.079714,1207816,0,0,0,5167145,1203606,1232097,1193577.11,1232097.13
Up,false,CommodityVolatility/COMDTY_WTI_USD/2/10Y/0,0.00102159,,0.00000000,EUR,EqCall_SP5_FD,2017-04-05,1.161906,1205757,0,0,0,5147550,1201146,1232097,1194112.50,1232097.13
Up,false,CommodityVolatility/COMDTY_WTI_USD/2/10Y/0,0.00102159,,0.00000000,EUR,EqCall_SP5_FD,2017-05-05,1.244098,1214901,0,0,0,5282207,1209844,1232097,1195151.82,1232097.13
Up,false,CommodityVolatility/COMDTY_WTI_USD/2/10Y/0,0.00102159,,0.00000000,EUR,EqCall_SP5_FD,2017-06-06,1.331769,1212411,0,0,0,5543893,1206992,1232097,1195931.28,1232097.13
Up,false,CommodityVolatility/COMDTY_WTI_USD/2/10Y/0,0.00102159,,0.00000000,EUR,EqCall_SP5_FD,2017-07-05,1.411221,1207235,0,0,0,5620019,1201512,1232097,1196245.48,1232097.13
Up,false,CommodityVolatility/COMDTY_WTI_USD/2/10Y/0,0.00102159,,0.00000000,EUR,EqCall_SP5_FD,2017-08-07,1.501632,1199877,0,0,0,5650516,1193819,1232097,1196099.40,1232097.13
Up,false,CommodityVolatility/COMDTY_WTI_USD/2/10Y/0,0.00102159,,0.00000000,EUR,EqCall_SP5_FD,2017-09-05,1.581084,1186732,0,0,0,5797558,1180404,1232097,1195310.70,1232097.13
Up,false,CommodityVolatility/COMDTY_WTI_USD/2/10Y/0,0.00102159,,0.00000000,EUR,EqCall_SP5_FD,2017-10-05,1.663276,1182226,0,0,0,5872425,1175576,1232097,1194335.51,1232097.13
Up,false,CommodityVolatility/COMDTY_WTI_USD/2/10Y/0,0.00102159,,0.00000000,EUR,EqCall_SP5_FD,2017-11-06,1.750947,1170469,0,0,0,6358729,1163519,1232097,1192792.51,1232097.13
Up,false,CommodityVolatility/COMDTY_WTI_USD/2/10Y/0,0.00102159,,0.00000000,EUR,EqCall_SP5_FD,2017-12-05,1.830399,1172465,0,0,0,6496636,1165113,1232097,1191591.01,1232097.13
Up,false,CommodityVolatility/COMDTY_WTI_USD/2/10Y/0,0.00102159,,0.00000000,EUR,EqCall_SP5_FD,2018-01-05,1.915330,1166957,0,0,0,6378884,1159215,1232097,1190155.38,1232097.13
Up,false,CommodityVolatility/COMDTY_WTI_USD/2/10Y/0,0.00102159,,0.00000000,EUR,EqCall_SP5_FD,2018-02-05,2.000262,0,0,0,0,0,0,1232097,1139621.15,1232097.13
Up,false,CommodityVolatility/COMDTY_WTI_USD/2/10Y/0,0.00102159,,0.00000000,EUR,EqCall_SP5_FD,2018-03-05,2.076974,0,0,0,0,0,0,1232097,0.00,0.00
Up,false,CommodityVolatility/COMDTY_WTI_USD/2/10Y/0,0.00102159,,0.00000000,EUR,EqCall_SP5_FD,2018-04-05,2.161906,0,0,0,0,0,0,1232097,0.00,0.00
Up,false,CommodityVolatility/COMDTY_WTI_USD/2/10Y/0,0.00102159,,0.00000000,EUR,EqCall_SP5_FD,2018-05-08,2.252317,0,0,0,0,0,0,1232097,0.00,0.00
Up,false,CommodityVolatility/COMDTY_WTI_USD/2/10Y/0,0.00102159,,0.00000000,EUR,EqCall_SP5_FD,2018-06-05,2.329029,0,0,0,0,0,0,1232097,0.00,0.00
Up,false,CommodityVolatility/COMDTY_WTI_USD/2/10Y/0,0.00102159,,0.00000000,EUR,EqCall_SP5_FD,2018-07-05,2.411221,0,0,0,0,0,0,1232097,0.00,0.00
Up,false,CommodityVolatility/COMDTY_WTI_USD/2/10Y/0,0.00102159,,0.00000000,EUR,EqCall_SP5_FD,2018-08-06,2.498892,0,0,0,0,0,0,1232097,0.00,0.00
Up,false,CommodityVolatility/COMDTY_WTI_USD/2/10Y/0,0.00102159,,0.00000000,EUR,EqCall_SP5_FD,2018-09-05,2.581084,0,0,0,0,0,0,1232097,0.00,0.00
Up,false,CommodityVolatility/COMDTY_WTI_USD/2/10Y/0,0.00102159,,0.00000000,EUR,EqCall_SP5_FD,2018-10-05,2.663276,0,0,0,0,0,0,1232097,0.00,0.00
Up,false,CommodityVolatility/COMDTY_WTI_USD/2/10Y/0,0.00102159,,0.00000000,EUR,EqCall_SP5_FD,2018-11-05,2.748207,0,0,0,0,0,0,1232097,0.00,0.00
Up,false,CommodityVolatility/COMDTY_WTI_USD/2/10Y/0,0.00102159,,0.00000000,EUR,EqCall_SP5_FD,2018-12-05,2.830399,0,0,0,0,0,0,1232097,0.00,0.00
Up,false,CommodityVolatility/COMDTY_WTI_USD/2/10Y/0,0.00102159,,0.00000000,EUR,EqCall_SP5_FD,2019-01-07,2.920810,0,0,0,0,0,0,1232097,0.00,0.00
Up,false,CommodityVolatility/COMDTY_WTI_USD/2/10Y/0,0.00102159,,0.00000000,EUR,EqCall_SP5_FD,2019-02-05,3.000262,0,0,0,0,0,0,1232097,0.00,0.00
Up,false,CommodityVolatility/COMDTY_WTI_USD/2/10Y/0,0.00102159,,0.00000000,EUR,EqCall_SP5_FD,2019-03-05,3.076974,0,0,0,0,0,0,1232097,0.00,0.00
Up,false,CommodityVolatility/COMDTY_WTI_USD/2/10Y/0,0.00102159,,0.00000000,EUR,EqCall_SP5_FD,2019-04-05,3.161906,0,0,0,0,0,0,1232097,0.00,0.00
Up,false,CommodityVolatility/COMDTY_WTI_USD/2/10Y/0,0.00102159,,0.00000000,EUR,EqCall_SP5_FD,2019-05-07,3.249577,0,0,0,0,0,0,1232097,0.00,0.00
Up,false,CommodityVolatility/COMDTY_WTI_USD/2/10Y/0,0.00102159,,0.00000000,EUR,EqCall_SP5_FD,2019-06-05,3.329029,0,0,0,0,0,0,1232097,0.00,0.00
Up,false,CommodityVolatility/COMDTY_WTI_USD/2/10Y/0,0.00102159,,0.00000000,EUR,EqCall_SP5_FD,2019-07-05,3.411221,0,0,0,0,0,0,1232097,0.00,0.00
Up,false,CommodityVolatility/COMDTY_WTI_USD/2/10Y/0,0.00102159,,0.00000000,EUR,EqCall_SP5_FD,2019-08-05,3.496152,0,0,0,0,0,0,1232097,0.00,0.00
Up,false,CommodityVolatility/COMDTY_WTI_USD/2/10Y/0,0.00102159,,0.00000000,EUR,EqCall_SP5_FD,2019-09-05,3.581084,0,0,0,0,0,0,1232097,0.00,0.00
Up,false,CommodityVolatility/COMDTY_WTI_USD/2/10Y/0,0.00102159,,0.00000000,EUR,EqCall_SP5_FD,2019-10-07,3.668755,0,0,0,0,0,0,1232097,0.00,0.00
Up,false,CommodityVolatility/COMDTY_WTI_USD/2/10Y/0,0.00102159,,0.00000000,EUR,EqCall_SP5_FD,2019-11-05,3.748207,0,0,0,0,0,0,1232097,0.00,0.00
Up,false,CommodityVolatility/COMDTY_WTI_USD/2/10Y/0,0.00102159,,0.00000000,EUR,EqCall_SP5_FD,2019-12-05,3.830399,0,0,0,0,0,0,1232097,0.00,0.00
Up,false,CommodityVolatility/COMDTY_WTI_USD/2/10Y/0,0.00102159,,0.00000000,EUR,EqCall_SP5_FD,2020-01-06,3.918033,0,0,0,0,0,0,1232097,0.00,0.00
Up,false,CommodityVolatility/COMDTY_WTI_USD/2/10Y/0,0.00102159,,0.00000000,EUR,EqCall_SP5_FD,2020-02-05,4.000000,0,0,0,0,0,0,1232097,0.00,0.00
Up,false,CommodityVolatility/COMDTY_WTI_USD/2/10Y/0,0.00102159,,0.00000000,EUR,EqCall_SP5_FD,2020-03-05,4.079235,0,0,0,0,0,0,1232097,0.00,0.00
Up,false,CommodityVolatility/COMDTY_WTI_USD/2/10Y/0,0.00102159,,0.00000000,EUR,EqCall_SP5_FD,2020-04-06,4.166667,0,0,0,0,0,0,1232097,0.00,0.00
Up,false,CommodityVolatility/COMDTY_WTI_USD/2/10Y/0,0.00102159,,0.00000000,EUR,EqCall_SP5_FD,2020-05-05,4.245902,0,0,0,0,0,0,1232097,0.00,0.00
Up,false,CommodityVolatility/COMDTY_WTI_USD/2/10Y/0,0.00102159,,0.00000000,EUR,EqCall_SP5_FD,2020-06-05,4.330601,0,0,0,0,0,0,1232097,0.00,0.00
Up,false,CommodityVolatility/COMDTY_WTI_USD/2/10Y/0,0.00102159,,0.00000000,EUR,EqCall_SP5_FD,2020-07-06,4.415301,0,0,0,0,0,0,1232097,0.00,0.00
Up,false,CommodityVolatility/COMDTY_WTI_USD/2/10Y/0,0.00102159,,0.00000000,EUR,EqCall_SP5_FD,2020-08-05,4.497268,0,0,0,0,0,0,1232097,0.00,0.00
Up,false,CommodityVolatility/COMDTY_WTI_USD/2/10Y/0,0.00102159,,0.00000000,EUR,EqCall_SP5_FD,2020-09-08,4.590164,0,0,0,0,0,0,1232097,0.00,0.00
Up,false,CommodityVolatility/COMDTY_WTI_USD/2/10Y/0,0.00102159,,0.00000000,EUR,EqCall_SP5_FD,2020-10-05,4.663934,0,0,0,0,0,0,1232097,0.00,0.00
Up,false,CommodityVolatility/COMDTY_WTI_USD/2/10Y/0,0.00102159,,0.00000000,EUR,EqCall_SP5_FD,2020-11-05,4.748634,0,0,0,0,0,0,1232097,0.00,0.00
Up,false,CommodityVolatility/COMDTY_WTI_USD/2/10Y/0,0.00102159,,0.00000000,EUR,EqCall_SP5_FD,2020-12-07,4.836066,0,0,0,0,0,0,1232097,0.00,0.00
Up,false,CommodityVolatility/COMDTY_WTI_USD/2/10Y/0,0.00102159,,0.00000000,EUR,EqCall_SP5_FD,2021-01-05,4.915330,0,0,0,0,0,0,1232097,0.00,0.00
Up,false,CommodityVolatility/COMDTY_WTI_USD/2/10Y/0,0.00102159,,0.00000000,EUR,EqCall_SP5_FD,2021-02-05,5.000262,0,0,0,0,0,0,1232097,0.00,0.00
Up,false,CommodityVolatility/COMDTY_WTI_USD/5/10Y/ATM,0.00102159,,0.00000000,EUR,EqCall_SP5_FD,2016-02-05,0.000000,1232097,0,0,0,1232097,1232097,1232097,1232097.13,1232097.13
Up,false,CommodityVolatility/COMDTY_WTI_USD/5/10Y/ATM,0.00102159,,0.00000000,EUR,EqCall_SP5_FD,2016-03-07,0.084699,1120696,0,0,0,1880075,1120530,1232097,1120529.84,1232097.13
Up,false,CommodityVolatility/COMDTY_WTI_USD/5/10Y/ATM,0.00102159,,0.00000000,EUR,EqCall_SP5_FD,2016-04-05,0.163934,1139851,0,0,0,2292771,1139466,1232097,1129682.31,1232097.13
Up,false,CommodityVolatility/COMDTY_WTI_USD/5/10Y/ATM,0.00102159,,0.00000000,EUR,EqCall_SP5_FD,2016-05-06,0.248634,1163447,0,0,0,2578284,1162775,1232097,1140955.59,1232097.13
Up,false,CommodityVolatility/COMDTY_WTI_USD/5/10Y/ATM,0.00102159,,0.00000000,EUR,EqCall_SP5_FD,2016-06-06,0.333333,1182508,0,0,0,2848832,1181539,1232097,1151267.84,1232097.13
Up,false,CommodityVolatility/COMDTY_WTI_USD/5/10Y/ATM,0.00102159,,0.00000000,EUR,EqCall_SP5_FD,2016-07-05,0.412568,1199137,0,0,0,3326332,1197808,1232097,1160205.93,1232097.13
Up,false,CommodityVolatility/COMDTY_WTI_USD/5/10Y/ATM,0.00102159,,0.00000000,EUR,EqCall_SP5_FD,2016-08-05,0.497268,1218325,0,0,0,3458227,1216744,1232097,1169836.00,1232097.13
Up,false,CommodityVolatility/COMDTY_WTI_USD/5/10Y/ATM,0.00102159,,0.00000000,EUR,EqCall_SP5_FD,2016-09-06,0.584699,1224004,0,0,0,3733297,1221994,1232097,1177635.25,1232097.13
Up,false,CommodityVolatility/COMDTY_WTI_USD/5/10Y/ATM,0.00102159,,0.00000000,EUR,EqCall_SP5_FD,2016-10-05,0.663934,1223682,0,0,0,4089610,1221361,1232097,1182853.58,1232097.13
Up,false,CommodityVolatility/COMDTY_WTI_USD/5/10Y/ATM,0.00102159,,0.00000000,EUR,EqCall_SP5_FD,2016-11-07,0.754098,1223811,0,0,0,4347264,1220966,1232097,1187410.56,1232097.13
Up,false,CommodityVolatility/COMDTY_WTI_USD/5/10Y/ATM,0.00102159,,0.00000000,EUR,EqCall_SP5_FD,2016-12-05,0.830601,1216014,0,0,0,4457868,1212842,1232097,1189752.97,1232097.13
Up,false,CommodityVolatility/COMDTY_WTI_USD/5/10Y/ATM,0.00102159,,0.00000000,EUR,EqCall_SP5_FD,2017-01-05,0.915330,1214552,0,0,0,4707145,1211025,1232097,1191722.05,1232097.13
Up,false,CommodityVolatility/COMDTY_WTI_USD/5/10Y/ATM,0.00102159,,0.00000000,EUR,EqCall_SP5_FD,2017-02-06,1.003002,1208010,0,0,0,5013258,1204170,1232097,1192810.09,1232097.13
Up,false,CommodityVolatility/COMDTY_WTI_USD/5/10Y/ATM,0.00102159,,0.00000000,EUR,EqCall_SP5_FD,2017-03-06,1.079714,1207816,0,0,0,5167145,1203606,1232097,1193577.11,1232097.13
Up,false,CommodityVolatility/COMDTY_WTI_USD/5/10Y/ATM,0.00102159,,0.00000000,EUR,EqCall_SP5_FD,2017-04-05,1.161906,1205757,0,0,0,5147550,1201146,1232097,1194112.50,1232097.13
Up,false,CommodityVolatility/COMDTY_WTI_USD/5/10Y/ATM,0.00102159,,0.00000000,EUR,EqCall_SP5_FD,2017-05-05,1.244098,1214901,0,0,0,5282207,1209844,1232097,1195151.82,1232097.13
Up,false,CommodityVolatility/COMDTY_WTI_USD/5/10Y/ATM,0.00102159,,0.00000000,EUR,EqCall_SP5_FD,2017-06-06,1.331769,1212411,0,0,0,5543893,1206992,1232097,1195931.28,1232097.13
Up,false,CommodityVolatility/COMDTY_WTI_USD/5/10Y/ATM,0.00102159,,0.00000000,EUR,EqCall_SP5_FD,2017-07-05,1.411221,1207235,0,0,0,5620019,1201512,1232097,1196245.48,1232097.13
Up,false,CommodityVolatility/COMDTY_WTI_USD/5/10Y/ATM,0.00102159,,0.00000000,EUR,EqCall_SP5_FD,2017-08-07,1.501632,1199877,0,0,0,5650516,1193819,1232097,1196099.40,1232097.13
Up,false,CommodityVolatility/COMDTY_WTI_USD/5/10Y/ATM,0.00102159,,0.00000000,EUR,EqCall_SP5_FD,2017-09-05,1.581084,1186732,0,0,0,5797558,1180404,1232097,1195310.70,1232097.13
Up,false,CommodityVolatility/COMDTY_WTI_USD/5/10Y/ATM,0.00102159,,0.00000000,EUR,EqCall_SP5_FD,2017-10-05,1.663276,1182226,0,0,0,5872425,1175576,1232097,1194335.51,1232097.13
Up,false,CommodityVolatility/COMDTY_WTI_USD/5/10Y/ATM,0.00102159,,0.00000000,EUR,EqCall_SP5_FD,2017-11-06,1.750947,1170469,0,0,0,6358729,1163519,1232097,1192792.51,1232097.13
Up,false,CommodityVolatility/COMDTY_WTI_USD/5/10Y/ATM,0.00102159,,0.00000000,EUR,EqCall_SP5_FD,2017-12-05,1.830399,1172465,0,0,0,6496636,1165113,1232097,1191591.01,1232097.13
Up,false,CommodityVolatility/COMDTY_WTI_USD/5/10Y/ATM,0.00102159,,0.00000000,EUR,EqCall_SP5_FD,2018-01-05,1.915330,1166957,0,0,0,6378884,1159215,1232097,1190155.38,1232097.13
Up,false,CommodityVolatility/COMDTY_WTI_USD/5/10Y/ATM,0.00102159,,0.00000000,EUR,EqCall_SP5_FD,2018-02-05,2.000262,0,0,0,0,0,0,1232097,1139621.15,1232097.13
Up,false,CommodityVolatility/COMDTY_WTI_USD/5/10Y/ATM,0.00102159,,0.00000000,EUR,EqCall_SP5_FD,2018-03-05,2.076974,0,0,0,0,0,0,1232097,0.00,0.00
Up,false,CommodityVolatility/COMDTY_WTI_USD/5/10Y/ATM,0.00102159,,0.00000000,EUR,EqCall_SP5_FD,2018-04-05,2.161906,0,0,0,0,0,0,1232097,0.00,0.00
Up,false,CommodityVolatility/COMDTY_WTI_USD/5/10Y/ATM,0.00102159,,0.00000000,EUR,EqCall_SP5_FD,2018-05-08,2.252317,0,0,0,0,0,0,1232097,0.00,0.00
Up,false,CommodityVolatility/COMDTY_WTI_USD/5/10Y/ATM,0.00102159,,0.00000000,EUR,EqCall_SP5_FD,2018-06-05,2.329029,0,0,0,0,0,0,1232097,0.00,0.00
Up,false,CommodityVolatility/COMDTY_WTI_USD/5/10Y/ATM,0.00102159,,0.00000000,EUR,EqCall_SP5_FD,2018-07-05,2.411221,0,0,0,0,0,0,1232097,0.00,0.00
Up,false,CommodityVolatility/COMDTY_WTI_USD/5/10Y/ATM,0.00102159,,0.00000000,EUR,EqCall_SP5_FD,2018-08-06,2.498892,0,0,0,0,0,0,1232097,0.00,0.00
Up,false,CommodityVolatility/COMDTY_WTI_USD/5/10Y/ATM,0.00102159,,0.00000000,EUR,EqCall_SP5_FD,2018-09-05,2.581084,0,0,0,0,0,0,1232097,0.00,0.00
Up,false,CommodityVolatility/COMDTY_WTI_USD/5/10Y/ATM,0.00102159,,0.00000000,EUR,EqCall_SP5_FD,2018-10-05,2.663276,0,0,0,0,0,0,1232097,0.00,0.00
Up,false,CommodityVolatility/COMDTY_WTI_USD/5/10Y/ATM,0.00102159,,0.00000000,EUR,EqCall_SP5_FD,2018-11-05,2.748207,0,0,0,0,0,0,1232097,0.00,0.00
Up,false,CommodityVolatility/COMDTY_WTI_USD/5/10Y/ATM,0.00102159,,0.00000000,EUR,EqCall_SP5_FD,2018-12-05,2.830399,0,0,0,0,0,0,1232097,0.00,0.00
Up,false,CommodityVolatility/COMDTY_WTI_USD/5/10Y/ATM,0.00102159,,0.00000000,EUR,EqCall_SP5_FD,2019-01-07,2.920810,0,0,0,0,0,0,1232097,0.00,0.00
Up,false,CommodityVolatility/COMDTY_WTI_USD/5/10Y/ATM,0.00102159,,0.00000000,EUR,EqCall_SP5_FD,2019-02-05,3.000262,0,0,0,0,0,0,1232097,0.00,0.00
Up,false,CommodityVolatility/COMDTY_WTI_USD/5/10Y/ATM,0.00102159,,0.00000000,EUR,EqCall_SP5_FD,2019-03-05,3.076974,0,0,0,0,0,0,1232097,0.00,0.00
Up,false,CommodityVolatility/COMDTY_WTI_USD/5/10Y/ATM,0.00102159,,0.00000000,EUR,EqCall_SP5_FD,2019-04-05,3.161906,0,0,0,0,0,0,1232097,0.00,0.00
Up,false,CommodityVolatility/COMDTY_WTI_USD/5/10Y/ATM,0.00102159,,0.00000000,EUR,EqCall_SP5_FD,2019-05-07,3.249577,0,0,0,0,0,0,1232097,0.00,0.00
Up,false,CommodityVolatility/COMDTY_WTI_USD/5/10Y/ATM,0.00102159,,0.00000000,EUR,EqCall_SP5_FD,2019-06-05,3.329029,0,0,0,0,0,0,1232097,0.00,0.00
Up,false,CommodityVolatility/COMDTY_WTI_USD/5/10Y/ATM,0.00102159,,0.00000000,EUR,EqCall_SP5_FD,2019-07-05,3.411221,0,0,0,0,0,0,1232097,0.00,0.00
Up,false,CommodityVolatility/COMDTY_WTI_USD/5/10Y/ATM,0.00102159,,0.00000000,EUR,EqCall_SP5_FD,2019-08-05,3.496152,0,0,0,0,0,0,1232097,0.00,0.00
Up,false,CommodityVolatility/COMDTY_WTI_USD/5/10Y/ATM,0.00102159,,0.00000000,EUR,EqCall_SP5_FD,2019-09-05,3.581084,0,0,0,0,0,0,1232097,0.00,0.00
Up,false,CommodityVolatility/COMDTY_WTI_USD/5/10Y/ATM,0.00102159,,0.00000000,EUR,EqCall_SP5_FD,2019-10-07,3.668755,0,0,0,0,0,0,1232097,0.00,0.00
Up,false,CommodityVolatility/COMDTY_WTI_USD/5/10Y/ATM,0.00102159,,0.00000000,EUR,EqCall_SP5_FD,2019-11-05,3.748207,0,0,0,0,0,0,1232097,0.00,0.00
Up,false,CommodityVolatility/COMDTY_WTI_USD/5/10Y/ATM,0.00102159,,0.00000000,EUR,EqCall_SP5_FD,2019-12-05,3.830399,0,0,0,0,0,0,1232097,0.00,0.00
Up,false,CommodityVolatility/COMDTY_WTI_USD/5/10Y/ATM,0.00102159,,0.00000000,EUR,EqCall_SP5_FD,2020-01-06,3.918033,0,0,0,0,0,0,1232097,0.00,0.00
Up,false,CommodityVolatility/COMDTY_WTI_USD/5/10Y/ATM,0.00102159,,0.00000000,EUR,EqCall_SP5_FD,2020-02-05,4.000000,0,0,0,0,0,0,1232097,0.00,0.00
Up,false,CommodityVolatility/COMDTY_WTI_USD/5/10Y/ATM,0.00102159,,0.00000000,EUR,EqCall_SP5_FD,2020-03-05,4.079235,0,0,0,0,0,0,1232097,0.00,0.00
Up,false,CommodityVolatility/COMDTY_WTI_USD/5/10Y/ATM,0.00102159,,0.00000000,EUR,EqCall_SP5_FD,2020-04-06,4.166667,0,0,0,0,0,0,1232097,0.00,0.00
Up,false,CommodityVolatility/COMDTY_WTI_USD/5/10Y/ATM,0.00102159,,0.00000000,EUR,EqCall_SP5_FD,2020-05-05,4.245902,0,0,0,0,0,0,1232097,0.00,0.00
Up,false,CommodityVolatility/COMDTY_WTI_USD/5/10Y/ATM,0.00102159,,0.00000000,EUR,EqCall_SP5_FD,2020-06-05,4.330601,0,0,0,0,0,0,1232097,0.00,0.00
Up,false,CommodityVolatility/COMDTY_WTI_USD/5/10Y/ATM,0.00102159,,0.00000000,EUR,EqCall_SP5_FD,2020-07-06,4.415301,0,0,0,0,0,0,1232097,0.00,0.00
Up,false,CommodityVolatility/COMDTY_WTI_USD/5/10Y/ATM,0.00102159,,0.00000000,EUR,EqCall_SP5_FD,2020-08-05,4.497268,0,0,0,0,0,0,1232097,0.00,0.00
Up,false,CommodityVolatility/COMDTY_WTI_USD/5/10Y/ATM,0.00102159,,0.00000000,EUR,EqCall_SP5_FD,2020-09-08,4.590164,0,0,0,0,0,0,1232097,0.00,0.00
Up,false,CommodityVolatility/COMDTY_WTI_USD/5/10Y/ATM,0.00102159,,0.00000000,EUR,EqCall_SP5_FD,2020-10-05,4.663934,0,0,0,0,0,0,1232097,0.00,0.00
Up,false,CommodityVolatility/COMDTY_WTI_USD/5/10Y/ATM,0.00102159,,0.00000000,EUR,EqCall_SP5_FD,2020-11-05,4.748634,0,0,0,0,0,0,1232097,0.00,0.00
Up,false,CommodityVolatility/COMDTY_WTI_USD/5/10Y/ATM,0.00102159,,0.00000000,EUR,EqCall_SP5_FD,2020-12-07,4.836066,0,0,0,0,0,0,1232097,0.00,0.00
Up,false,CommodityVolatility/COMDTY_WTI_USD/5/10Y/ATM,0.00102159,,0.00000000,EUR,EqCall_SP5_FD,2021-01-05,4.915330,0,0,0,0,0,0,1232097,0.00,0.00
Up,false,CommodityVolatility/COMDTY_WTI_USD/5/10Y/ATM,0.00102159,,0.00000000,EUR,EqCall_SP5_FD,2021-02-05,5.000262,0,0,0,0,0,0,1232097,0.00,0.00
