#Type,IsPar,Factor_1,ShiftSize_1,Factor_2,ShiftSize_2,Currency,NettingSet,Date,Time,EPE,ENE,PFE,ExpectedCollateral,BaselEE,BaselEEE,TimeWeightedBaselEPE,TimeWeightedBaselEEPE
Base,false,,0.00000000,,0.00000000,EUR,CPTY_A,2016-02-05,0.000000,1226012.00,0.00,1226011.95,1226011.95,1226011.95,1226011.95,1226011.95,1226011.95
Base,false,,0.00000000,,0.00000000,EUR,CPTY_A,2016-03-07,0.084699,1112851.13,0.00,1871716.49,0.00,1112685.94,1226011.95,1112685.94,1226011.95
Base,false,,0.00000000,,0.00000000,EUR,CPTY_A,2016-04-05,0.163934,1130775.25,0.00,2292545.37,0.00,1130393.62,1226011.95,1121244.65,1226011.95
Base,false,,0.00000000,,0.00000000,EUR,CPTY_A,2016-05-06,0.248634,1153555.25,0.00,2572454.44,0.00,1152889.04,1226011.95,1132024.61,1226011.95
Base,false,,0.00000000,,0.00000000,EUR,CPTY_A,2016-06-06,0.333333,1172129.00,0.00,2829361.15,0.00,1171168.73,1226011.95,1141971.07,1226011.95
Base,false,,0.00000000,,0.00000000,EUR,CPTY_A,2016-07-05,0.412568,1188483.63,0.00,3299741.43,0.00,1187166.42,1226011.95,1150650.97,1226011.95
Base,false,,0.00000000,,0.00000000,EUR,CPTY_A,2016-08-05,0.497268,1205858.13,22.55,3445926.74,0.00,1204293.15,1226011.95,1159787.82,1226011.95
Base,false,,0.00000000,,0.00000000,EUR,CPTY_A,2016-09-06,0.584699,1210368.75,129.73,3708163.53,0.00,1208381.06,1226011.95,1167054.10,1226011.95
Base,false,,0.00000000,,0.00000000,EUR,CPTY_A,2016-10-05,0.663934,1209601.00,271.15,4053905.44,0.00,1207306.99,1226011.95,1171857.95,1226011.95
Base,false,,0.00000000,,0.00000000,EUR,CPTY_A,2016-11-07,0.754098,1209967.63,636.88,4345617.36,0.00,1207155.23,1226011.95,1176078.27,1226011.95
Base,false,,0.00000000,,0.00000000,EUR,CPTY_A,2016-12-05,0.830601,1202738.50,828.41,4433517.08,0.00,1199601.17,1226011.95,1178244.86,1226011.95
Base,false,,0.00000000,,0.00000000,EUR,CPTY_A,2017-01-05,0.915330,1202141.88,1279.19,4704608.99,0.00,1198650.89,1226011.95,1180133.78,1226011.95
Base,false,,0.00000000,,0.00000000,EUR,CPTY_A,2017-02-06,1.003002,1195818.00,2128.81,5026819.54,0.00,1192016.80,1226011.95,1181172.46,1226011.95
Base,false,,0.00000000,,0.00000000,EUR,CPTY_A,2017-03-06,1.079714,1195788.25,2641.53,5145721.43,0.00,1191619.87,1226011.95,1181914.74,1226011.95
Base,false,,0.00000000,,0.00000000,EUR,CPTY_A,2017-04-05,1.161906,1194183.38,3410.39,5092860.38,0.00,1189616.61,1226011.95,1182459.56,1226011.95
Base,false,,0.00000000,,0.00000000,EUR,CPTY_A,2017-05-05,1.244098,1203877.88,4076.34,5288264.29,0.00,1198866.96,1226011.95,1183543.52,1226011.95
Base,false,,0.00000000,,0.00000000,EUR,CPTY_A,2017-06-06,1.331769,1202440.00,5009.68,5530528.12,0.00,1197066.00,1226011.95,1184433.71,1226011.95
Base,false,,0.00000000,,0.00000000,EUR,CPTY_A,2017-07-05,1.411221,1198344.38,5931.79,5578279.76,0.00,1192663.81,1226011.95,1184897.07,1226011.95
Base,false,,0.00000000,,0.00000000,EUR,CPTY_A,2017-08-07,1.501632,1191854.13,7009.82,5646475.77,0.00,1185836.59,1226011.95,1184953.64,1226011.95
Base,false,,0.00000000,,0.00000000,EUR,CPTY_A,2017-09-05,1.581084,1179598.50,7859.01,5748554.29,0.00,1173309.51,1226011.95,1184368.50,1226011.95
Base,false,,0.00000000,,0.00000000,EUR,CPTY_A,2017-10-05,1.663276,1176647.63,9253.22,5861878.22,0.00,1170029.31,1226011.95,1183659.92,1226011.95
Base,false,,0.00000000,,0.00000000,EUR,CPTY_A,2017-11-06,1.750947,1166220.75,10234.17,6344539.00,0.00,1159296.47,1226011.95,1182440.03,1226011.95
Base,false,,0.00000000,,0.00000000,EUR,CPTY_A,2017-12-05,1.830399,1169850.38,11387.75,6418042.77,0.00,1162514.21,1226011.95,1181575.11,1226011.95
Base,false,,0.00000000,,0.00000000,EUR,CPTY_A,2018-01-05,1.915330,1166725.50,13184.54,6371000.12,0.00,1158985.59,1226011.95,1180573.42,1226011.95
Base,false,,0.00000000,,0.00000000,EUR,CPTY_A,2018-02-05,2.000262,12060.75,25839.26,64873.74,0.00,11976.36,1226011.95,1130954.56,1226011.95
Base,false,,0.00000000,,0.00000000,EUR,CPTY_A,2018-03-05,2.076974,12669.95,26813.63,67194.12,0.00,12578.73,1226011.95,1089647.74,1226011.95
Base,false,,0.00000000,,0.00000000,EUR,CPTY_A,2018-04-05,2.161906,13374.52,27370.48,71151.20,0.00,13275.55,1226011.95,1047361.94,1226011.95
Base,false,,0.00000000,,0.00000000,EUR,CPTY_A,2018-05-08,2.252317,14114.97,27961.71,73627.02,0.00,14007.49,1226011.95,1005881.74,1226011.95
Base,false,,0.00000000,,0.00000000,EUR,CPTY_A,2018-06-05,2.329029,15181.63,28618.62,77445.62,0.00,15063.27,1226011.95,973246.68,1226011.95
Base,false,,0.00000000,,0.00000000,EUR,CPTY_A,2018-07-05,2.411221,16127.09,29181.84,77275.24,0.00,15998.21,1226011.95,940616.76,1226011.95
Base,false,,0.00000000,,0.00000000,EUR,CPTY_A,2018-08-06,2.498892,16792.30,30221.56,82748.83,0.00,16654.62,1226011.95,908200.43,1226011.95
Base,false,,0.00000000,,0.00000000,EUR,CPTY_A,2018-09-05,2.581084,17139.38,30661.83,87310.31,0.00,16995.52,1226011.95,879820.99,1226011.95
Base,false,,0.00000000,,0.00000000,EUR,CPTY_A,2018-10-05,2.663276,18035.49,31178.72,88196.27,0.00,17880.61,1226011.95,853220.51,1226011.95
Base,false,,0.00000000,,0.00000000,EUR,CPTY_A,2018-11-05,2.748207,19179.46,31554.72,94002.88,0.00,19010.89,1226011.95,827439.82,1226011.95
Base,false,,0.00000000,,0.00000000,EUR,CPTY_A,2018-12-05,2.830399,20550.96,31792.30,92764.78,0.00,20366.34,1226011.95,804003.26,1226011.95
Base,false,,0.00000000,,0.00000000,EUR,CPTY_A,2019-01-07,2.920810,21713.69,31717.12,99115.73,0.00,21513.98,1226011.95,779782.03,1226011.95
Base,false,,0.00000000,,0.00000000,EUR,CPTY_A,2019-02-05,3.000262,22279.39,32477.08,100848.58,0.00,22070.29,1226011.95,759716.53,1226011.95
Base,false,,0.00000000,,0.00000000,EUR,CPTY_A,2019-03-05,3.076974,22964.69,33144.20,105660.03,0.00,22747.37,1226011.95,741343.09,1226011.95
Base,false,,0.00000000,,0.00000000,EUR,CPTY_A,2019-04-05,3.161906,23530.07,33813.75,102666.63,0.00,23306.11,1226011.95,722056.00,1226011.95
Base,false,,0.00000000,,0.00000000,EUR,CPTY_A,2019-05-07,3.249577,24664.65,34472.23,122883.55,0.00,24428.49,1226011.95,703234.51,1226011.95
Base,false,,0.00000000,,0.00000000,EUR,CPTY_A,2019-06-05,3.329029,25497.96,34931.40,118077.75,0.00,25252.51,1226011.95,687053.50,1226011.95
Base,false,,0.00000000,,0.00000000,EUR,CPTY_A,2019-07-05,3.411221,26350.63,35059.02,137789.92,0.00,26095.57,1226011.95,671128.03,1226011.95
Base,false,,0.00000000,,0.00000000,EUR,CPTY_A,2019-08-05,3.496152,27202.74,36219.28,145164.95,0.00,26937.94,1226011.95,655478.81,1226011.95
Base,false,,0.00000000,,0.00000000,EUR,CPTY_A,2019-09-05,3.581084,27974.88,36994.43,136863.97,0.00,27701.03,1226011.95,640589.99,1226011.95
Base,false,,0.00000000,,0.00000000,EUR,CPTY_A,2019-10-07,3.668755,29526.42,37943.69,150780.70,0.00,29235.71,1226011.95,625980.63,1226011.95
Base,false,,0.00000000,,0.00000000,EUR,CPTY_A,2019-11-05,3.748207,30219.92,38092.13,149377.86,0.00,29920.82,1226011.95,613345.74,1226011.95
Base,false,,0.00000000,,0.00000000,EUR,CPTY_A,2019-12-05,3.830399,31307.45,38044.02,145241.30,0.00,30995.93,1226011.95,600849.82,1226011.95
Base,false,,0.00000000,,0.00000000,EUR,CPTY_A,2020-01-06,3.918033,32098.11,37725.19,155970.91,0.00,31776.90,1226011.95,588121.49,1226011.95
Base,false,,0.00000000,,0.00000000,EUR,CPTY_A,2020-02-05,4.000000,32144.36,38243.57,152112.11,0.00,31820.98,1226011.95,576721.89,1226011.95
Base,false,,0.00000000,,0.00000000,EUR,CPTY_A,2020-03-05,4.079235,32376.58,37544.97,157987.92,0.00,32053.01,1226011.95,566142.25,1226011.95
Base,false,,0.00000000,,0.00000000,EUR,CPTY_A,2020-04-06,4.166667,33387.39,37408.92,161536.05,0.00,33057.30,1226011.95,554956.20,1226011.95
Base,false,,0.00000000,,0.00000000,EUR,CPTY_A,2020-05-05,4.245902,34660.51,37164.63,162748.19,0.00,34321.20,1226011.95,545240.36,1226011.95
Base,false,,0.00000000,,0.00000000,EUR,CPTY_A,2020-06-05,4.330601,35931.65,36453.91,159804.86,0.00,35583.62,1226011.95,535272.31,1226011.95
Base,false,,0.00000000,,0.00000000,EUR,CPTY_A,2020-07-06,4.415301,37240.46,35863.05,168835.58,0.00,36883.63,1226011.95,525711.64,1226011.95
Base,false,,0.00000000,,0.00000000,EUR,CPTY_A,2020-08-05,4.497268,37586.95,36210.58,169731.84,0.00,37230.57,1226011.95,516808.58,1226011.95
Base,false,,0.00000000,,0.00000000,EUR,CPTY_A,2020-09-08,4.590164,37418.59,35477.42,157787.78,0.00,37068.06,1226011.95,507099.55,1226011.95
Base,false,,0.00000000,,0.00000000,EUR,CPTY_A,2020-10-05,4.663934,37887.84,34994.93,162260.86,0.00,37536.35,1226011.95,499672.36,1226011.95
Base,false,,0.00000000,,0.00000000,EUR,CPTY_A,2020-11-05,4.748634,38360.71,33999.32,170939.17,0.00,38008.82,1226011.95,491437.86,1226011.95
Base,false,,0.00000000,,0.00000000,EUR,CPTY_A,2020-12-07,4.836066,39715.58,33087.16,175784.92,0.00,39355.52,1226011.95,483264.62,1226011.95
Base,false,,0.00000000,,0.00000000,EUR,CPTY_A,2021-01-05,4.915330,40968.26,32246.60,169955.16,0.00,40600.82,1226011.95,476126.19,1226011.95
Base,false,,0.00000000,,0.00000000,EUR,CPTY_A,2021-02-05,5.000262,0.00,0.00,0.00,0.00,0.00,1226011.95,468039.00,1226011.95
Up,false,DiscountCurve/EUR/0/1Y,0.00010000,,0.00000000,EUR,CPTY_A,2016-02-05,0.000000,1226010.75,0.00,1226010.71,1226010.71,1226010.71,1226010.71,1226010.71,1226010.71
Up,false,DiscountCurve/EUR/0/1Y,0.00010000,,0.00000000,EUR,CPTY_A,2016-03-07,0.084699,1112886.75,0.00,1871847.50,0.00,1112730.95,1226010.71,1112730.95,1226010.71
Up,false,DiscountCurve/EUR/0/1Y,0.00010000,,0.00000000,EUR,CPTY_A,2016-04-05,0.163934,1130812.50,0.00,2292728.12,0.00,1130449.48,1226010.71,1121294.91,1226010.71
Up,false,DiscountCurve/EUR/0/1Y,0.00010000,,0.00000000,EUR,CPTY_A,2016-05-06,0.248634,1153595.25,0.00,2572690.71,0.00,1152957.84,1226010.71,1132081.18,1226010.71
Up,false,DiscountCurve/EUR/0/1Y,0.00010000,,0.00000000,EUR,CPTY_A,2016-06-06,0.333333,1172173.38,0.00,2829627.16,0.00,1171252.11,1226010.71,1142034.45,1226010.71
Up,false,DiscountCurve/EUR/0/1Y,0.00010000,,0.00000000,EUR,CPTY_A,2016-07-05,0.412568,1188532.00,0.00,3300038.44,0.00,1187263.95,1226010.71,1150720.91,1226010.71
Up,false,DiscountCurve/EUR/0/1Y,0.00010000,,0.00000000,EUR,CPTY_A,2016-08-05,0.497268,1205912.00,22.59,3446283.50,0.00,1204407.02,1226010.71,1159865.25,1226010.71
Up,false,DiscountCurve/EUR/0/1Y,0.00010000,,0.00000000,EUR,CPTY_A,2016-09-06,0.584699,1210425.13,129.81,3708531.03,0.00,1208508.14,1226010.71,1167138.95,1226010.71
Up,false,DiscountCurve/EUR/0/1Y,0.00010000,,0.00000000,EUR,CPTY_A,2016-10-05,0.663934,1209659.50,271.29,4054317.70,0.00,1207445.75,1226010.71,1171949.23,1226010.71
Up,false,DiscountCurve/EUR/0/1Y,0.00010000,,0.00000000,EUR,CPTY_A,2016-11-07,0.754098,1210028.63,637.14,4346080.36,0.00,1207307.32,1226010.71,1176176.83,1226010.71
Up,false,DiscountCurve/EUR/0/1Y,0.00010000,,0.00000000,EUR,CPTY_A,2016-12-05,0.830601,1202800.88,828.75,4434029.08,0.00,1199763.25,1226010.71,1178349.26,1226010.71
Up,false,DiscountCurve/EUR/0/1Y,0.00010000,,0.00000000,EUR,CPTY_A,2017-01-05,0.915330,1202207.63,1279.67,4705215.49,0.00,1198826.49,1226010.71,1180244.78,1226010.71
Up,false,DiscountCurve/EUR/0/1Y,0.00010000,,0.00000000,EUR,CPTY_A,2017-02-06,1.003002,1195888.13,2129.53,5027419.04,0.00,1192206.14,1226010.71,1181290.30,1226010.71
Up,false,DiscountCurve/EUR/0/1Y,0.00010000,,0.00000000,EUR,CPTY_A,2017-03-06,1.079714,1195863.75,2642.39,5146308.42,0.00,1191812.24,1226010.71,1182037.88,1226010.71
Up,false,DiscountCurve/EUR/0/1Y,0.00010000,,0.00000000,EUR,CPTY_A,2017-04-05,1.161906,1194264.38,3411.16,5093392.35,0.00,1189811.80,1226010.71,1182587.79,1226010.71
Up,false,DiscountCurve/EUR/0/1Y,0.00010000,,0.00000000,EUR,CPTY_A,2017-05-05,1.244098,1203966.50,4076.98,5288921.79,0.00,1199068.21,1226010.71,1183676.58,1226010.71
Up,false,DiscountCurve/EUR/0/1Y,0.00010000,,0.00000000,EUR,CPTY_A,2017-06-06,1.331769,1202536.50,5010.32,5531240.64,0.00,1197272.14,1226010.71,1184571.58,1226010.71
Up,false,DiscountCurve/EUR/0/1Y,0.00010000,,0.00000000,EUR,CPTY_A,2017-07-05,1.411221,1198447.88,5932.31,5578775.24,0.00,1192874.11,1226010.71,1185039.02,1226010.71
Up,false,DiscountCurve/EUR/0/1Y,0.00010000,,0.00000000,EUR,CPTY_A,2017-08-07,1.501632,1191966.13,7010.09,5647033.76,0.00,1186052.09,1226010.71,1185100.01,1226010.71
Up,false,DiscountCurve/EUR/0/1Y,0.00010000,,0.00000000,EUR,CPTY_A,2017-09-05,1.581084,1179708.63,7859.28,5749107.77,0.00,1173519.65,1226010.71,1184518.08,1226010.71
Up,false,DiscountCurve/EUR/0/1Y,0.00010000,,0.00000000,EUR,CPTY_A,2017-10-05,1.663276,1176756.75,9253.46,5862676.70,0.00,1170235.77,1226010.71,1183812.31,1226010.71
Up,false,DiscountCurve/EUR/0/1Y,0.00010000,,0.00000000,EUR,CPTY_A,2017-11-06,1.750947,1166328.25,10234.41,6345326.00,0.00,1159497.81,1226010.71,1182594.87,1226010.71
Up,false,DiscountCurve/EUR/0/1Y,0.00010000,,0.00000000,EUR,CPTY_A,2017-12-05,1.830399,1169959.75,11388.05,6418508.23,0.00,1162715.31,1226010.71,1181731.96,1226010.71
Up,false,DiscountCurve/EUR/0/1Y,0.00010000,,0.00000000,EUR,CPTY_A,2018-01-05,1.915330,1166835.75,13184.81,6371524.61,0.00,1159184.82,1226010.71,1180732.15,1226010.71
Up,false,DiscountCurve/EUR/0/1Y,0.00010000,,0.00000000,EUR,CPTY_A,2018-02-05,2.000262,12060.75,25839.27,64873.77,0.00,11977.27,1226010.71,1131106.59,1226010.71
Up,false,DiscountCurve/EUR/0/1Y,0.00010000,,0.00000000,EUR,CPTY_A,2018-03-05,2.076974,12669.95,26813.65,67194.15,0.00,12579.66,1226010.71,1089794.19,1226010.71
Up,false,DiscountCurve/EUR/0/1Y,0.00010000,,0.00000000,EUR,CPTY_A,2018-04-05,2.161906,13374.53,27370.50,71151.23,0.00,13276.50,1226010.71,1047502.67,1226010.71
Up,false,DiscountCurve/EUR/0/1Y,0.00010000,,0.00000000,EUR,CPTY_A,2018-05-08,2.252317,14114.97,27961.72,73627.06,0.00,14008.46,1226010.71,1006016.86,1226010.71
Up,false,DiscountCurve/EUR/0/1Y,0.00010000,,0.00000000,EUR,CPTY_A,2018-06-05,2.329029,15181.64,28618.64,77445.66,0.00,15064.28,1226010.71,973377.38,1226010.71
Up,false,DiscountCurve/EUR/0/1Y,0.00010000,,0.00000000,EUR,CPTY_A,2018-07-05,2.411221,16127.10,29181.85,77275.29,0.00,15999.26,1226010.71,940743.04,1226010.71
Up,false,DiscountCurve/EUR/0/1Y,0.00010000,,0.00000000,EUR,CPTY_A,2018-08-06,2.498892,16792.30,30221.57,82748.87,0.00,16655.67,1226010.71,908322.32,1226010.71
Up,false,DiscountCurve/EUR/0/1Y,0.00010000,,0.00000000,EUR,CPTY_A,2018-09-05,2.581084,17139.39,30661.85,87310.35,0.00,16996.56,1226010.71,879939.03,1226010.71
Up,false,DiscountCurve/EUR/0/1Y,0.00010000,,0.00000000,EUR,CPTY_A,2018-10-05,2.663276,18035.51,31178.74,88196.34,0.00,17881.67,1226010.71,853334.94,1226010.71
Up,false,DiscountCurve/EUR/0/1Y,0.00010000,,0.00000000,EUR,CPTY_A,2018-11-05,2.748207,19179.47,31554.73,94002.92,0.00,19011.97,1226010.71,827550.75,1226010.71
Up,false,DiscountCurve/EUR/0/1Y,0.00010000,,0.00000000,EUR,CPTY_A,2018-12-05,2.830399,20550.97,31792.32,92764.83,0.00,20367.46,1226010.71,804111.00,1226010.71
Up,false,DiscountCurve/EUR/0/1Y,0.00010000,,0.00000000,EUR,CPTY_A,2019-01-07,2.920810,21713.70,31717.14,99115.77,0.00,21515.11,1226010.71,779886.47,1226010.71
Up,false,DiscountCurve/EUR/0/1Y,0.00010000,,0.00000000,EUR,CPTY_A,2019-02-05,3.000262,22279.40,32477.09,100848.63,0.00,22071.41,1226010.71,759818.24,1226010.71
Up,false,DiscountCurve/EUR/0/1Y,0.00010000,,0.00000000,EUR,CPTY_A,2019-03-05,3.076974,22964.70,33144.21,105660.09,0.00,22748.48,1226010.71,741442.28,1226010.71
Up,false,DiscountCurve/EUR/0/1Y,0.00010000,,0.00000000,EUR,CPTY_A,2019-04-05,3.161906,23530.09,33813.77,102666.70,0.00,23307.20,1226010.71,722152.56,1226010.71
Up,false,DiscountCurve/EUR/0/1Y,0.00010000,,0.00000000,EUR,CPTY_A,2019-05-07,3.249577,24664.66,34472.25,122883.60,0.00,24429.58,1226010.71,703328.50,1226010.71
Up,false,DiscountCurve/EUR/0/1Y,0.00010000,,0.00000000,EUR,CPTY_A,2019-06-05,3.329029,25497.97,34931.41,118077.81,0.00,25253.59,1226010.71,687145.27,1226010.71
Up,false,DiscountCurve/EUR/0/1Y,0.00010000,,0.00000000,EUR,CPTY_A,2019-07-05,3.411221,26350.64,35059.04,137790.00,0.00,26096.63,1226010.71,671217.61,1226010.71
Up,false,DiscountCurve/EUR/0/1Y,0.00010000,,0.00000000,EUR,CPTY_A,2019-08-05,3.496152,27202.75,36219.30,145165.03,0.00,26938.97,1226010.71,655566.24,1226010.71
Up,false,DiscountCurve/EUR/0/1Y,0.00010000,,0.00000000,EUR,CPTY_A,2019-09-05,3.581084,27974.90,36994.46,136864.05,0.00,27702.03,1226010.71,640675.37,1226010.71
Up,false,DiscountCurve/EUR/0/1Y,0.00010000,,0.00000000,EUR,CPTY_A,2019-10-07,3.668755,29526.43,37943.71,150780.78,0.00,29236.70,1226010.71,626063.99,1226010.71
Up,false,DiscountCurve/EUR/0/1Y,0.00010000,,0.00000000,EUR,CPTY_A,2019-11-05,3.748207,30219.93,38092.14,149377.92,0.00,29921.78,1226010.71,613427.36,1226010.71
Up,false,DiscountCurve/EUR/0/1Y,0.00010000,,0.00000000,EUR,CPTY_A,2019-12-05,3.830399,31307.46,38044.05,145241.39,0.00,30996.85,1226010.71,600929.70,1226010.71
Up,false,DiscountCurve/EUR/0/1Y,0.00010000,,0.00000000,EUR,CPTY_A,2020-01-06,3.918033,32098.12,37725.21,155970.98,0.00,31777.78,1226010.71,588199.60,1226010.71
Up,false,DiscountCurve/EUR/0/1Y,0.00010000,,0.00000000,EUR,CPTY_A,2020-02-05,4.000000,32144.38,38243.59,152112.17,0.00,31821.80,1226010.71,576798.42,1226010.71
Up,false,DiscountCurve/EUR/0/1Y,0.00010000,,0.00000000,EUR,CPTY_A,2020-03-05,4.079235,32376.60,37544.99,157988.02,0.00,32053.77,1226010.71,566217.31,1226010.71
Up,false,DiscountCurve/EUR/0/1Y,0.00010000,,0.00000000,EUR,CPTY_A,2020-04-06,4.166667,33387.40,37408.93,161536.13,0.00,33058.00,1226010.71,555029.71,1226010.71
Up,false,DiscountCurve/EUR/0/1Y,0.00010000,,0.00000000,EUR,CPTY_A,2020-05-05,4.245902,34660.52,37164.64,162748.27,0.00,34321.86,1226010.71,545312.51,1226010.71
Up,false,DiscountCurve/EUR/0/1Y,0.00010000,,0.00000000,EUR,CPTY_A,2020-06-05,4.330601,35931.67,36453.93,159804.95,0.00,35584.24,1226010.71,535343.06,1226010.71
Up,false,DiscountCurve/EUR/0/1Y,0.00010000,,0.00000000,EUR,CPTY_A,2020-07-06,4.415301,37240.48,35863.07,168835.66,0.00,36884.19,1226010.71,525781.04,1226010.71
Up,false,DiscountCurve/EUR/0/1Y,0.00010000,,0.00000000,EUR,CPTY_A,2020-08-05,4.497268,37586.96,36210.60,169731.92,0.00,37231.06,1226010.71,516876.72,1226010.71
Up,false,DiscountCurve/EUR/0/1Y,0.00010000,,0.00000000,EUR,CPTY_A,2020-09-08,4.590164,37418.61,35477.44,157787.86,0.00,37068.46,1226010.71,507166.32,1226010.71
Up,false,DiscountCurve/EUR/0/1Y,0.00010000,,0.00000000,EUR,CPTY_A,2020-10-05,4.663934,37887.86,34994.95,162260.94,0.00,37536.68,1226010.71,499738.08,1226010.71
Up,false,DiscountCurve/EUR/0/1Y,0.00010000,,0.00000000,EUR,CPTY_A,2020-11-05,4.748634,38360.73,33999.35,170939.28,0.00,38009.08,1226010.71,491502.41,1226010.71
Up,false,DiscountCurve/EUR/0/1Y,0.00010000,,0.00000000,EUR,CPTY_A,2020-12-07,4.836066,39715.60,33087.18,175785.02,0.00,39355.70,1226010.71,483328.01,1226010.71
Up,false,DiscountCurve/EUR/0/1Y,0.00010000,,0.00000000,EUR,CPTY_A,2021-01-05,4.915330,40968.28,32246.62,169955.23,0.00,40600.93,1226010.71,476188.56,1226010.71
Up,false,DiscountCurve/EUR/0/1Y,0.00010000,,0.00000000,EUR,CPTY_A,2021-02-05,5.000262,0.00,0.00,0.00,0.00,0.00,1226010.71,468100.30,1226010.71
Up,false,DiscountCurve/EUR/1/5Y,0.00010000,,0.00000000,EUR,CPTY_A,2016-02-05,0.000000,1226012.00,0.00,1226011.95,1226011.95,1226011.95,1226011.95,1226011.95,1226011.95
Up,false,DiscountCurve/EUR/1/5Y,0.00010000,,0.00000000,EUR,CPTY_A,2016-03-07,0.084699,1113385.38,0.00,1872283.12,0.00,1113220.13,1226011.95,1113220.13,1226011.95
Up,false,DiscountCurve/EUR/1/5Y,0.00010000,,0.00000000,EUR,CPTY_A,2016-04-05,0.163934,1131309.63,0.00,2293110.62,0.00,1130927.77,1226011.95,1121778.82,1226011.95
Up,false,DiscountCurve/EUR/1/5Y,0.00010000,,0.00000000,EUR,CPTY_A,2016-05-06,0.248634,1154084.13,0.00,2572986.45,0.00,1153417.70,1226011.95,1132556.90,1226011.95
Up,false,DiscountCurve/EUR/1/5Y,0.00010000,,0.00000000,EUR,CPTY_A,2016-06-06,0.333333,1172648.75,0.00,2829869.40,0.00,1171687.94,1226011.95,1142500.03,1226011.95
Up,false,DiscountCurve/EUR/1/5Y,0.00010000,,0.00000000,EUR,CPTY_A,2016-07-05,0.412568,1188990.50,0.00,3300207.44,0.00,1187672.82,1226011.95,1151175.60,1226011.95
Up,false,DiscountCurve/EUR/1/5Y,0.00010000,,0.00000000,EUR,CPTY_A,2016-08-05,0.497268,1206346.00,22.32,3446482.50,0.00,1204780.44,1226011.95,1160306.10,1226011.95
Up,false,DiscountCurve/EUR/1/5Y,0.00010000,,0.00000000,EUR,CPTY_A,2016-09-06,0.584699,1210850.25,129.33,3708653.03,0.00,1208861.66,1226011.95,1167566.74,1226011.95
Up,false,DiscountCurve/EUR/1/5Y,0.00010000,,0.00000000,EUR,CPTY_A,2016-10-05,0.663934,1210073.63,270.24,4054405.96,0.00,1207778.77,1226011.95,1172365.71,1226011.95
Up,false,DiscountCurve/EUR/1/5Y,0.00010000,,0.00000000,EUR,CPTY_A,2016-11-07,0.754098,1210429.63,635.32,4345906.86,0.00,1207616.10,1226011.95,1176580.43,1226011.95
Up,false,DiscountCurve/EUR/1/5Y,0.00010000,,0.00000000,EUR,CPTY_A,2016-12-05,0.830601,1203188.13,826.35,4433689.08,0.00,1200049.54,1226011.95,1178742.06,1226011.95
Up,false,DiscountCurve/EUR/1/5Y,0.00010000,,0.00000000,EUR,CPTY_A,2017-01-05,0.915330,1202573.38,1276.28,4704784.49,0.00,1199081.14,1226011.95,1180624.79,1226011.95
Up,false,DiscountCurve/EUR/1/5Y,0.00010000,,0.00000000,EUR,CPTY_A,2017-02-06,1.003002,1196227.00,2124.54,5027128.52,0.00,1192424.97,1226011.95,1181656.23,1226011.95
Up,false,DiscountCurve/EUR/1/5Y,0.00010000,,0.00000000,EUR,CPTY_A,2017-03-06,1.079714,1196169.13,2636.35,5145984.95,0.00,1192011.27,1226011.95,1182391.94,1226011.95
Up,false,DiscountCurve/EUR/1/5Y,0.00010000,,0.00000000,EUR,CPTY_A,2017-04-05,1.161906,1194535.75,3405.72,5093576.43,0.00,1189991.72,1226011.95,1182929.54,1226011.95
Up,false,DiscountCurve/EUR/1/5Y,0.00010000,,0.00000000,EUR,CPTY_A,2017-05-05,1.244098,1204196.00,4072.36,5288333.28,0.00,1199220.35,1226011.95,1184005.80,1226011.95
Up,false,DiscountCurve/EUR/1/5Y,0.00010000,,0.00000000,EUR,CPTY_A,2017-06-06,1.331769,1202717.75,5005.55,5530407.56,0.00,1197392.20,1226011.95,1184887.03,1226011.95
Up,false,DiscountCurve/EUR/1/5Y,0.00010000,,0.00000000,EUR,CPTY_A,2017-07-05,1.411221,1198584.38,5928.18,5579313.81,0.00,1192963.91,1226011.95,1185341.76,1226011.95
Up,false,DiscountCurve/EUR/1/5Y,0.00010000,,0.00000000,EUR,CPTY_A,2017-08-07,1.501632,1192046.00,7007.61,5647069.77,0.00,1186101.85,1226011.95,1185387.53,1226011.95
Up,false,DiscountCurve/EUR/1/5Y,0.00010000,,0.00000000,EUR,CPTY_A,2017-09-05,1.581084,1179797.25,7856.65,5749251.34,0.00,1173592.43,1226011.95,1184794.80,1226011.95
Up,false,DiscountCurve/EUR/1/5Y,0.00010000,,0.00000000,EUR,CPTY_A,2017-10-05,1.663276,1176851.25,9251.10,5861577.31,0.00,1170328.87,1226011.95,1184079.96,1226011.95
Up,false,DiscountCurve/EUR/1/5Y,0.00010000,,0.00000000,EUR,CPTY_A,2017-11-06,1.750947,1166428.38,10231.95,6344476.52,0.00,1159611.70,1226011.95,1182854.82,1226011.95
Up,false,DiscountCurve/EUR/1/5Y,0.00010000,,0.00000000,EUR,CPTY_A,2017-12-05,1.830399,1170051.88,11385.38,6419738.34,0.00,1162835.10,1226011.95,1181985.82,1226011.95
Up,false,DiscountCurve/EUR/1/5Y,0.00010000,,0.00000000,EUR,CPTY_A,2018-01-05,1.915330,1166919.13,13182.08,6372494.64,0.00,1159310.62,1226011.95,1180980.33,1226011.95
Up,false,DiscountCurve/EUR/1/5Y,0.00010000,,0.00000000,EUR,CPTY_A,2018-02-05,2.000262,12060.73,25839.23,64873.67,0.00,11977.85,1226011.95,1131344.27,1226011.95
Up,false,DiscountCurve/EUR/1/5Y,0.00010000,,0.00000000,EUR,CPTY_A,2018-03-05,2.076974,12669.93,26813.61,67194.05,0.00,12580.42,1226011.95,1090023.11,1226011.95
Up,false,DiscountCurve/EUR/1/5Y,0.00010000,,0.00000000,EUR,CPTY_A,2018-04-05,2.161906,13374.50,27370.44,71151.07,0.00,13277.45,1226011.95,1047722.64,1226011.95
Up,false,DiscountCurve/EUR/1/5Y,0.00010000,,0.00000000,EUR,CPTY_A,2018-05-08,2.252317,14114.95,27961.68,73626.95,0.00,14009.66,1226011.95,1006228.04,1226011.95
Up,false,DiscountCurve/EUR/1/5Y,0.00010000,,0.00000000,EUR,CPTY_A,2018-06-05,2.329029,15181.61,28618.59,77445.54,0.00,15065.75,1226011.95,973581.66,1226011.95
Up,false,DiscountCurve/EUR/1/5Y,0.00010000,,0.00000000,EUR,CPTY_A,2018-07-05,2.411221,16127.06,29181.79,77275.11,0.00,16001.01,1226011.95,940940.41,1226011.95
Up,false,DiscountCurve/EUR/1/5Y,0.00010000,,0.00000000,EUR,CPTY_A,2018-08-06,2.498892,16792.28,30221.53,82748.74,0.00,16657.72,1226011.95,908512.84,1226011.95
Up,false,DiscountCurve/EUR/1/5Y,0.00010000,,0.00000000,EUR,CPTY_A,2018-09-05,2.581084,17139.36,30661.80,87310.22,0.00,16998.86,1226011.95,880123.56,1226011.95
Up,false,DiscountCurve/EUR/1/5Y,0.00010000,,0.00000000,EUR,CPTY_A,2018-10-05,2.663276,18035.46,31178.65,88196.09,0.00,17884.29,1226011.95,853513.86,1226011.95
Up,false,DiscountCurve/EUR/1/5Y,0.00010000,,0.00000000,EUR,CPTY_A,2018-11-05,2.748207,19179.44,31554.69,94002.78,0.00,19015.03,1226011.95,827724.23,1226011.95
Up,false,DiscountCurve/EUR/1/5Y,0.00010000,,0.00000000,EUR,CPTY_A,2018-12-05,2.830399,20550.94,31792.27,92764.69,0.00,20370.98,1226011.95,804279.55,1226011.95
Up,false,DiscountCurve/EUR/1/5Y,0.00010000,,0.00000000,EUR,CPTY_A,2019-01-07,2.920810,21713.67,31717.09,99115.63,0.00,21519.13,1226011.95,780049.92,1226011.95
Up,false,DiscountCurve/EUR/1/5Y,0.00010000,,0.00000000,EUR,CPTY_A,2019-02-05,3.000262,22279.37,32477.04,100848.47,0.00,22075.79,1226011.95,759977.48,1226011.95
Up,false,DiscountCurve/EUR/1/5Y,0.00010000,,0.00000000,EUR,CPTY_A,2019-03-05,3.076974,22964.66,33144.16,105659.93,0.00,22753.25,1226011.95,741597.67,1226011.95
Up,false,DiscountCurve/EUR/1/5Y,0.00010000,,0.00000000,EUR,CPTY_A,2019-04-05,3.161906,23530.03,33813.69,102666.46,0.00,23312.37,1226011.95,722303.91,1226011.95
Up,false,DiscountCurve/EUR/1/5Y,0.00010000,,0.00000000,EUR,CPTY_A,2019-05-07,3.249577,24664.63,34472.19,122883.41,0.00,24435.34,1226011.95,703475.92,1226011.95
Up,false,DiscountCurve/EUR/1/5Y,0.00010000,,0.00000000,EUR,CPTY_A,2019-06-05,3.329029,25497.94,34931.36,118077.63,0.00,25259.84,1226011.95,687289.32,1226011.95
Up,false,DiscountCurve/EUR/1/5Y,0.00010000,,0.00000000,EUR,CPTY_A,2019-07-05,3.411221,26350.58,35058.96,137789.69,0.00,26103.40,1226011.95,671358.36,1226011.95
Up,false,DiscountCurve/EUR/1/5Y,0.00010000,,0.00000000,EUR,CPTY_A,2019-08-05,3.496152,27202.71,36219.25,145164.81,0.00,26946.32,1226011.95,655703.75,1226011.95
Up,false,DiscountCurve/EUR/1/5Y,0.00010000,,0.00000000,EUR,CPTY_A,2019-09-05,3.581084,27974.83,36994.37,136863.73,0.00,27709.92,1226011.95,640809.81,1226011.95
Up,false,DiscountCurve/EUR/1/5Y,0.00010000,,0.00000000,EUR,CPTY_A,2019-10-07,3.668755,29526.39,37943.65,150780.55,0.00,29245.43,1226011.95,626195.42,1226011.95
Up,false,DiscountCurve/EUR/1/5Y,0.00010000,,0.00000000,EUR,CPTY_A,2019-11-05,3.748207,30219.89,38092.09,149377.70,0.00,29931.08,1226011.95,613556.20,1226011.95
Up,false,DiscountCurve/EUR/1/5Y,0.00010000,,0.00000000,EUR,CPTY_A,2019-12-05,3.830399,31307.39,38043.96,145241.05,0.00,31006.84,1226011.95,601055.99,1226011.95
Up,false,DiscountCurve/EUR/1/5Y,0.00010000,,0.00000000,EUR,CPTY_A,2020-01-06,3.918033,32098.07,37725.15,155970.75,0.00,31788.47,1226011.95,588323.31,1226011.95
Up,false,DiscountCurve/EUR/1/5Y,0.00010000,,0.00000000,EUR,CPTY_A,2020-02-05,4.000000,32144.33,38243.53,152111.94,0.00,31832.89,1226011.95,576919.82,1226011.95
Up,false,DiscountCurve/EUR/1/5Y,0.00010000,,0.00000000,EUR,CPTY_A,2020-03-05,4.079235,32376.52,37544.90,157987.64,0.00,32065.30,1226011.95,566336.57,1226011.95
Up,false,DiscountCurve/EUR/1/5Y,0.00010000,,0.00000000,EUR,CPTY_A,2020-04-06,4.166667,33387.35,37408.88,161535.88,0.00,33070.36,1226011.95,555146.73,1226011.95
Up,false,DiscountCurve/EUR/1/5Y,0.00010000,,0.00000000,EUR,CPTY_A,2020-05-05,4.245902,34660.47,37164.59,162748.02,0.00,34335.10,1226011.95,545427.59,1226011.95
Up,false,DiscountCurve/EUR/1/5Y,0.00010000,,0.00000000,EUR,CPTY_A,2020-06-05,4.330601,35931.59,36453.84,159804.58,0.00,35598.39,1226011.95,535456.17,1226011.95
Up,false,DiscountCurve/EUR/1/5Y,0.00010000,,0.00000000,EUR,CPTY_A,2020-07-06,4.415301,37240.43,35863.01,168835.41,0.00,36899.35,1226011.95,525892.27,1226011.95
Up,false,DiscountCurve/EUR/1/5Y,0.00010000,,0.00000000,EUR,CPTY_A,2020-08-05,4.497268,37586.91,36210.54,169731.67,0.00,37246.82,1226011.95,516986.21,1226011.95
Up,false,DiscountCurve/EUR/1/5Y,0.00010000,,0.00000000,EUR,CPTY_A,2020-09-08,4.590164,37418.55,35477.38,157787.61,0.00,37084.68,1226011.95,507273.92,1226011.95
Up,false,DiscountCurve/EUR/1/5Y,0.00010000,,0.00000000,EUR,CPTY_A,2020-10-05,4.663934,37887.80,34994.89,162260.69,0.00,37553.52,1226011.95,499844.25,1226011.95
Up,false,DiscountCurve/EUR/1/5Y,0.00010000,,0.00000000,EUR,CPTY_A,2020-11-05,4.748634,38360.64,33999.27,170938.89,0.00,38026.58,1226011.95,491607.00,1226011.95
Up,false,DiscountCurve/EUR/1/5Y,0.00010000,,0.00000000,EUR,CPTY_A,2020-12-07,4.836066,39715.54,33087.13,175784.75,0.00,39374.37,1226011.95,483431.04,1226011.95
Up,false,DiscountCurve/EUR/1/5Y,0.00010000,,0.00000000,EUR,CPTY_A,2021-01-05,4.915330,40968.22,32246.57,169954.97,0.00,40620.68,1226011.95,476290.25,1226011.95
Up,false,DiscountCurve/EUR/1/5Y,0.00010000,,0.00000000,EUR,CPTY_A,2021-02-05,5.000262,0.00,0.00,0.00,0.00,0.00,1226011.95,468200.27,1226011.95
Up,false,DiscountCurve/USD/0/1Y,0.00010000,,0.00000000,EUR,CPTY_A,2016-02-05,0.000000,1225920.75,0.00,1225920.70,1225920.70,1225920.70,1225920.70,1225920.70,1225920.70
Up,false,DiscountCurve/USD/0/1Y,0.00010000,,0.00000000,EUR,CPTY_A,2016-03-07,0.084699,1112767.38,0.00,1871575.86,0.00,1112602.12,1225920.70,1112602.12,1225920.70
Up,false,DiscountCurve/USD/0/1Y,0.00010000,,0.00000000,EUR,CPTY_A,2016-04-05,0.163934,1130689.88,0.00,2292373.87,0.00,1130308.33,1225920.70,1121160.12,1225920.70
Up,false,DiscountCurve/USD/0/1Y,0.00010000,,0.00000000,EUR,CPTY_A,2016-05-06,0.248634,1153468.50,0.00,2572260.67,0.00,1152802.37,1225920.70,1131939.35,1225920.70
Up,false,DiscountCurve/USD/0/1Y,0.00010000,,0.00000000,EUR,CPTY_A,2016-06-06,0.333333,1172040.38,0.00,2829148.15,0.00,1171080.15,1225920.70,1141884.96,1225920.70
Up,false,DiscountCurve/USD/0/1Y,0.00010000,,0.00000000,EUR,CPTY_A,2016-07-05,0.412568,1188393.63,0.00,3299491.93,0.00,1187076.55,1225920.70,1150564.14,1225920.70
Up,false,DiscountCurve/USD/0/1Y,0.00010000,,0.00000000,EUR,CPTY_A,2016-08-05,0.497268,1205766.88,22.56,3445667.74,0.00,1204202.06,1225920.70,1159700.27,1225920.70
Up,false,DiscountCurve/USD/0/1Y,0.00010000,,0.00000000,EUR,CPTY_A,2016-09-06,0.584699,1210276.88,129.74,3707884.78,0.00,1208289.25,1225920.70,1166965.91,1225920.70
Up,false,DiscountCurve/USD/0/1Y,0.00010000,,0.00000000,EUR,CPTY_A,2016-10-05,0.663934,1209509.00,271.17,4053597.69,0.00,1207215.17,1225920.70,1171769.32,1225920.70
Up,false,DiscountCurve/USD/0/1Y,0.00010000,,0.00000000,EUR,CPTY_A,2016-11-07,0.754098,1209875.50,636.91,4345290.36,0.00,1207063.37,1225920.70,1175989.26,1225920.70
Up,false,DiscountCurve/USD/0/1Y,0.00010000,,0.00000000,EUR,CPTY_A,2016-12-05,0.830601,1202647.00,828.44,4433183.58,0.00,1199509.87,1225920.70,1178155.63,1225920.70
Up,false,DiscountCurve/USD/0/1Y,0.00010000,,0.00000000,EUR,CPTY_A,2017-01-05,0.915330,1202050.25,1279.24,4704253.99,0.00,1198559.58,1225920.70,1180044.37,1225920.70
Up,false,DiscountCurve/USD/0/1Y,0.00010000,,0.00000000,EUR,CPTY_A,2017-02-06,1.003002,1195726.50,2128.87,5026439.53,0.00,1191925.64,1225920.70,1181082.89,1225920.70
Up,false,DiscountCurve/USD/0/1Y,0.00010000,,0.00000000,EUR,CPTY_A,2017-03-06,1.079714,1195696.88,2641.62,5145329.94,0.00,1191528.78,1225920.70,1181825.06,1225920.70
Up,false,DiscountCurve/USD/0/1Y,0.00010000,,0.00000000,EUR,CPTY_A,2017-04-05,1.161906,1194092.13,3410.47,5092470.90,0.00,1189525.70,1225920.70,1182369.80,1225920.70
Up,false,DiscountCurve/USD/0/1Y,0.00010000,,0.00000000,EUR,CPTY_A,2017-05-05,1.244098,1203785.75,4076.42,5287863.28,0.00,1198775.23,1225920.70,1183453.63,1225920.70
Up,false,DiscountCurve/USD/0/1Y,0.00010000,,0.00000000,EUR,CPTY_A,2017-06-06,1.331769,1202348.25,5009.78,5530113.09,0.00,1196974.68,1225920.70,1184343.73,1225920.70
Up,false,DiscountCurve/USD/0/1Y,0.00010000,,0.00000000,EUR,CPTY_A,2017-07-05,1.411221,1198253.13,5931.89,5577853.29,0.00,1192572.91,1225920.70,1184807.03,1225920.70
Up,false,DiscountCurve/USD/0/1Y,0.00010000,,0.00000000,EUR,CPTY_A,2017-08-07,1.501632,1191763.25,7009.91,5646047.77,0.00,1185746.28,1225920.70,1184863.58,1225920.70
Up,false,DiscountCurve/USD/0/1Y,0.00010000,,0.00000000,EUR,CPTY_A,2017-09-05,1.581084,1179508.75,7859.10,5748115.32,0.00,1173220.23,1225920.70,1184278.49,1225920.70
Up,false,DiscountCurve/USD/0/1Y,0.00010000,,0.00000000,EUR,CPTY_A,2017-10-05,1.663276,1176558.00,9253.31,5861429.76,0.00,1169940.15,1225920.70,1183569.95,1225920.70
Up,false,DiscountCurve/USD/0/1Y,0.00010000,,0.00000000,EUR,CPTY_A,2017-11-06,1.750947,1166132.25,10234.25,6344057.51,0.00,1159208.46,1225920.70,1182350.15,1225920.70
Up,false,DiscountCurve/USD/0/1Y,0.00010000,,0.00000000,EUR,CPTY_A,2017-12-05,1.830399,1169761.75,11387.82,6417550.80,0.00,1162426.07,1225920.70,1181485.31,1225920.70
Up,false,DiscountCurve/USD/0/1Y,0.00010000,,0.00000000,EUR,CPTY_A,2018-01-05,1.915330,1166637.00,13184.62,6370516.13,0.00,1158897.75,1225920.70,1180483.71,1225920.70
Up,false,DiscountCurve/USD/0/1Y,0.00010000,,0.00000000,EUR,CPTY_A,2018-02-05,2.000262,12060.74,25839.25,64873.70,0.00,11976.36,1225920.70,1130868.66,1225920.70
Up,false,DiscountCurve/USD/0/1Y,0.00010000,,0.00000000,EUR,CPTY_A,2018-03-05,2.076974,12669.94,26813.62,67194.08,0.00,12578.73,1225920.70,1089565.01,1225920.70
Up,false,DiscountCurve/USD/0/1Y,0.00010000,,0.00000000,EUR,CPTY_A,2018-04-05,2.161906,13374.51,27370.46,71151.15,0.00,13275.54,1225920.70,1047282.46,1225920.70
Up,false,DiscountCurve/USD/0/1Y,0.00010000,,0.00000000,EUR,CPTY_A,2018-05-08,2.252317,14114.96,27961.69,73626.98,0.00,14007.48,1225920.70,1005805.44,1225920.70
Up,false,DiscountCurve/USD/0/1Y,0.00010000,,0.00000000,EUR,CPTY_A,2018-06-05,2.329029,15181.62,28618.61,77445.58,0.00,15063.26,1225920.70,973172.90,1225920.70
Up,false,DiscountCurve/USD/0/1Y,0.00010000,,0.00000000,EUR,CPTY_A,2018-07-05,2.411221,16127.08,29181.82,77275.19,0.00,15998.20,1225920.70,940545.49,1225920.70
Up,false,DiscountCurve/USD/0/1Y,0.00010000,,0.00000000,EUR,CPTY_A,2018-08-06,2.498892,16792.29,30221.54,82748.78,0.00,16654.61,1225920.70,908131.67,1225920.70
Up,false,DiscountCurve/USD/0/1Y,0.00010000,,0.00000000,EUR,CPTY_A,2018-09-05,2.581084,17139.37,30661.82,87310.27,0.00,16995.51,1225920.70,879754.41,1225920.70
Up,false,DiscountCurve/USD/0/1Y,0.00010000,,0.00000000,EUR,CPTY_A,2018-10-05,2.663276,18035.48,31178.69,88196.21,0.00,17880.59,1225920.70,853155.99,1225920.70
Up,false,DiscountCurve/USD/0/1Y,0.00010000,,0.00000000,EUR,CPTY_A,2018-11-05,2.748207,19179.45,31554.70,94002.82,0.00,19010.88,1225920.70,827377.29,1225920.70
Up,false,DiscountCurve/USD/0/1Y,0.00010000,,0.00000000,EUR,CPTY_A,2018-12-05,2.830399,20550.95,31792.29,92764.73,0.00,20366.33,1225920.70,803942.55,1225920.70
Up,false,DiscountCurve/USD/0/1Y,0.00010000,,0.00000000,EUR,CPTY_A,2019-01-07,2.920810,21713.68,31717.11,99115.67,0.00,21513.97,1225920.70,779723.20,1225920.70
Up,false,DiscountCurve/USD/0/1Y,0.00010000,,0.00000000,EUR,CPTY_A,2019-02-05,3.000262,22279.38,32477.06,100848.52,0.00,22070.28,1225920.70,759659.26,1225920.70
Up,false,DiscountCurve/USD/0/1Y,0.00010000,,0.00000000,EUR,CPTY_A,2019-03-05,3.076974,22964.67,33144.18,105659.98,0.00,22747.36,1225920.70,741287.24,1225920.70
Up,false,DiscountCurve/USD/0/1Y,0.00010000,,0.00000000,EUR,CPTY_A,2019-04-05,3.161906,23530.06,33813.73,102666.57,0.00,23306.10,1225920.70,722001.65,1225920.70
Up,false,DiscountCurve/USD/0/1Y,0.00010000,,0.00000000,EUR,CPTY_A,2019-05-07,3.249577,24664.64,34472.21,122883.48,0.00,24428.48,1225920.70,703181.63,1225920.70
Up,false,DiscountCurve/USD/0/1Y,0.00010000,,0.00000000,EUR,CPTY_A,2019-06-05,3.329029,25497.95,34931.38,118077.70,0.00,25252.50,1225920.70,687001.88,1225920.70
Up,false,DiscountCurve/USD/0/1Y,0.00010000,,0.00000000,EUR,CPTY_A,2019-07-05,3.411221,26350.61,35059.00,137789.83,0.00,26095.56,1225920.70,671077.65,1225920.70
Up,false,DiscountCurve/USD/0/1Y,0.00010000,,0.00000000,EUR,CPTY_A,2019-08-05,3.496152,27202.72,36219.27,145164.89,0.00,26937.93,1225920.70,655429.66,1225920.70
Up,false,DiscountCurve/USD/0/1Y,0.00010000,,0.00000000,EUR,CPTY_A,2019-09-05,3.581084,27974.86,36994.41,136863.88,0.00,27701.01,1225920.70,640542.01,1225920.70
Up,false,DiscountCurve/USD/0/1Y,0.00010000,,0.00000000,EUR,CPTY_A,2019-10-07,3.668755,29526.41,37943.68,150780.63,0.00,29235.69,1225920.70,625933.79,1225920.70
Up,false,DiscountCurve/USD/0/1Y,0.00010000,,0.00000000,EUR,CPTY_A,2019-11-05,3.748207,30219.90,38092.11,149377.78,0.00,29920.81,1225920.70,613299.89,1225920.70
Up,false,DiscountCurve/USD/0/1Y,0.00010000,,0.00000000,EUR,CPTY_A,2019-12-05,3.830399,31307.43,38044.00,145241.20,0.00,30995.91,1225920.70,600804.95,1225920.70
Up,false,DiscountCurve/USD/0/1Y,0.00010000,,0.00000000,EUR,CPTY_A,2020-01-06,3.918033,32098.09,37725.17,155970.83,0.00,31776.89,1225920.70,588077.62,1225920.70
Up,false,DiscountCurve/USD/0/1Y,0.00010000,,0.00000000,EUR,CPTY_A,2020-02-05,4.000000,32144.35,38243.55,152112.03,0.00,31820.97,1225920.70,576678.92,1225920.70
Up,false,DiscountCurve/USD/0/1Y,0.00010000,,0.00000000,EUR,CPTY_A,2020-03-05,4.079235,32376.56,37544.94,157987.81,0.00,32052.99,1225920.70,566100.12,1225920.70
Up,false,DiscountCurve/USD/0/1Y,0.00010000,,0.00000000,EUR,CPTY_A,2020-04-06,4.166667,33387.37,37408.90,161535.97,0.00,33057.28,1225920.70,554914.96,1225920.70
Up,false,DiscountCurve/USD/0/1Y,0.00010000,,0.00000000,EUR,CPTY_A,2020-05-05,4.245902,34660.49,37164.61,162748.11,0.00,34321.18,1225920.70,545199.89,1225920.70
Up,false,DiscountCurve/USD/0/1Y,0.00010000,,0.00000000,EUR,CPTY_A,2020-06-05,4.330601,35931.63,36453.88,159804.75,0.00,35583.60,1225920.70,535232.63,1225920.70
Up,false,DiscountCurve/USD/0/1Y,0.00010000,,0.00000000,EUR,CPTY_A,2020-07-06,4.415301,37240.44,35863.03,168835.48,0.00,36883.61,1225920.70,525672.72,1225920.70
Up,false,DiscountCurve/USD/0/1Y,0.00010000,,0.00000000,EUR,CPTY_A,2020-08-05,4.497268,37586.93,36210.56,169731.77,0.00,37230.55,1225920.70,516770.37,1225920.70
Up,false,DiscountCurve/USD/0/1Y,0.00010000,,0.00000000,EUR,CPTY_A,2020-09-08,4.590164,37418.57,35477.40,157787.70,0.00,37068.05,1225920.70,507062.11,1225920.70
Up,false,DiscountCurve/USD/0/1Y,0.00010000,,0.00000000,EUR,CPTY_A,2020-10-05,4.663934,37887.82,34994.91,162260.78,0.00,37536.33,1225920.70,499635.51,1225920.70
Up,false,DiscountCurve/USD/0/1Y,0.00010000,,0.00000000,EUR,CPTY_A,2020-11-05,4.748634,38360.68,33999.30,170939.06,0.00,38008.79,1225920.70,491401.66,1225920.70
Up,false,DiscountCurve/USD/0/1Y,0.00010000,,0.00000000,EUR,CPTY_A,2020-12-07,4.836066,39715.56,33087.14,175784.84,0.00,39355.50,1225920.70,483229.08,1225920.70
Up,false,DiscountCurve/USD/0/1Y,0.00010000,,0.00000000,EUR,CPTY_A,2021-01-05,4.915330,40968.24,32246.59,169955.06,0.00,40600.80,1225920.70,476091.23,1225920.70
Up,false,DiscountCurve/USD/0/1Y,0.00010000,,0.00000000,EUR,CPTY_A,2021-02-05,5.000262,0.00,0.00,0.00,0.00,0.00,1225920.70,468004.62,1225920.70
Up,false,DiscountCurve/USD/1/5Y,0.00010000,,0.00000000,EUR,CPTY_A,2016-02-05,0.000000,1225861.00,0.00,1225861.00,1225861.00,1225861.00,1225861.00,1225861.00,1225861.00
Up,false,DiscountCurve/USD/1/5Y,0.00010000,,0.00000000,EUR,CPTY_A,2016-03-07,0.084699,1112715.38,0.00,1871486.30,0.00,1112550.19,1225861.00,1112550.19,1225861.00
Up,false,DiscountCurve/USD/1/5Y,0.00010000,,0.00000000,EUR,CPTY_A,2016-04-05,0.163934,1130637.75,0.00,2292259.98,0.00,1130256.19,1225861.00,1121108.09,1225861.00
Up,false,DiscountCurve/USD/1/5Y,0.00010000,,0.00000000,EUR,CPTY_A,2016-05-06,0.248634,1153415.50,0.00,2572145.58,0.00,1152749.37,1225861.00,1131886.99,1225861.00
Up,false,DiscountCurve/USD/1/5Y,0.00010000,,0.00000000,EUR,CPTY_A,2016-06-06,0.333333,1171987.00,0.00,2829012.82,0.00,1171026.84,1225861.00,1141832.36,1225861.00
Up,false,DiscountCurve/USD/1/5Y,0.00010000,,0.00000000,EUR,CPTY_A,2016-07-05,0.412568,1188339.63,0.00,3299340.72,0.00,1187022.70,1225861.00,1150511.30,1225861.00
Up,false,DiscountCurve/USD/1/5Y,0.00010000,,0.00000000,EUR,CPTY_A,2016-08-05,0.497268,1205713.25,22.51,3445503.88,0.00,1204148.44,1225861.00,1159647.30,1225861.00
Up,false,DiscountCurve/USD/1/5Y,0.00010000,,0.00000000,EUR,CPTY_A,2016-09-06,0.584699,1210223.38,129.62,3707702.88,0.00,1208235.91,1225861.00,1166912.88,1225861.00
Up,false,DiscountCurve/USD/1/5Y,0.00010000,,0.00000000,EUR,CPTY_A,2016-10-05,0.663934,1209455.88,270.92,4053415.57,0.00,1207162.17,1225861.00,1171716.30,1225861.00
Up,false,DiscountCurve/USD/1/5Y,0.00010000,,0.00000000,EUR,CPTY_A,2016-11-07,0.754098,1209822.38,636.42,4345078.18,0.00,1207010.36,1225861.00,1175936.24,1225861.00
Up,false,DiscountCurve/USD/1/5Y,0.00010000,,0.00000000,EUR,CPTY_A,2016-12-05,0.830601,1202594.00,827.81,4432964.78,0.00,1199457.04,1225861.00,1178102.63,1225861.00
Up,false,DiscountCurve/USD/1/5Y,0.00010000,,0.00000000,EUR,CPTY_A,2017-01-05,0.915330,1201997.88,1278.30,4704029.25,0.00,1198507.32,1225861.00,1179991.43,1225861.00
Up,false,DiscountCurve/USD/1/5Y,0.00010000,,0.00000000,EUR,CPTY_A,2017-02-06,1.003002,1195674.38,2127.42,5026192.77,0.00,1191873.61,1225861.00,1181030.04,1225861.00
Up,false,DiscountCurve/USD/1/5Y,0.00010000,,0.00000000,EUR,CPTY_A,2017-03-06,1.079714,1195644.50,2639.76,5145093.12,0.00,1191476.52,1225861.00,1181772.25,1225861.00
Up,false,DiscountCurve/USD/1/5Y,0.00010000,,0.00000000,EUR,CPTY_A,2017-04-05,1.161906,1194039.50,3408.29,5092251.17,0.00,1189473.35,1225861.00,1182317.01,1225861.00
Up,false,DiscountCurve/USD/1/5Y,0.00010000,,0.00000000,EUR,CPTY_A,2017-05-05,1.244098,1203733.38,4073.93,5287611.27,0.00,1198723.15,1225861.00,1183400.89,1225861.00
Up,false,DiscountCurve/USD/1/5Y,0.00010000,,0.00000000,EUR,CPTY_A,2017-06-06,1.331769,1202294.38,5006.70,5529823.18,0.00,1196921.06,1225861.00,1184290.93,1225861.00
Up,false,DiscountCurve/USD/1/5Y,0.00010000,,0.00000000,EUR,CPTY_A,2017-07-05,1.411221,1198198.88,5928.32,5577608.17,0.00,1192518.95,1225861.00,1184754.17,1225861.00
Up,false,DiscountCurve/USD/1/5Y,0.00010000,,0.00000000,EUR,CPTY_A,2017-08-07,1.501632,1191709.00,7005.86,5645778.28,0.00,1185692.27,1225861.00,1184810.65,1225861.00
Up,false,DiscountCurve/USD/1/5Y,0.00010000,,0.00000000,EUR,CPTY_A,2017-09-05,1.581084,1179454.63,7854.58,5747860.75,0.00,1173166.33,1225861.00,1184225.51,1225861.00
Up,false,DiscountCurve/USD/1/5Y,0.00010000,,0.00000000,EUR,CPTY_A,2017-10-05,1.663276,1176504.75,9248.17,5861174.34,0.00,1169887.18,1225861.00,1183516.97,1225861.00
Up,false,DiscountCurve/USD/1/5Y,0.00010000,,0.00000000,EUR,CPTY_A,2017-11-06,1.750947,1166077.38,10228.65,6343758.08,0.00,1159153.97,1225861.00,1182297.10,1225861.00
Up,false,DiscountCurve/USD/1/5Y,0.00010000,,0.00000000,EUR,CPTY_A,2017-12-05,1.830399,1169706.00,11381.73,6417276.48,0.00,1162370.74,1225861.00,1181432.15,1225861.00
Up,false,DiscountCurve/USD/1/5Y,0.00010000,,0.00000000,EUR,CPTY_A,2018-01-05,1.915330,1166581.25,13177.57,6370218.51,0.00,1158842.36,1225861.00,1180430.45,1225861.00
Up,false,DiscountCurve/USD/1/5Y,0.00010000,,0.00000000,EUR,CPTY_A,2018-02-05,2.000262,12054.73,25826.37,64841.36,0.00,11970.39,1225861.00,1130817.42,1225861.00
Up,false,DiscountCurve/USD/1/5Y,0.00010000,,0.00000000,EUR,CPTY_A,2018-03-05,2.076974,12663.63,26800.25,67160.59,0.00,12572.46,1225861.00,1089515.43,1225861.00
Up,false,DiscountCurve/USD/1/5Y,0.00010000,,0.00000000,EUR,CPTY_A,2018-04-05,2.161906,13367.86,27356.84,71115.73,0.00,13268.93,1225861.00,1047234.57,1225861.00
Up,false,DiscountCurve/USD/1/5Y,0.00010000,,0.00000000,EUR,CPTY_A,2018-05-08,2.252317,14107.92,27947.75,73590.28,0.00,14000.50,1225861.00,1005759.19,1225861.00
Up,false,DiscountCurve/USD/1/5Y,0.00010000,,0.00000000,EUR,CPTY_A,2018-06-05,2.329029,15174.05,28604.34,77406.97,0.00,15055.75,1225861.00,973127.93,1225861.00
Up,false,DiscountCurve/USD/1/5Y,0.00010000,,0.00000000,EUR,CPTY_A,2018-07-05,2.411221,16119.05,29167.29,77236.73,0.00,15990.24,1225861.00,940501.78,1225861.00
Up,false,DiscountCurve/USD/1/5Y,0.00010000,,0.00000000,EUR,CPTY_A,2018-08-06,2.498892,16783.92,30206.47,82707.53,0.00,16646.31,1225861.00,908089.19,1225861.00
Up,false,DiscountCurve/USD/1/5Y,0.00010000,,0.00000000,EUR,CPTY_A,2018-09-05,2.581084,17130.82,30646.53,87266.74,0.00,16987.04,1225861.00,879713.03,1225861.00
Up,false,DiscountCurve/USD/1/5Y,0.00010000,,0.00000000,EUR,CPTY_A,2018-10-05,2.663276,18026.51,31163.19,88152.35,0.00,17871.70,1225861.00,853115.60,1225861.00
Up,false,DiscountCurve/USD/1/5Y,0.00010000,,0.00000000,EUR,CPTY_A,2018-11-05,2.748207,19169.89,31538.97,93955.96,0.00,19001.40,1225861.00,827337.86,1225861.00
Up,false,DiscountCurve/USD/1/5Y,0.00010000,,0.00000000,EUR,CPTY_A,2018-12-05,2.830399,20540.71,31776.44,92718.48,0.00,20356.18,1225861.00,803903.97,1225861.00
Up,false,DiscountCurve/USD/1/5Y,0.00010000,,0.00000000,EUR,CPTY_A,2019-01-07,2.920810,21702.85,31701.29,99066.27,0.00,21503.24,1225861.00,779685.48,1225861.00
Up,false,DiscountCurve/USD/1/5Y,0.00010000,,0.00000000,EUR,CPTY_A,2019-02-05,3.000262,22268.27,32460.87,100798.25,0.00,22059.28,1225861.00,759622.25,1225861.00
Up,false,DiscountCurve/USD/1/5Y,0.00010000,,0.00000000,EUR,CPTY_A,2019-03-05,3.076974,22953.22,33127.64,105607.27,0.00,22736.01,1225861.00,741250.87,1225861.00
Up,false,DiscountCurve/USD/1/5Y,0.00010000,,0.00000000,EUR,CPTY_A,2019-04-05,3.161906,23518.34,33796.88,102615.43,0.00,23294.49,1225861.00,721965.94,1225861.00
Up,false,DiscountCurve/USD/1/5Y,0.00010000,,0.00000000,EUR,CPTY_A,2019-05-07,3.249577,24652.34,34455.01,122822.17,0.00,24416.29,1225861.00,703146.56,1225861.00
Up,false,DiscountCurve/USD/1/5Y,0.00010000,,0.00000000,EUR,CPTY_A,2019-06-05,3.329029,25485.23,34913.95,118018.79,0.00,25239.90,1225861.00,686967.35,1225861.00
Up,false,DiscountCurve/USD/1/5Y,0.00010000,,0.00000000,EUR,CPTY_A,2019-07-05,3.411221,26337.49,35041.54,137721.20,0.00,26082.56,1225861.00,671043.63,1225861.00
Up,false,DiscountCurve/USD/1/5Y,0.00010000,,0.00000000,EUR,CPTY_A,2019-08-05,3.496152,27189.15,36201.20,145092.47,0.00,26924.49,1225861.00,655396.14,1225861.00
Up,false,DiscountCurve/USD/1/5Y,0.00010000,,0.00000000,EUR,CPTY_A,2019-09-05,3.581084,27960.93,36975.98,136795.70,0.00,27687.22,1225861.00,640508.96,1225861.00
Up,false,DiscountCurve/USD/1/5Y,0.00010000,,0.00000000,EUR,CPTY_A,2019-10-07,3.668755,29511.67,37924.74,150705.41,0.00,29221.11,1225861.00,625901.18,1225861.00
Up,false,DiscountCurve/USD/1/5Y,0.00010000,,0.00000000,EUR,CPTY_A,2019-11-05,3.748207,30204.83,38073.10,149303.27,0.00,29905.88,1225861.00,613267.66,1225861.00
Up,false,DiscountCurve/USD/1/5Y,0.00010000,,0.00000000,EUR,CPTY_A,2019-12-05,3.830399,31291.83,38025.05,145168.86,0.00,30980.47,1225861.00,600773.08,1225861.00
Up,false,DiscountCurve/USD/1/5Y,0.00010000,,0.00000000,EUR,CPTY_A,2020-01-06,3.918033,32082.08,37706.35,155893.02,0.00,31761.03,1225861.00,588046.11,1225861.00
Up,false,DiscountCurve/USD/1/5Y,0.00010000,,0.00000000,EUR,CPTY_A,2020-02-05,4.000000,32128.31,38224.47,152036.14,0.00,31805.09,1225861.00,576647.73,1225861.00
Up,false,DiscountCurve/USD/1/5Y,0.00010000,,0.00000000,EUR,CPTY_A,2020-03-05,4.079235,32360.44,37526.25,157909.17,0.00,32037.04,1225861.00,566069.22,1225861.00
Up,false,DiscountCurve/USD/1/5Y,0.00010000,,0.00000000,EUR,CPTY_A,2020-04-06,4.166667,33370.72,37390.25,161455.42,0.00,33040.80,1225861.00,554884.36,1225861.00
Up,false,DiscountCurve/USD/1/5Y,0.00010000,,0.00000000,EUR,CPTY_A,2020-05-05,4.245902,34643.21,37146.08,162666.95,0.00,34304.07,1225861.00,545169.54,1225861.00
Up,false,DiscountCurve/USD/1/5Y,0.00010000,,0.00000000,EUR,CPTY_A,2020-06-05,4.330601,35913.74,36435.73,159725.20,0.00,35565.89,1225861.00,535202.53,1225861.00
Up,false,DiscountCurve/USD/1/5Y,0.00010000,,0.00000000,EUR,CPTY_A,2020-07-06,4.415301,37221.87,35845.14,168751.30,0.00,36865.21,1225861.00,525642.84,1225861.00
Up,false,DiscountCurve/USD/1/5Y,0.00010000,,0.00000000,EUR,CPTY_A,2020-08-05,4.497268,37568.18,36192.50,169647.11,0.00,37211.98,1225861.00,516740.70,1225861.00
Up,false,DiscountCurve/USD/1/5Y,0.00010000,,0.00000000,EUR,CPTY_A,2020-09-08,4.590164,37399.91,35459.71,157709.00,0.00,37049.56,1225861.00,507032.67,1225861.00
Up,false,DiscountCurve/USD/1/5Y,0.00010000,,0.00000000,EUR,CPTY_A,2020-10-05,4.663934,37868.92,34977.45,162179.84,0.00,37517.61,1225861.00,499606.24,1225861.00
Up,false,DiscountCurve/USD/1/5Y,0.00010000,,0.00000000,EUR,CPTY_A,2020-11-05,4.748634,38341.58,33982.37,170853.94,0.00,37989.86,1225861.00,491372.58,1225861.00
Up,false,DiscountCurve/USD/1/5Y,0.00010000,,0.00000000,EUR,CPTY_A,2020-12-07,4.836066,39695.75,33070.64,175697.14,0.00,39335.86,1225861.00,483200.16,1225861.00
Up,false,DiscountCurve/USD/1/5Y,0.00010000,,0.00000000,EUR,CPTY_A,2021-01-05,4.915330,40947.80,32230.50,169870.28,0.00,40580.55,1225861.00,476062.45,1225861.00
Up,false,DiscountCurve/USD/1/5Y,0.00010000,,0.00000000,EUR,CPTY_A,2021-02-05,5.000262,0.00,0.00,0.00,0.00,0.00,1225861.00,467976.34,1225861.00
Up,false,FXSpot/EURUSD/0/spot,0.01132337,,0.00000000,EUR,CPTY_A,2016-02-05,0.000000,1213873.25,0.00,1213873.20,1213873.20,1213873.20,1213873.20,1213873.20,1213873.20
Up,false,FXSpot/EURUSD/0/spot,0.01132337,,0.00000000,EUR,CPTY_A,2016-03-07,0.084699,1101832.88,0.00,1853184.62,0.00,1101669.24,1213873.20,1101669.24,1213873.20
Up,false,FXSpot/EURUSD/0/spot,0.01132337,,0.00000000,EUR,CPTY_A,2016-04-05,0.163934,1119579.50,0.00,2269846.85,0.00,1119201.61,1213873.20,1110143.22,1213873.20
Up,false,FXSpot/EURUSD/0/spot,0.01132337,,0.00000000,EUR,CPTY_A,2016-05-06,0.248634,1142133.88,0.00,2546984.63,0.00,1141474.30,1213873.20,1120816.45,1213873.20
Up,false,FXSpot/EURUSD/0/spot,0.01132337,,0.00000000,EUR,CPTY_A,2016-06-06,0.333333,1160523.88,0.00,2801347.67,0.00,1159573.00,1213873.20,1130664.42,1213873.20
Up,false,FXSpot/EURUSD/0/spot,0.01132337,,0.00000000,EUR,CPTY_A,2016-07-05,0.412568,1176716.38,0.00,3267070.70,0.00,1175412.30,1213873.20,1139258.39,1213873.20
Up,false,FXSpot/EURUSD/0/spot,0.01132337,,0.00000000,EUR,CPTY_A,2016-08-05,0.497268,1193918.88,22.33,3411808.53,0.00,1192369.46,1213873.20,1148304.78,1213873.20
Up,false,FXSpot/EURUSD/0/spot,0.01132337,,0.00000000,EUR,CPTY_A,2016-09-06,0.584699,1198385.00,128.45,3671448.95,0.00,1196416.89,1213873.20,1155499.11,1213873.20
Up,false,FXSpot/EURUSD/0/spot,0.01132337,,0.00000000,EUR,CPTY_A,2016-10-05,0.663934,1197624.75,268.46,4013767.78,0.00,1195353.46,1213873.20,1160255.39,1213873.20
Up,false,FXSpot/EURUSD/0/spot,0.01132337,,0.00000000,EUR,CPTY_A,2016-11-07,0.754098,1197987.75,630.58,4302591.66,0.00,1195203.20,1213873.20,1164433.93,1213873.20
Up,false,FXSpot/EURUSD/0/spot,0.01132337,,0.00000000,EUR,CPTY_A,2016-12-05,0.830601,1190830.25,820.21,4389621.13,0.00,1187723.93,1213873.20,1166579.06,1213873.20
Up,false,FXSpot/EURUSD/0/spot,0.01132337,,0.00000000,EUR,CPTY_A,2017-01-05,0.915330,1190239.50,1266.52,4658028.59,0.00,1186783.06,1213873.20,1168449.29,1213873.20
Up,false,FXSpot/EURUSD/0/spot,0.01132337,,0.00000000,EUR,CPTY_A,2017-02-06,1.003002,1183978.13,2107.73,4977049.26,0.00,1180214.66,1213873.20,1169477.69,1213873.20
Up,false,FXSpot/EURUSD/0/spot,0.01132337,,0.00000000,EUR,CPTY_A,2017-03-06,1.079714,1183948.88,2615.38,5094773.54,0.00,1179821.66,1213873.20,1170212.61,1213873.20
Up,false,FXSpot/EURUSD/0/spot,0.01132337,,0.00000000,EUR,CPTY_A,2017-04-05,1.161906,1182359.75,3376.63,5042436.35,0.00,1177838.23,1213873.20,1170752.04,1213873.20
Up,false,FXSpot/EURUSD/0/spot,0.01132337,,0.00000000,EUR,CPTY_A,2017-05-05,1.244098,1191958.25,4035.98,5235905.31,0.00,1186996.99,1213873.20,1171825.27,1213873.20
Up,false,FXSpot/EURUSD/0/spot,0.01132337,,0.00000000,EUR,CPTY_A,2017-06-06,1.331769,1190534.63,4960.08,5475770.23,0.00,1185213.87,1213873.20,1172706.65,1213873.20
Up,false,FXSpot/EURUSD/0/spot,0.01132337,,0.00000000,EUR,CPTY_A,2017-07-05,1.411221,1186479.63,5873.06,5523048.91,0.00,1180855.25,1213873.20,1173165.42,1213873.20
Up,false,FXSpot/EURUSD/0/spot,0.01132337,,0.00000000,EUR,CPTY_A,2017-08-07,1.501632,1180053.50,6940.42,5590570.27,0.00,1174095.64,1213873.20,1173221.42,1213873.20
Up,false,FXSpot/EURUSD/0/spot,0.01132337,,0.00000000,EUR,CPTY_A,2017-09-05,1.581084,1167919.38,7781.20,5691637.98,0.00,1161692.59,1213873.20,1172642.08,1213873.20
Up,false,FXSpot/EURUSD/0/spot,0.01132337,,0.00000000,EUR,CPTY_A,2017-10-05,1.663276,1164997.63,9161.61,5803839.54,0.00,1158444.87,1213873.20,1171940.52,1213873.20
Up,false,FXSpot/EURUSD/0/spot,0.01132337,,0.00000000,EUR,CPTY_A,2017-11-06,1.750947,1154674.00,10132.84,6281721.99,0.00,1147818.29,1213873.20,1170732.70,1213873.20
Up,false,FXSpot/EURUSD/0/spot,0.01132337,,0.00000000,EUR,CPTY_A,2017-12-05,1.830399,1158267.75,11275.00,6354497.91,0.00,1151004.17,1213873.20,1169876.34,1213873.20
Up,false,FXSpot/EURUSD/0/spot,0.01132337,,0.00000000,EUR,CPTY_A,2018-01-05,1.915330,1155173.75,13054.00,6307921.13,0.00,1147510.48,1213873.20,1168884.57,1213873.20
Up,false,FXSpot/EURUSD/0/spot,0.01132337,,0.00000000,EUR,CPTY_A,2018-02-05,2.000262,11941.33,25583.43,64231.43,0.00,11857.79,1213873.20,1119757.00,1213873.20
Up,false,FXSpot/EURUSD/0/spot,0.01132337,,0.00000000,EUR,CPTY_A,2018-03-05,2.076974,12544.50,26548.15,66528.83,0.00,12454.19,1213873.20,1078859.15,1213873.20
Up,false,FXSpot/EURUSD/0/spot,0.01132337,,0.00000000,EUR,CPTY_A,2018-04-05,2.161906,13242.10,27099.49,70446.73,0.00,13144.10,1213873.20,1036992.02,1213873.20
Up,false,FXSpot/EURUSD/0/spot,0.01132337,,0.00000000,EUR,CPTY_A,2018-05-08,2.252317,13975.21,27684.86,72898.05,0.00,13868.80,1213873.20,995922.51,1213873.20
Up,false,FXSpot/EURUSD/0/spot,0.01132337,,0.00000000,EUR,CPTY_A,2018-06-05,2.329029,15031.32,28335.27,76678.83,0.00,14914.12,1213873.20,963610.58,1213873.20
Up,false,FXSpot/EURUSD/0/spot,0.01132337,,0.00000000,EUR,CPTY_A,2018-07-05,2.411221,15967.41,28892.91,76510.14,0.00,15839.82,1213873.20,931303.72,1213873.20
Up,false,FXSpot/EURUSD/0/spot,0.01132337,,0.00000000,EUR,CPTY_A,2018-08-06,2.498892,16626.04,29922.33,81929.53,0.00,16489.72,1213873.20,899208.35,1213873.20
Up,false,FXSpot/EURUSD/0/spot,0.01132337,,0.00000000,EUR,CPTY_A,2018-09-05,2.581084,16969.68,30358.25,86445.85,0.00,16827.25,1213873.20,871109.89,1213873.20
Up,false,FXSpot/EURUSD/0/spot,0.01132337,,0.00000000,EUR,CPTY_A,2018-10-05,2.663276,17856.92,30870.02,87323.05,0.00,17703.57,1213873.20,844772.78,1213873.20
Up,false,FXSpot/EURUSD/0/spot,0.01132337,,0.00000000,EUR,CPTY_A,2018-11-05,2.748207,18989.56,31242.29,93072.16,0.00,18822.66,1213873.20,819247.35,1213873.20
Up,false,FXSpot/EURUSD/0/spot,0.01132337,,0.00000000,EUR,CPTY_A,2018-12-05,2.830399,20347.49,31477.53,91846.32,0.00,20164.70,1213873.20,796042.83,1213873.20
Up,false,FXSpot/EURUSD/0/spot,0.01132337,,0.00000000,EUR,CPTY_A,2019-01-07,2.920810,21498.70,31403.09,98134.38,0.00,21300.97,1213873.20,772061.42,1213873.20
Up,false,FXSpot/EURUSD/0/spot,0.01132337,,0.00000000,EUR,CPTY_A,2019-02-05,3.000262,22058.80,32155.52,99850.08,0.00,21851.78,1213873.20,752194.59,1213873.20
Up,false,FXSpot/EURUSD/0/spot,0.01132337,,0.00000000,EUR,CPTY_A,2019-03-05,3.076974,22737.31,32816.04,104613.90,0.00,22522.15,1213873.20,734003.06,1213873.20
Up,false,FXSpot/EURUSD/0/spot,0.01132337,,0.00000000,EUR,CPTY_A,2019-04-05,3.161906,23297.10,33478.96,101650.13,0.00,23075.36,1213873.20,714906.93,1213873.20
Up,false,FXSpot/EURUSD/0/spot,0.01132337,,0.00000000,EUR,CPTY_A,2019-05-07,3.249577,24420.45,34130.92,121666.88,0.00,24186.63,1213873.20,696271.80,1213873.20
Up,false,FXSpot/EURUSD/0/spot,0.01132337,,0.00000000,EUR,CPTY_A,2019-06-05,3.329029,25245.51,34585.54,116908.66,0.00,25002.49,1213873.20,680250.99,1213873.20
Up,false,FXSpot/EURUSD/0/spot,0.01132337,,0.00000000,EUR,CPTY_A,2019-07-05,3.411221,26089.73,34711.90,136425.66,0.00,25837.20,1213873.20,664483.19,1213873.20
Up,false,FXSpot/EURUSD/0/spot,0.01132337,,0.00000000,EUR,CPTY_A,2019-08-05,3.496152,26933.40,35860.68,143727.69,0.00,26671.23,1213873.20,648988.92,1213873.20
Up,false,FXSpot/EURUSD/0/spot,0.01132337,,0.00000000,EUR,CPTY_A,2019-09-05,3.581084,27697.90,36628.15,135508.88,0.00,27426.76,1213873.20,634247.52,1213873.20
Up,false,FXSpot/EURUSD/0/spot,0.01132337,,0.00000000,EUR,CPTY_A,2019-10-07,3.668755,29234.08,37568.01,149287.83,0.00,28946.24,1213873.20,619782.80,1213873.20
Up,false,FXSpot/EURUSD/0/spot,0.01132337,,0.00000000,EUR,CPTY_A,2019-11-05,3.748207,29920.71,37714.97,147898.88,0.00,29624.58,1213873.20,607273.01,1213873.20
Up,false,FXSpot/EURUSD/0/spot,0.01132337,,0.00000000,EUR,CPTY_A,2019-12-05,3.830399,30997.47,37667.35,143803.27,0.00,30689.03,1213873.20,594900.81,1213873.20
Up,false,FXSpot/EURUSD/0/spot,0.01132337,,0.00000000,EUR,CPTY_A,2020-01-06,3.918033,31780.30,37351.67,154426.64,0.00,31462.28,1213873.20,582298.50,1213873.20
Up,false,FXSpot/EURUSD/0/spot,0.01132337,,0.00000000,EUR,CPTY_A,2020-02-05,4.000000,31826.10,37864.92,150606.05,0.00,31505.92,1213873.20,571011.77,1213873.20
Up,false,FXSpot/EURUSD/0/spot,0.01132337,,0.00000000,EUR,CPTY_A,2020-03-05,4.079235,32056.02,37173.23,156423.69,0.00,31735.66,1213873.20,560536.88,1213873.20
Up,false,FXSpot/EURUSD/0/spot,0.01132337,,0.00000000,EUR,CPTY_A,2020-04-06,4.166667,33056.82,37038.53,159936.69,0.00,32730.00,1213873.20,549461.59,1213873.20
Up,false,FXSpot/EURUSD/0/spot,0.01132337,,0.00000000,EUR,CPTY_A,2020-05-05,4.245902,34317.34,36796.66,161136.81,0.00,33981.38,1213873.20,539841.94,1213873.20
Up,false,FXSpot/EURUSD/0/spot,0.01132337,,0.00000000,EUR,CPTY_A,2020-06-05,4.330601,35575.89,36092.98,158222.63,0.00,35231.31,1213873.20,529972.59,1213873.20
Up,false,FXSpot/EURUSD/0/spot,0.01132337,,0.00000000,EUR,CPTY_A,2020-07-06,4.415301,36871.75,35507.97,167163.94,0.00,36518.44,1213873.20,520506.57,1213873.20
Up,false,FXSpot/EURUSD/0/spot,0.01132337,,0.00000000,EUR,CPTY_A,2020-08-05,4.497268,37214.80,35852.06,168051.33,0.00,36861.95,1213873.20,511691.67,1213873.20
Up,false,FXSpot/EURUSD/0/spot,0.01132337,,0.00000000,EUR,CPTY_A,2020-09-08,4.590164,37048.11,35126.16,156225.52,0.00,36701.05,1213873.20,502078.76,1213873.20
Up,false,FXSpot/EURUSD/0/spot,0.01132337,,0.00000000,EUR,CPTY_A,2020-10-05,4.663934,37512.71,34648.44,160654.31,0.00,37164.70,1213873.20,494725.11,1213873.20
Up,false,FXSpot/EURUSD/0/spot,0.01132337,,0.00000000,EUR,CPTY_A,2020-11-05,4.748634,37980.90,33662.70,169246.70,0.00,37632.49,1213873.20,486572.14,1213873.20
Up,false,FXSpot/EURUSD/0/spot,0.01132337,,0.00000000,EUR,CPTY_A,2020-12-07,4.836066,39322.36,32759.57,174044.48,0.00,38965.86,1213873.20,478479.82,1213873.20
Up,false,FXSpot/EURUSD/0/spot,0.01132337,,0.00000000,EUR,CPTY_A,2021-01-05,4.915330,40562.63,31927.33,168272.42,0.00,40198.83,1213873.20,471412.07,1213873.20
Up,false,FXSpot/EURUSD/0/spot,0.01132337,,0.00000000,EUR,CPTY_A,2021-02-05,5.000262,0.00,0.00,0.00,0.00,0.00,1213873.20,463404.95,1213873.20
Up,false,FXSpot/USDEUR/0/spot,0.00883129,,0.00000000,EUR,CPTY_A,2016-02-05,0.000000,1238272.13,0.00,1238272.10,1238272.10,1238272.10,1238272.10,1238272.10,1238272.10
Up,false,FXSpot/USDEUR/0/spot,0.00883129,,0.00000000,EUR,CPTY_A,2016-03-07,0.084699,1123979.63,0.00,1890433.66,0.00,1123812.79,1238272.10,1123812.79,1238272.10
Up,false,FXSpot/USDEUR/0/spot,0.00883129,,0.00000000,EUR,CPTY_A,2016-04-05,0.163934,1142083.00,0.00,2315470.87,0.00,1141697.56,1238272.10,1132457.10,1238272.10
Up,false,FXSpot/USDEUR/0/spot,0.00883129,,0.00000000,EUR,CPTY_A,2016-05-06,0.248634,1165090.75,0.00,2598179.11,0.00,1164417.93,1238272.10,1143344.86,1238272.10
Up,false,FXSpot/USDEUR/0/spot,0.00883129,,0.00000000,EUR,CPTY_A,2016-06-06,0.333333,1183850.38,0.00,2857654.56,0.00,1182880.42,1238272.10,1153390.78,1238272.10
Up,false,FXSpot/USDEUR/0/spot,0.00883129,,0.00000000,EUR,CPTY_A,2016-07-05,0.412568,1200368.38,0.00,3332738.78,0.00,1199038.08,1238272.10,1162157.48,1238272.10
Up,false,FXSpot/USDEUR/0/spot,0.00883129,,0.00000000,EUR,CPTY_A,2016-08-05,0.497268,1217916.63,22.78,3480385.99,0.00,1216336.09,1238272.10,1171385.70,1238272.10
Up,false,FXSpot/USDEUR/0/spot,0.00883129,,0.00000000,EUR,CPTY_A,2016-09-06,0.584699,1222472.50,131.03,3745245.04,0.00,1220464.87,1238272.10,1178724.64,1238272.10
Up,false,FXSpot/USDEUR/0/spot,0.00883129,,0.00000000,EUR,CPTY_A,2016-10-05,0.663934,1221697.00,273.86,4094444.41,0.00,1219380.06,1238272.10,1183576.52,1238272.10
Up,false,FXSpot/USDEUR/0/spot,0.00883129,,0.00000000,EUR,CPTY_A,2016-11-07,0.754098,1222067.25,643.25,4389073.40,0.00,1219226.78,1238272.10,1187839.06,1238272.10
Up,false,FXSpot/USDEUR/0/spot,0.00883129,,0.00000000,EUR,CPTY_A,2016-12-05,0.830601,1214765.88,836.69,4477852.09,0.00,1211597.18,1238272.10,1190027.30,1238272.10
Up,false,FXSpot/USDEUR/0/spot,0.00883129,,0.00000000,EUR,CPTY_A,2017-01-05,0.915330,1214163.25,1291.98,4751655.13,0.00,1210637.40,1238272.10,1191935.12,1238272.10
Up,false,FXSpot/USDEUR/0/spot,0.00883129,,0.00000000,EUR,CPTY_A,2017-02-06,1.003002,1207776.13,2150.10,5077087.65,0.00,1203936.97,1238272.10,1192984.19,1238272.10
Up,false,FXSpot/USDEUR/0/spot,0.00883129,,0.00000000,EUR,CPTY_A,2017-03-06,1.079714,1207746.13,2667.95,5197178.70,0.00,1203536.07,1238272.10,1193733.88,1238272.10
Up,false,FXSpot/USDEUR/0/spot,0.00883129,,0.00000000,EUR,CPTY_A,2017-04-05,1.161906,1206125.25,3444.50,5143788.98,0.00,1201512.78,1238272.10,1194284.15,1238272.10
Up,false,FXSpot/USDEUR/0/spot,0.00883129,,0.00000000,EUR,CPTY_A,2017-05-05,1.244098,1215916.63,4117.11,5341146.87,0.00,1210855.63,1238272.10,1195378.96,1238272.10
Up,false,FXSpot/USDEUR/0/spot,0.00883129,,0.00000000,EUR,CPTY_A,2017-06-06,1.331769,1214464.38,5059.78,5585833.36,0.00,1209036.67,1238272.10,1196278.05,1238272.10
Up,false,FXSpot/USDEUR/0/spot,0.00883129,,0.00000000,EUR,CPTY_A,2017-07-05,1.411221,1210327.88,5991.11,5634062.57,0.00,1204590.45,1238272.10,1196746.04,1238272.10
Up,false,FXSpot/USDEUR/0/spot,0.00883129,,0.00000000,EUR,CPTY_A,2017-08-07,1.501632,1203772.63,7079.92,5702940.86,0.00,1197694.96,1238272.10,1196803.17,1238272.10
Up,false,FXSpot/USDEUR/0/spot,0.00883129,,0.00000000,EUR,CPTY_A,2017-09-05,1.581084,1191394.50,7937.60,5806039.75,0.00,1185042.60,1238272.10,1196212.19,1238272.10
Up,false,FXSpot/USDEUR/0/spot,0.00883129,,0.00000000,EUR,CPTY_A,2017-10-05,1.663276,1188414.13,9345.76,5920497.12,0.00,1181729.60,1238272.10,1195496.52,1238272.10
Up,false,FXSpot/USDEUR/0/spot,0.00883129,,0.00000000,EUR,CPTY_A,2017-11-06,1.750947,1177883.00,10336.51,6407984.61,0.00,1170889.44,1238272.10,1194264.43,1238272.10
Up,false,FXSpot/USDEUR/0/spot,0.00883129,,0.00000000,EUR,CPTY_A,2017-12-05,1.830399,1181548.88,11501.63,6482223.33,0.00,1174139.35,1238272.10,1193390.86,1238272.10
Up,false,FXSpot/USDEUR/0/spot,0.00883129,,0.00000000,EUR,CPTY_A,2018-01-05,1.915330,1178392.75,13316.39,6434710.05,0.00,1170575.45,1238272.10,1192379.15,1238272.10
Up,false,FXSpot/USDEUR/0/spot,0.00883129,,0.00000000,EUR,CPTY_A,2018-02-05,2.000262,12181.35,26097.65,65522.48,0.00,12096.13,1238272.10,1142264.11,1238272.10
Up,false,FXSpot/USDEUR/0/spot,0.00883129,,0.00000000,EUR,CPTY_A,2018-03-05,2.076974,12796.65,27081.77,67866.05,0.00,12704.52,1238272.10,1100544.22,1238272.10
Up,false,FXSpot/USDEUR/0/spot,0.00883129,,0.00000000,EUR,CPTY_A,2018-04-05,2.161906,13508.27,27644.19,71862.70,0.00,13408.30,1238272.10,1057835.56,1238272.10
Up,false,FXSpot/USDEUR/0/spot,0.00883129,,0.00000000,EUR,CPTY_A,2018-05-08,2.252317,14256.12,28241.32,74363.30,0.00,14147.56,1238272.10,1015940.55,1238272.10
Up,false,FXSpot/USDEUR/0/spot,0.00883129,,0.00000000,EUR,CPTY_A,2018-06-05,2.329029,15333.45,28904.81,78220.08,0.00,15213.90,1238272.10,982979.15,1238272.10
Up,false,FXSpot/USDEUR/0/spot,0.00883129,,0.00000000,EUR,CPTY_A,2018-07-05,2.411221,16288.36,29473.65,78047.99,0.00,16158.20,1238272.10,950022.92,1238272.10
Up,false,FXSpot/USDEUR/0/spot,0.00883129,,0.00000000,EUR,CPTY_A,2018-08-06,2.498892,16960.22,30523.77,83576.32,0.00,16821.17,1238272.10,917282.44,1238272.10
Up,false,FXSpot/USDEUR/0/spot,0.00883129,,0.00000000,EUR,CPTY_A,2018-09-05,2.581084,17310.77,30968.45,88183.41,0.00,17165.48,1238272.10,888619.20,1238272.10
Up,false,FXSpot/USDEUR/0/spot,0.00883129,,0.00000000,EUR,CPTY_A,2018-10-05,2.663276,18215.85,31490.50,89078.23,0.00,18059.41,1238272.10,861752.71,1238272.10
Up,false,FXSpot/USDEUR/0/spot,0.00883129,,0.00000000,EUR,CPTY_A,2018-11-05,2.748207,19371.25,31870.27,94942.91,0.00,19201.00,1238272.10,835714.22,1238272.10
Up,false,FXSpot/USDEUR/0/spot,0.00883129,,0.00000000,EUR,CPTY_A,2018-12-05,2.830399,20756.47,32110.23,93692.43,0.00,20570.01,1238272.10,812043.29,1238272.10
Up,false,FXSpot/USDEUR/0/spot,0.00883129,,0.00000000,EUR,CPTY_A,2019-01-07,2.920810,21930.83,32034.29,100106.88,0.00,21729.12,1238272.10,787579.85,1238272.10
Up,false,FXSpot/USDEUR/0/spot,0.00883129,,0.00000000,EUR,CPTY_A,2019-02-05,3.000262,22502.19,32801.85,101857.06,0.00,22291.00,1238272.10,767313.70,1238272.10
Up,false,FXSpot/USDEUR/0/spot,0.00883129,,0.00000000,EUR,CPTY_A,2019-03-05,3.076974,23194.33,33475.64,106716.63,0.00,22974.84,1238272.10,748756.52,1238272.10
Up,false,FXSpot/USDEUR/0/spot,0.00883129,,0.00000000,EUR,CPTY_A,2019-04-05,3.161906,23765.37,34151.88,103693.30,0.00,23539.17,1238272.10,729276.56,1238272.10
Up,false,FXSpot/USDEUR/0/spot,0.00883129,,0.00000000,EUR,CPTY_A,2019-05-07,3.249577,24911.30,34816.95,124112.38,0.00,24672.78,1238272.10,710266.86,1238272.10
Up,false,FXSpot/USDEUR/0/spot,0.00883129,,0.00000000,EUR,CPTY_A,2019-06-05,3.329029,25752.94,35280.71,119258.53,0.00,25505.04,1238272.10,693924.04,1238272.10
Up,false,FXSpot/USDEUR/0/spot,0.00883129,,0.00000000,EUR,CPTY_A,2019-07-05,3.411221,26614.13,35409.61,139167.81,0.00,26356.53,1238272.10,677839.31,1238272.10
Up,false,FXSpot/USDEUR/0/spot,0.00883129,,0.00000000,EUR,CPTY_A,2019-08-05,3.496152,27474.77,36581.48,146616.61,0.00,27207.32,1238272.10,662033.60,1238272.10
Up,false,FXSpot/USDEUR/0/spot,0.00883129,,0.00000000,EUR,CPTY_A,2019-09-05,3.581084,28254.63,37364.38,138232.61,0.00,27978.04,1238272.10,646995.89,1238272.10
Up,false,FXSpot/USDEUR/0/spot,0.00883129,,0.00000000,EUR,CPTY_A,2019-10-07,3.668755,29821.68,38323.13,152288.52,0.00,29528.06,1238272.10,632240.43,1238272.10
Up,false,FXSpot/USDEUR/0/spot,0.00883129,,0.00000000,EUR,CPTY_A,2019-11-05,3.748207,30522.12,38473.04,150871.64,0.00,30220.03,1238272.10,619479.20,1238272.10
Up,false,FXSpot/USDEUR/0/spot,0.00883129,,0.00000000,EUR,CPTY_A,2019-12-05,3.830399,31620.52,38424.46,146693.72,0.00,31305.88,1238272.10,606858.32,1238272.10
Up,false,FXSpot/USDEUR/0/spot,0.00883129,,0.00000000,EUR,CPTY_A,2020-01-06,3.918033,32419.09,38102.44,157530.61,0.00,32094.67,1238272.10,594002.70,1238272.10
Up,false,FXSpot/USDEUR/0/spot,0.00883129,,0.00000000,EUR,CPTY_A,2020-02-05,4.000000,32465.80,38626.01,153633.22,0.00,32139.19,1238272.10,582489.10,1238272.10
Up,false,FXSpot/USDEUR/0/spot,0.00883129,,0.00000000,EUR,CPTY_A,2020-03-05,4.079235,32700.34,37920.42,159567.80,0.00,32373.54,1238272.10,571803.67,1238272.10
Up,false,FXSpot/USDEUR/0/spot,0.00883129,,0.00000000,EUR,CPTY_A,2020-04-06,4.166667,33721.26,37783.01,163151.41,0.00,33387.87,1238272.10,560505.77,1238272.10
Up,false,FXSpot/USDEUR/0/spot,0.00883129,,0.00000000,EUR,CPTY_A,2020-05-05,4.245902,35007.11,37536.27,164375.67,0.00,34664.41,1238272.10,550692.77,1238272.10
Up,false,FXSpot/USDEUR/0/spot,0.00883129,,0.00000000,EUR,CPTY_A,2020-06-05,4.330601,36290.96,36818.45,161402.91,0.00,35939.46,1238272.10,540625.04,1238272.10
Up,false,FXSpot/USDEUR/0/spot,0.00883129,,0.00000000,EUR,CPTY_A,2020-07-06,4.415301,37612.87,36221.68,170523.94,0.00,37252.46,1238272.10,530968.76,1238272.10
Up,false,FXSpot/USDEUR/0/spot,0.00883129,,0.00000000,EUR,CPTY_A,2020-08-05,4.497268,37962.82,36572.69,171429.17,0.00,37602.87,1238272.10,521976.67,1238272.10
Up,false,FXSpot/USDEUR/0/spot,0.00883129,,0.00000000,EUR,CPTY_A,2020-09-08,4.590164,37792.77,35832.20,159365.66,0.00,37438.74,1238272.10,512170.54,1238272.10
Up,false,FXSpot/USDEUR/0/spot,0.00883129,,0.00000000,EUR,CPTY_A,2020-10-05,4.663934,38266.72,35344.88,163883.47,0.00,37911.71,1238272.10,504669.09,1238272.10
Up,false,FXSpot/USDEUR/0/spot,0.00883129,,0.00000000,EUR,CPTY_A,2020-11-05,4.748634,38744.32,34339.32,172648.56,0.00,38388.90,1238272.10,496352.24,1238272.10
Up,false,FXSpot/USDEUR/0/spot,0.00883129,,0.00000000,EUR,CPTY_A,2020-12-07,4.836066,40112.73,33418.03,177542.78,0.00,39749.07,1238272.10,488097.26,1238272.10
Up,false,FXSpot/USDEUR/0/spot,0.00883129,,0.00000000,EUR,CPTY_A,2021-01-05,4.915330,41377.95,32569.07,171654.70,0.00,41006.83,1238272.10,480887.46,1238272.10
Up,false,FXSpot/USDEUR/0/spot,0.00883129,,0.00000000,EUR,CPTY_A,2021-02-05,5.000262,0.00,0.00,0.00,0.00,0.00,1238272.10,472719.39,1238272.10
Up,false,EquitySpot/SP5/0/spot,21.47560000,,0.00000000,EUR,CPTY_A,2016-02-05,0.000000,1297036.00,0.00,1297035.95,1297035.95,1297035.95,1297035.95,1297035.95,1297035.95
Up,false,EquitySpot/SP5/0/spot,21.47560000,,0.00000000,EUR,CPTY_A,2016-03-07,0.084699,1182817.13,0.00,1973050.37,0.00,1182641.46,1297035.95,1182641.46,1297035.95
Up,false,EquitySpot/SP5/0/spot,21.47560000,,0.00000000,EUR,CPTY_A,2016-04-05,0.163934,1201143.63,0.00,2408947.37,0.00,1200738.21,1297035.95,1191388.22,1297035.95
Up,false,EquitySpot/SP5/0/spot,21.47560000,,0.00000000,EUR,CPTY_A,2016-05-06,0.248634,1224381.25,0.00,2698271.94,0.00,1223674.15,1297035.95,1202386.73,1297035.95
Up,false,EquitySpot/SP5/0/spot,21.47560000,,0.00000000,EUR,CPTY_A,2016-06-06,0.333333,1243241.13,0.00,2968528.51,0.00,1242222.50,1297035.95,1212508.93,1297035.95
Up,false,EquitySpot/SP5/0/spot,21.47560000,,0.00000000,EUR,CPTY_A,2016-07-05,0.412568,1259805.50,0.00,3447847.68,0.00,1258409.29,1297035.95,1221324.23,1297035.95
Up,false,EquitySpot/SP5/0/spot,21.47560000,,0.00000000,EUR,CPTY_A,2016-08-05,0.497268,1277436.13,17.62,3608147.49,0.00,1275778.31,1297035.95,1230599.38,1297035.95
Up,false,EquitySpot/SP5/0/spot,21.47560000,,0.00000000,EUR,CPTY_A,2016-09-06,0.584699,1282148.00,113.65,3876279.28,0.00,1280042.41,1297035.95,1237992.73,1297035.95
Up,false,EquitySpot/SP5/0/spot,21.47560000,,0.00000000,EUR,CPTY_A,2016-10-05,0.663934,1281110.00,237.47,4239551.19,0.00,1278680.41,1297035.95,1242848.46,1297035.95
Up,false,EquitySpot/SP5/0/spot,21.47560000,,0.00000000,EUR,CPTY_A,2016-11-07,0.754098,1281327.50,579.20,4522495.86,0.00,1278349.21,1297035.95,1247093.11,1297035.95
Up,false,EquitySpot/SP5/0/spot,21.47560000,,0.00000000,EUR,CPTY_A,2016-12-05,0.830601,1273815.25,752.78,4600866.58,0.00,1270492.42,1297035.95,1249248.31,1297035.95
Up,false,EquitySpot/SP5/0/spot,21.47560000,,0.00000000,EUR,CPTY_A,2017-01-05,0.915330,1273223.00,1172.98,4888727.49,0.00,1269525.59,1297035.95,1251125.32,1297035.95
Up,false,EquitySpot/SP5/0/spot,21.47560000,,0.00000000,EUR,CPTY_A,2017-02-06,1.003002,1266697.38,1974.72,5252040.04,0.00,1262670.97,1297035.95,1252134.51,1297035.95
Up,false,EquitySpot/SP5/0/spot,21.47560000,,0.00000000,EUR,CPTY_A,2017-03-06,1.079714,1266621.88,2431.39,5347190.43,0.00,1262206.57,1297035.95,1252850.12,1297035.95
Up,false,EquitySpot/SP5/0/spot,21.47560000,,0.00000000,EUR,CPTY_A,2017-04-05,1.161906,1264836.38,3206.20,5346454.88,0.00,1259999.42,1297035.95,1253355.85,1297035.95
Up,false,EquitySpot/SP5/0/spot,21.47560000,,0.00000000,EUR,CPTY_A,2017-05-05,1.244098,1274893.88,3864.44,5482932.79,0.00,1269587.36,1297035.95,1254428.19,1297035.95
Up,false,EquitySpot/SP5/0/spot,21.47560000,,0.00000000,EUR,CPTY_A,2017-06-06,1.331769,1273103.00,4738.46,5762663.12,0.00,1267413.27,1297035.95,1255283.01,1297035.95
Up,false,EquitySpot/SP5/0/spot,21.47560000,,0.00000000,EUR,CPTY_A,2017-07-05,1.411221,1268901.75,5650.04,5773528.77,0.00,1262886.65,1297035.95,1255711.10,1297035.95
Up,false,EquitySpot/SP5/0/spot,21.47560000,,0.00000000,EUR,CPTY_A,2017-08-07,1.501632,1262168.00,6708.21,5860196.27,0.00,1255795.56,1297035.95,1255716.18,1297035.95
Up,false,EquitySpot/SP5/0/spot,21.47560000,,0.00000000,EUR,CPTY_A,2017-09-05,1.581084,1249141.50,7496.14,5961771.29,0.00,1242481.68,1297035.95,1255051.13,1297035.95
Up,false,EquitySpot/SP5/0/spot,21.47560000,,0.00000000,EUR,CPTY_A,2017-10-05,1.663276,1246315.38,8935.61,6090621.22,0.00,1239305.18,1297035.95,1254273.03,1297035.95
Up,false,EquitySpot/SP5/0/spot,21.47560000,,0.00000000,EUR,CPTY_A,2017-11-06,1.750947,1235608.38,9886.88,6538748.50,0.00,1228272.07,1297035.95,1252971.14,1297035.95
Up,false,EquitySpot/SP5/0/spot,21.47560000,,0.00000000,EUR,CPTY_A,2017-12-05,1.830399,1239300.13,11049.03,6618648.27,0.00,1231528.38,1297035.95,1252040.38,1297035.95
Up,false,EquitySpot/SP5/0/spot,21.47560000,,0.00000000,EUR,CPTY_A,2018-01-05,1.915330,1235077.75,12659.89,6583510.51,0.00,1226884.48,1297035.95,1250924.89,1297035.95
Up,false,EquitySpot/SP5/0/spot,21.47560000,,0.00000000,EUR,CPTY_A,2018-02-05,2.000262,12060.75,25839.26,64873.74,0.00,11976.36,1297035.95,1198318.90,1297035.95
Up,false,EquitySpot/SP5/0/spot,21.47560000,,0.00000000,EUR,CPTY_A,2018-03-05,2.076974,12669.95,26813.63,67194.12,0.00,12578.73,1297035.95,1154523.99,1297035.95
Up,false,EquitySpot/SP5/0/spot,21.47560000,,0.00000000,EUR,CPTY_A,2018-04-05,2.161906,13374.52,27370.48,71151.20,0.00,13275.55,1297035.95,1109689.50,1297035.95
Up,false,EquitySpot/SP5/0/spot,21.47560000,,0.00000000,EUR,CPTY_A,2018-05-08,2.252317,14114.97,27961.71,73627.02,0.00,14007.49,1297035.95,1065707.39,1297035.95
Up,false,EquitySpot/SP5/0/spot,21.47560000,,0.00000000,EUR,CPTY_A,2018-06-05,2.329029,15181.63,28618.62,77445.62,0.00,15063.27,1297035.95,1031101.82,1297035.95
Up,false,EquitySpot/SP5/0/spot,21.47560000,,0.00000000,EUR,CPTY_A,2018-07-05,2.411221,16127.09,29181.84,77275.24,0.00,15998.21,1297035.95,996499.78,1297035.95
Up,false,EquitySpot/SP5/0/spot,21.47560000,,0.00000000,EUR,CPTY_A,2018-08-06,2.498892,16792.30,30221.56,82748.83,0.00,16654.62,1297035.95,962122.85,1297035.95
Up,false,EquitySpot/SP5/0/spot,21.47560000,,0.00000000,EUR,CPTY_A,2018-09-05,2.581084,17139.38,30661.83,87310.31,0.00,16995.52,1297035.95,932026.31,1297035.95
Up,false,EquitySpot/SP5/0/spot,21.47560000,,0.00000000,EUR,CPTY_A,2018-10-05,2.663276,18035.49,31178.72,88196.27,0.00,17880.61,1297035.95,903814.71,1297035.95
Up,false,EquitySpot/SP5/0/spot,21.47560000,,0.00000000,EUR,CPTY_A,2018-11-05,2.748207,19179.46,31554.72,94002.88,0.00,19010.89,1297035.95,876470.44,1297035.95
Up,false,EquitySpot/SP5/0/spot,21.47560000,,0.00000000,EUR,CPTY_A,2018-12-05,2.830399,20550.96,31792.30,92764.78,0.00,20366.34,1297035.95,851610.09,1297035.95
Up,false,EquitySpot/SP5/0/spot,21.47560000,,0.00000000,EUR,CPTY_A,2019-01-07,2.920810,21713.69,31717.12,99115.73,0.00,21513.98,1297035.95,825915.23,1297035.95
Up,false,EquitySpot/SP5/0/spot,21.47560000,,0.00000000,EUR,CPTY_A,2019-02-05,3.000262,22279.39,32477.08,100848.58,0.00,22070.29,1297035.95,804628.05,1297035.95
Up,false,EquitySpot/SP5/0/spot,21.47560000,,0.00000000,EUR,CPTY_A,2019-03-05,3.076974,22964.69,33144.20,105660.03,0.00,22747.37,1297035.95,785134.91,1297035.95
Up,false,EquitySpot/SP5/0/spot,21.47560000,,0.00000000,EUR,CPTY_A,2019-04-05,3.161906,23530.07,33813.75,102666.63,0.00,23306.11,1297035.95,764671.53,1297035.95
Up,false,EquitySpot/SP5/0/spot,21.47560000,,0.00000000,EUR,CPTY_A,2019-05-07,3.249577,24664.65,34472.23,122883.55,0.00,24428.49,1297035.95,744700.31,1297035.95
Up,false,EquitySpot/SP5/0/spot,21.47560000,,0.00000000,EUR,CPTY_A,2019-06-05,3.329029,25497.96,34931.40,118077.75,0.00,25252.51,1297035.95,727529.66,1297035.95
Up,false,EquitySpot/SP5/0/spot,21.47560000,,0.00000000,EUR,CPTY_A,2019-07-05,3.411221,26350.63,35059.02,137789.92,0.00,26095.57,1297035.95,710628.93,1297035.95
Up,false,EquitySpot/SP5/0/spot,21.47560000,,0.00000000,EUR,CPTY_A,2019-08-05,3.496152,27202.74,36219.28,145164.95,0.00,26937.94,1297035.95,694020.13,1297035.95
Up,false,EquitySpot/SP5/0/spot,21.47560000,,0.00000000,EUR,CPTY_A,2019-09-05,3.581084,27974.88,36994.43,136863.97,0.00,27701.03,1297035.95,678217.24,1297035.95
Up,false,EquitySpot/SP5/0/spot,21.47560000,,0.00000000,EUR,CPTY_A,2019-10-07,3.668755,29526.42,37943.69,150780.70,0.00,29235.71,1297035.95,662708.70,1297035.95
Up,false,EquitySpot/SP5/0/spot,21.47560000,,0.00000000,EUR,CPTY_A,2019-11-05,3.748207,30219.92,38092.13,149377.86,0.00,29920.82,1297035.95,649295.28,1297035.95
Up,false,EquitySpot/SP5/0/spot,21.47560000,,0.00000000,EUR,CPTY_A,2019-12-05,3.830399,31307.45,38044.02,145241.30,0.00,30995.93,1297035.95,636027.96,1297035.95
Up,false,EquitySpot/SP5/0/spot,21.47560000,,0.00000000,EUR,CPTY_A,2020-01-06,3.918033,32098.11,37725.19,155970.91,0.00,31776.90,1297035.95,622512.80,1297035.95
Up,false,EquitySpot/SP5/0/spot,21.47560000,,0.00000000,EUR,CPTY_A,2020-02-05,4.000000,32144.36,38243.57,152112.11,0.00,31820.98,1297035.95,610408.46,1297035.95
Up,false,EquitySpot/SP5/0/spot,21.47560000,,0.00000000,EUR,CPTY_A,2020-03-05,4.079235,32376.58,37544.97,157987.92,0.00,32053.01,1297035.95,599174.50,1297035.95
Up,false,EquitySpot/SP5/0/spot,21.47560000,,0.00000000,EUR,CPTY_A,2020-04-06,4.166667,33387.39,37408.92,161536.05,0.00,33057.30,1297035.95,587295.32,1297035.95
Up,false,EquitySpot/SP5/0/spot,21.47560000,,0.00000000,EUR,CPTY_A,2020-05-05,4.245902,34660.51,37164.63,162748.19,0.00,34321.20,1297035.95,576975.98,1297035.95
Up,false,EquitySpot/SP5/0/spot,21.47560000,,0.00000000,EUR,CPTY_A,2020-06-05,4.330601,35931.65,36453.91,159804.86,0.00,35583.62,1297035.95,566387.24,1297035.95
Up,false,EquitySpot/SP5/0/spot,21.47560000,,0.00000000,EUR,CPTY_A,2020-07-06,4.415301,37240.46,35863.05,168835.58,0.00,36883.63,1297035.95,556229.68,1297035.95
Up,false,EquitySpot/SP5/0/spot,21.47560000,,0.00000000,EUR,CPTY_A,2020-08-05,4.497268,37586.95,36210.58,169731.84,0.00,37230.57,1297035.95,546770.40,1297035.95
Up,false,EquitySpot/SP5/0/spot,21.47560000,,0.00000000,EUR,CPTY_A,2020-09-08,4.590164,37418.59,35477.42,157787.78,0.00,37068.06,1297035.95,536455.00,1297035.95
Up,false,EquitySpot/SP5/0/spot,21.47560000,,0.00000000,EUR,CPTY_A,2020-10-05,4.663934,37887.84,34994.93,162260.86,0.00,37536.35,1297035.95,528563.49,1297035.95
Up,false,EquitySpot/SP5/0/spot,21.47560000,,0.00000000,EUR,CPTY_A,2020-11-05,4.748634,38360.71,33999.32,170939.17,0.00,38008.82,1297035.95,519813.66,1297035.95
Up,false,EquitySpot/SP5/0/spot,21.47560000,,0.00000000,EUR,CPTY_A,2020-12-07,4.836066,39715.58,33087.16,175784.92,0.00,39355.52,1297035.95,511127.41,1297035.95
Up,false,EquitySpot/SP5/0/spot,21.47560000,,0.00000000,EUR,CPTY_A,2021-01-05,4.915330,40968.26,32246.60,169955.16,0.00,40600.82,1297035.95,503539.67,1297035.95
Up,false,EquitySpot/SP5/0/spot,21.47560000,,0.00000000,EUR,CPTY_A,2021-02-05,5.000262,0.00,0.00,0.00,0.00,0.00,1297035.95,494986.85,1297035.95
Up,false,EquityVolatility/SP5/0/6M/ATM,0.00250000,,0.00000000,EUR,CPTY_A,2016-02-05,0.000000,1230604.75,0.00,1230604.70,1230604.70,1230604.70,1230604.70,1230604.70,1230604.70
Up,false,EquityVolatility/SP5/0/6M/ATM,0.00250000,,0.00000000,EUR,CPTY_A,2016-03-07,0.084699,1117211.50,0.00,1886219.37,0.00,1117045.60,1230604.70,1117045.60,1230604.70
Up,false,EquityVolatility/SP5/0/6M/ATM,0.00250000,,0.00000000,EUR,CPTY_A,2016-04-05,0.163934,1135766.38,0.00,2312982.87,0.00,1135383.09,1230604.70,1125908.72,1230604.70
Up,false,EquityVolatility/SP5/0/6M/ATM,0.00250000,,0.00000000,EUR,CPTY_A,2016-05-06,0.248634,1159292.38,0.00,2598996.44,0.00,1158622.91,1230604.70,1137053.12,1230604.70
Up,false,EquityVolatility/SP5/0/6M/ATM,0.00250000,,0.00000000,EUR,CPTY_A,2016-06-06,0.333333,1178594.50,0.00,2859256.40,0.00,1177628.89,1230604.70,1147363.35,1230604.70
Up,false,EquityVolatility/SP5/0/6M/ATM,0.00250000,,0.00000000,EUR,CPTY_A,2016-07-05,0.412568,1195639.50,0.00,3333023.18,0.00,1194314.43,1230604.70,1156380.45,1230604.70
Up,false,EquityVolatility/SP5/0/6M/ATM,0.00250000,,0.00000000,EUR,CPTY_A,2016-08-05,0.497268,1213802.50,25.29,3486241.74,0.00,1212227.25,1230604.70,1165892.82,1230604.70
Up,false,EquityVolatility/SP5/0/6M/ATM,0.00250000,,0.00000000,EUR,CPTY_A,2016-09-06,0.584699,1218784.75,135.05,3749490.78,0.00,1216783.21,1230604.70,1173502.60,1230604.70
Up,false,EquityVolatility/SP5/0/6M/ATM,0.00250000,,0.00000000,EUR,CPTY_A,2016-10-05,0.663934,1218419.88,281.50,4100229.69,0.00,1216109.16,1230604.70,1178587.33,1230604.70
Up,false,EquityVolatility/SP5/0/6M/ATM,0.00250000,,0.00000000,EUR,CPTY_A,2016-11-07,0.754098,1219197.00,654.98,4396241.36,0.00,1216363.18,1230604.70,1183104.01,1230604.70
Up,false,EquityVolatility/SP5/0/6M/ATM,0.00250000,,0.00000000,EUR,CPTY_A,2016-12-05,0.830601,1212191.88,851.23,4488609.58,0.00,1209029.85,1230604.70,1185491.91,1230604.70
Up,false,EquityVolatility/SP5/0/6M/ATM,0.00250000,,0.00000000,EUR,CPTY_A,2017-01-05,0.915330,1211980.38,1310.06,4769735.99,0.00,1208460.88,1230604.70,1187618.08,1230604.70
Up,false,EquityVolatility/SP5/0/6M/ATM,0.00250000,,0.00000000,EUR,CPTY_A,2017-02-06,1.003002,1206047.38,2173.83,5091993.54,0.00,1202213.64,1230604.70,1188893.86,1230604.70
Up,false,EquityVolatility/SP5/0/6M/ATM,0.00250000,,0.00000000,EUR,CPTY_A,2017-03-06,1.079714,1206478.38,2693.74,5209384.43,0.00,1202272.65,1230604.70,1189844.41,1230604.70
Up,false,EquityVolatility/SP5/0/6M/ATM,0.00250000,,0.00000000,EUR,CPTY_A,2017-04-05,1.161906,1205321.63,3456.05,5154171.88,0.00,1200712.25,1230604.70,1190613.19,1230604.70
Up,false,EquityVolatility/SP5/0/6M/ATM,0.00250000,,0.00000000,EUR,CPTY_A,2017-05-05,1.244098,1215612.88,4113.16,5357853.29,0.00,1210553.18,1230604.70,1191930.53,1230604.70
Up,false,EquityVolatility/SP5/0/6M/ATM,0.00250000,,0.00000000,EUR,CPTY_A,2017-06-06,1.331769,1214723.25,5043.61,5604461.12,0.00,1209294.40,1230604.70,1193073.61,1230604.70
Up,false,EquityVolatility/SP5/0/6M/ATM,0.00250000,,0.00000000,EUR,CPTY_A,2017-07-05,1.411221,1211077.63,5957.21,5638286.26,0.00,1205336.61,1230604.70,1193764.02,1230604.70
Up,false,EquityVolatility/SP5/0/6M/ATM,0.00250000,,0.00000000,EUR,CPTY_A,2017-08-07,1.501632,1205081.25,7020.74,5709627.27,0.00,1198996.96,1230604.70,1194079.08,1230604.70
Up,false,EquityVolatility/SP5/0/6M/ATM,0.00250000,,0.00000000,EUR,CPTY_A,2017-09-05,1.581084,1192556.38,7873.67,5812046.79,0.00,1186198.20,1230604.70,1193683.06,1230604.70
Up,false,EquityVolatility/SP5/0/6M/ATM,0.00250000,,0.00000000,EUR,CPTY_A,2017-10-05,1.663276,1189438.00,9270.05,5943411.72,0.00,1182747.71,1230604.70,1193142.68,1230604.70
Up,false,EquityVolatility/SP5/0/6M/ATM,0.00250000,,0.00000000,EUR,CPTY_A,2017-11-06,1.750947,1178844.50,10253.34,6421074.91,0.00,1171845.19,1230604.70,1192076.30,1230604.70
Up,false,EquityVolatility/SP5/0/6M/ATM,0.00250000,,0.00000000,EUR,CPTY_A,2017-12-05,1.830399,1182644.88,11411.52,6479974.27,0.00,1175228.48,1230604.70,1191344.99,1230604.70
Up,false,EquityVolatility/SP5/0/6M/ATM,0.00250000,,0.00000000,EUR,CPTY_A,2018-01-05,1.915330,1179650.63,13207.59,6437507.12,0.00,1171825.04,1230604.70,1190479.41,1230604.70
Up,false,EquityVolatility/SP5/0/6M/ATM,0.00250000,,0.00000000,EUR,CPTY_A,2018-02-05,2.000262,12060.75,25839.26,64873.74,0.00,11976.36,1230604.70,1140439.95,1230604.70
Up,false,EquityVolatility/SP5/0/6M/ATM,0.00250000,,0.00000000,EUR,CPTY_A,2018-03-05,2.076974,12669.95,26813.63,67194.12,0.00,12578.73,1230604.70,1098782.78,1230604.70
Up,false,EquityVolatility/SP5/0/6M/ATM,0.00250000,,0.00000000,EUR,CPTY_A,2018-04-05,2.161906,13374.52,27370.48,71151.20,0.00,13275.55,1230604.70,1056138.11,1230604.70
Up,false,EquityVolatility/SP5/0/6M/ATM,0.00250000,,0.00000000,EUR,CPTY_A,2018-05-08,2.252317,14114.97,27961.71,73627.02,0.00,14007.49,1230604.70,1014305.62,1230604.70
Up,false,EquityVolatility/SP5/0/6M/ATM,0.00250000,,0.00000000,EUR,CPTY_A,2018-06-05,2.329029,15181.63,28618.62,77445.62,0.00,15063.27,1230604.70,981393.10,1230604.70
Up,false,EquityVolatility/SP5/0/6M/ATM,0.00250000,,0.00000000,EUR,CPTY_A,2018-07-05,2.411221,16127.09,29181.84,77275.24,0.00,15998.21,1230604.70,948485.49,1230604.70
Up,false,EquityVolatility/SP5/0/6M/ATM,0.00250000,,0.00000000,EUR,CPTY_A,2018-08-06,2.498892,16792.30,30221.56,82748.83,0.00,16654.62,1230604.70,915793.10,1230604.70
Up,false,EquityVolatility/SP5/0/6M/ATM,0.00250000,,0.00000000,EUR,CPTY_A,2018-09-05,2.581084,17139.38,30661.83,87310.31,0.00,16995.52,1230604.70,887171.88,1230604.70
Up,false,EquityVolatility/SP5/0/6M/ATM,0.00250000,,0.00000000,EUR,CPTY_A,2018-10-05,2.663276,18035.49,31178.72,88196.27,0.00,17880.61,1230604.70,860344.54,1230604.70
Up,false,EquityVolatility/SP5/0/6M/ATM,0.00250000,,0.00000000,EUR,CPTY_A,2018-11-05,2.748207,19179.46,31554.72,94002.88,0.00,19010.89,1230604.70,834343.68,1230604.70
Up,false,EquityVolatility/SP5/0/6M/ATM,0.00250000,,0.00000000,EUR,CPTY_A,2018-12-05,2.830399,20550.96,31792.30,92764.78,0.00,20366.34,1230604.70,810706.65,1230604.70
Up,false,EquityVolatility/SP5/0/6M/ATM,0.00250000,,0.00000000,EUR,CPTY_A,2019-01-07,2.920810,21713.69,31717.12,99115.73,0.00,21513.98,1230604.70,786277.92,1230604.70
Up,false,EquityVolatility/SP5/0/6M/ATM,0.00250000,,0.00000000,EUR,CPTY_A,2019-02-05,3.000262,22279.39,32477.08,100848.58,0.00,22070.29,1230604.70,766040.40,1230604.70
Up,false,EquityVolatility/SP5/0/6M/ATM,0.00250000,,0.00000000,EUR,CPTY_A,2019-03-05,3.076974,22964.69,33144.20,105660.03,0.00,22747.37,1230604.70,747509.29,1230604.70
Up,false,EquityVolatility/SP5/0/6M/ATM,0.00250000,,0.00000000,EUR,CPTY_A,2019-04-05,3.161906,23530.07,33813.75,102666.63,0.00,23306.11,1230604.70,728056.57,1230604.70
Up,false,EquityVolatility/SP5/0/6M/ATM,0.00250000,,0.00000000,EUR,CPTY_A,2019-05-07,3.249577,24664.65,34472.23,122883.55,0.00,24428.49,1230604.70,709073.20,1230604.70
Up,false,EquityVolatility/SP5/0/6M/ATM,0.00250000,,0.00000000,EUR,CPTY_A,2019-06-05,3.329029,25497.96,34931.40,118077.75,0.00,25252.51,1230604.70,692752.84,1230604.70
Up,false,EquityVolatility/SP5/0/6M/ATM,0.00250000,,0.00000000,EUR,CPTY_A,2019-07-05,3.411221,26350.63,35059.02,137789.92,0.00,26095.57,1230604.70,676690.04,1230604.70
Up,false,EquityVolatility/SP5/0/6M/ATM,0.00250000,,0.00000000,EUR,CPTY_A,2019-08-05,3.496152,27202.74,36219.28,145164.95,0.00,26937.94,1230604.70,660905.71,1230604.70
Up,false,EquityVolatility/SP5/0/6M/ATM,0.00250000,,0.00000000,EUR,CPTY_A,2019-09-05,3.581084,27974.88,36994.43,136863.97,0.00,27701.03,1230604.70,645888.18,1230604.70
Up,false,EquityVolatility/SP5/0/6M/ATM,0.00250000,,0.00000000,EUR,CPTY_A,2019-10-07,3.668755,29526.42,37943.69,150780.70,0.00,29235.71,1230604.70,631152.21,1230604.70
Up,false,EquityVolatility/SP5/0/6M/ATM,0.00250000,,0.00000000,EUR,CPTY_A,2019-11-05,3.748207,30219.92,38092.13,149377.86,0.00,29920.82,1230604.70,618407.69,1230604.70
Up,false,EquityVolatility/SP5/0/6M/ATM,0.00250000,,0.00000000,EUR,CPTY_A,2019-12-05,3.830399,31307.45,38044.02,145241.30,0.00,30995.93,1230604.70,605803.15,1230604.70
Up,false,EquityVolatility/SP5/0/6M/ATM,0.00250000,,0.00000000,EUR,CPTY_A,2020-01-06,3.918033,32098.11,37725.19,155970.91,0.00,31776.90,1230604.70,592964.03,1230604.70
Up,false,EquityVolatility/SP5/0/6M/ATM,0.00250000,,0.00000000,EUR,CPTY_A,2020-02-05,4.000000,32144.36,38243.57,152112.11,0.00,31820.98,1230604.70,581465.20,1230604.70
Up,false,EquityVolatility/SP5/0/6M/ATM,0.00250000,,0.00000000,EUR,CPTY_A,2020-03-05,4.079235,32376.58,37544.97,157987.92,0.00,32053.01,1230604.70,570793.43,1230604.70
Up,false,EquityVolatility/SP5/0/6M/ATM,0.00250000,,0.00000000,EUR,CPTY_A,2020-04-06,4.166667,33387.39,37408.92,161536.05,0.00,33057.30,1230604.70,559509.78,1230604.70
Up,false,EquityVolatility/SP5/0/6M/ATM,0.00250000,,0.00000000,EUR,CPTY_A,2020-05-05,4.245902,34660.51,37164.63,162748.19,0.00,34321.20,1230604.70,549708.97,1230604.70
Up,false,EquityVolatility/SP5/0/6M/ATM,0.00250000,,0.00000000,EUR,CPTY_A,2020-06-05,4.330601,35931.65,36453.91,159804.86,0.00,35583.62,1230604.70,539653.52,1230604.70
Up,false,EquityVolatility/SP5/0/6M/ATM,0.00250000,,0.00000000,EUR,CPTY_A,2020-07-06,4.415301,37240.46,35863.05,168835.58,0.00,36883.63,1230604.70,530008.80,1230604.70
Up,false,EquityVolatility/SP5/0/6M/ATM,0.00250000,,0.00000000,EUR,CPTY_A,2020-08-05,4.497268,37586.95,36210.58,169731.84,0.00,37230.57,1230604.70,521027.42,1230604.70
Up,false,EquityVolatility/SP5/0/6M/ATM,0.00250000,,0.00000000,EUR,CPTY_A,2020-09-08,4.590164,37418.59,35477.42,157787.78,0.00,37068.06,1230604.70,511233.01,1230604.70
Up,false,EquityVolatility/SP5/0/6M/ATM,0.00250000,,0.00000000,EUR,CPTY_A,2020-10-05,4.663934,37887.84,34994.93,162260.86,0.00,37536.35,1230604.70,503740.44,1230604.70
Up,false,EquityVolatility/SP5/0/6M/ATM,0.00250000,,0.00000000,EUR,CPTY_A,2020-11-05,4.748634,38360.71,33999.32,170939.17,0.00,38008.82,1230604.70,495433.38,1230604.70
Up,false,EquityVolatility/SP5/0/6M/ATM,0.00250000,,0.00000000,EUR,CPTY_A,2020-12-07,4.836066,39715.58,33087.16,175784.92,0.00,39355.52,1230604.70,487187.90,1230604.70
Up,false,EquityVolatility/SP5/0/6M/ATM,0.00250000,,0.00000000,EUR,CPTY_A,2021-01-05,4.915330,40968.26,32246.60,169955.16,0.00,40600.82,1230604.70,479986.21,1230604.70
Up,false,EquityVolatility/SP5/0/6M/ATM,0.00250000,,0.00000000,EUR,CPTY_A,2021-02-05,5.000262,0.00,0.00,0.00,0.00,0.00,1230604.70,471833.45,1230604.70
Up,false,EquityVolatility/SP5/1/5Y/ATM,0.00170700,,0.00000000,EUR,CPTY_A,2016-02-05,0.000000,1236757.75,0.00,1236757.70,1236757.70,1236757.70,1236757.70,1236757.70,1236757.70
Up,false,EquityVolatility/SP5/1/5Y/ATM,0.00170700,,0.00000000,EUR,CPTY_A,2016-03-07,0.084699,1122870.00,0.00,1883190.24,0.00,1122703.34,1236757.70,1122703.34,1236757.70
Up,false,EquityVolatility/SP5/1/5Y/ATM,0.00170700,,0.00000000,EUR,CPTY_A,2016-04-05,0.163934,1140086.50,0.00,2303696.87,0.00,1139701.74,1236757.70,1130919.23,1236757.70
Up,false,EquityVolatility/SP5/1/5Y/ATM,0.00170700,,0.00000000,EUR,CPTY_A,2016-05-06,0.248634,1162137.50,0.00,2582877.94,0.00,1161466.39,1236757.70,1141325.41,1236757.70
Up,false,EquityVolatility/SP5/1/5Y/ATM,0.00170700,,0.00000000,EUR,CPTY_A,2016-06-06,0.333333,1180017.75,0.00,2839109.90,0.00,1179050.94,1236757.70,1150911.40,1236757.70
Up,false,EquityVolatility/SP5/1/5Y/ATM,0.00170700,,0.00000000,EUR,CPTY_A,2016-07-05,0.412568,1195756.88,0.00,3308735.18,0.00,1194431.70,1236757.70,1159269.61,1236757.70
Up,false,EquityVolatility/SP5/1/5Y/ATM,0.00170700,,0.00000000,EUR,CPTY_A,2016-08-05,0.497268,1212497.63,20.04,3456193.99,0.00,1210924.03,1236757.70,1168067.89,1236757.70
Up,false,EquityVolatility/SP5/1/5Y/ATM,0.00170700,,0.00000000,EUR,CPTY_A,2016-09-06,0.584699,1216630.13,125.65,3717359.78,0.00,1214632.15,1236757.70,1175030.77,1236757.70
Up,false,EquityVolatility/SP5/1/5Y/ATM,0.00170700,,0.00000000,EUR,CPTY_A,2016-10-05,0.663934,1215568.50,261.98,4063421.19,0.00,1213263.13,1236757.70,1179593.48,1236757.70
Up,false,EquityVolatility/SP5/1/5Y/ATM,0.00170700,,0.00000000,EUR,CPTY_A,2016-11-07,0.754098,1215659.75,621.85,4353065.36,0.00,1212834.16,1236757.70,1183567.91,1236757.70
Up,false,EquityVolatility/SP5/1/5Y/ATM,0.00170700,,0.00000000,EUR,CPTY_A,2016-12-05,0.830601,1208216.88,809.61,4440065.58,0.00,1205065.17,1236757.70,1185547.92,1236757.70
Up,false,EquityVolatility/SP5/1/5Y/ATM,0.00170700,,0.00000000,EUR,CPTY_A,2017-01-05,0.915330,1207420.63,1252.06,4712063.99,0.00,1203914.39,1236757.70,1187248.05,1236757.70
Up,false,EquityVolatility/SP5/1/5Y/ATM,0.00170700,,0.00000000,EUR,CPTY_A,2017-02-06,1.003002,1200910.13,2088.49,5035656.04,0.00,1197092.82,1236757.70,1188108.57,1236757.70
Up,false,EquityVolatility/SP5/1/5Y/ATM,0.00170700,,0.00000000,EUR,CPTY_A,2017-03-06,1.079714,1200706.38,2594.04,5155147.93,0.00,1196520.81,1236757.70,1188706.25,1236757.70
Up,false,EquityVolatility/SP5/1/5Y/ATM,0.00170700,,0.00000000,EUR,CPTY_A,2017-04-05,1.161906,1199003.38,3367.66,5108620.88,0.00,1194418.16,1236757.70,1189110.30,1236757.70
Up,false,EquityVolatility/SP5/1/5Y/ATM,0.00170700,,0.00000000,EUR,CPTY_A,2017-05-05,1.244098,1208645.63,4040.70,5295363.29,0.00,1203614.93,1236757.70,1190068.55,1236757.70
Up,false,EquityVolatility/SP5/1/5Y/ATM,0.00170700,,0.00000000,EUR,CPTY_A,2017-06-06,1.331769,1207118.25,4969.79,5534323.12,0.00,1201723.39,1236757.70,1190835.80,1236757.70
Up,false,EquityVolatility/SP5/1/5Y/ATM,0.00170700,,0.00000000,EUR,CPTY_A,2017-07-05,1.411221,1203006.00,5889.75,5591703.77,0.00,1197303.32,1236757.70,1191199.92,1236757.70
Up,false,EquityVolatility/SP5/1/5Y/ATM,0.00170700,,0.00000000,EUR,CPTY_A,2017-08-07,1.501632,1196508.75,6970.20,5662808.77,0.00,1190467.71,1236757.70,1191155.84,1236757.70
Up,false,EquityVolatility/SP5/1/5Y/ATM,0.00170700,,0.00000000,EUR,CPTY_A,2017-09-05,1.581084,1184380.13,7816.23,5766789.29,0.00,1178065.64,1236757.70,1190498.03,1236757.70
Up,false,EquityVolatility/SP5/1/5Y/ATM,0.00170700,,0.00000000,EUR,CPTY_A,2017-10-05,1.663276,1181545.25,9214.78,5863629.22,0.00,1174899.43,1236757.70,1189727.22,1236757.70
Up,false,EquityVolatility/SP5/1/5Y/ATM,0.00170700,,0.00000000,EUR,CPTY_A,2017-11-06,1.750947,1171161.88,10193.67,6371906.47,0.00,1164208.26,1236757.70,1188449.46,1236757.70
Up,false,EquityVolatility/SP5/1/5Y/ATM,0.00170700,,0.00000000,EUR,CPTY_A,2017-12-05,1.830399,1174688.88,11343.45,6454324.77,0.00,1167322.28,1236757.70,1187532.40,1236757.70
Up,false,EquityVolatility/SP5/1/5Y/ATM,0.00170700,,0.00000000,EUR,CPTY_A,2018-01-05,1.915330,1171427.25,13138.28,6401529.97,0.00,1163656.18,1236757.70,1186473.65,1236757.70
Up,false,EquityVolatility/SP5/1/5Y/ATM,0.00170700,,0.00000000,EUR,CPTY_A,2018-02-05,2.000262,12060.75,25839.26,64873.74,0.00,11976.36,1236757.70,1136604.28,1236757.70
Up,false,EquityVolatility/SP5/1/5Y/ATM,0.00170700,,0.00000000,EUR,CPTY_A,2018-03-05,2.076974,12669.95,26813.63,67194.12,0.00,12578.73,1236757.70,1095088.78,1236757.70
Up,false,EquityVolatility/SP5/1/5Y/ATM,0.00170700,,0.00000000,EUR,CPTY_A,2018-04-05,2.161906,13374.52,27370.48,71151.20,0.00,13275.55,1236757.70,1052589.23,1236757.70
Up,false,EquityVolatility/SP5/1/5Y/ATM,0.00170700,,0.00000000,EUR,CPTY_A,2018-05-08,2.252317,14114.97,27961.71,73627.02,0.00,14007.49,1236757.70,1010899.19,1236757.70
Up,false,EquityVolatility/SP5/1/5Y/ATM,0.00170700,,0.00000000,EUR,CPTY_A,2018-06-05,2.329029,15181.63,28618.62,77445.62,0.00,15063.27,1236757.70,978098.87,1236757.70
Up,false,EquityVolatility/SP5/1/5Y/ATM,0.00170700,,0.00000000,EUR,CPTY_A,2018-07-05,2.411221,16127.09,29181.84,77275.24,0.00,15998.21,1236757.70,945303.55,1236757.70
Up,false,EquityVolatility/SP5/1/5Y/ATM,0.00170700,,0.00000000,EUR,CPTY_A,2018-08-06,2.498892,16792.30,30221.56,82748.83,0.00,16654.62,1236757.70,912722.80,1236757.70
Up,false,EquityVolatility/SP5/1/5Y/ATM,0.00170700,,0.00000000,EUR,CPTY_A,2018-09-05,2.581084,17139.38,30661.83,87310.31,0.00,16995.52,1236757.70,884199.34,1236757.70
Up,false,EquityVolatility/SP5/1/5Y/ATM,0.00170700,,0.00000000,EUR,CPTY_A,2018-10-05,2.663276,18035.49,31178.72,88196.27,0.00,17880.61,1236757.70,857463.74,1236757.70
Up,false,EquityVolatility/SP5/1/5Y/ATM,0.00170700,,0.00000000,EUR,CPTY_A,2018-11-05,2.748207,19179.46,31554.72,94002.88,0.00,19010.89,1236757.70,831551.92,1236757.70
Up,false,EquityVolatility/SP5/1/5Y/ATM,0.00170700,,0.00000000,EUR,CPTY_A,2018-12-05,2.830399,20550.96,31792.30,92764.78,0.00,20366.34,1236757.70,807995.95,1236757.70
Up,false,EquityVolatility/SP5/1/5Y/ATM,0.00170700,,0.00000000,EUR,CPTY_A,2019-01-07,2.920810,21713.69,31717.12,99115.73,0.00,21513.98,1236757.70,783651.13,1236757.70
Up,false,EquityVolatility/SP5/1/5Y/ATM,0.00170700,,0.00000000,EUR,CPTY_A,2019-02-05,3.000262,22279.39,32477.08,100848.58,0.00,22070.29,1236757.70,763483.17,1236757.70
Up,false,EquityVolatility/SP5/1/5Y/ATM,0.00170700,,0.00000000,EUR,CPTY_A,2019-03-05,3.076974,22964.69,33144.20,105660.03,0.00,22747.37,1236757.70,745015.82,1236757.70
Up,false,EquityVolatility/SP5/1/5Y/ATM,0.00170700,,0.00000000,EUR,CPTY_A,2019-04-05,3.161906,23530.07,33813.75,102666.63,0.00,23306.11,1236757.70,725630.08,1236757.70
Up,false,EquityVolatility/SP5/1/5Y/ATM,0.00170700,,0.00000000,EUR,CPTY_A,2019-05-07,3.249577,24664.65,34472.23,122883.55,0.00,24428.49,1236757.70,706712.17,1236757.70
Up,false,EquityVolatility/SP5/1/5Y/ATM,0.00170700,,0.00000000,EUR,CPTY_A,2019-06-05,3.329029,25497.96,34931.40,118077.75,0.00,25252.51,1236757.70,690448.15,1236757.70
Up,false,EquityVolatility/SP5/1/5Y/ATM,0.00170700,,0.00000000,EUR,CPTY_A,2019-07-05,3.411221,26350.63,35059.02,137789.92,0.00,26095.57,1236757.70,674440.89,1236757.70
Up,false,EquityVolatility/SP5/1/5Y/ATM,0.00170700,,0.00000000,EUR,CPTY_A,2019-08-05,3.496152,27202.74,36219.28,145164.95,0.00,26937.94,1236757.70,658711.20,1236757.70
Up,false,EquityVolatility/SP5/1/5Y/ATM,0.00170700,,0.00000000,EUR,CPTY_A,2019-09-05,3.581084,27974.88,36994.43,136863.97,0.00,27701.03,1236757.70,643745.71,1236757.70
Up,false,EquityVolatility/SP5/1/5Y/ATM,0.00170700,,0.00000000,EUR,CPTY_A,2019-10-07,3.668755,29526.42,37943.69,150780.70,0.00,29235.71,1236757.70,629060.94,1236757.70
Up,false,EquityVolatility/SP5/1/5Y/ATM,0.00170700,,0.00000000,EUR,CPTY_A,2019-11-05,3.748207,30219.92,38092.13,149377.86,0.00,29920.82,1236757.70,616360.76,1236757.70
Up,false,EquityVolatility/SP5/1/5Y/ATM,0.00170700,,0.00000000,EUR,CPTY_A,2019-12-05,3.830399,31307.45,38044.02,145241.30,0.00,30995.93,1236757.70,603800.14,1236757.70
Up,false,EquityVolatility/SP5/1/5Y/ATM,0.00170700,,0.00000000,EUR,CPTY_A,2020-01-06,3.918033,32098.11,37725.19,155970.91,0.00,31776.90,1236757.70,591005.82,1236757.70
Up,false,EquityVolatility/SP5/1/5Y/ATM,0.00170700,,0.00000000,EUR,CPTY_A,2020-02-05,4.000000,32144.36,38243.57,152112.11,0.00,31820.98,1236757.70,579547.11,1236757.70
Up,false,EquityVolatility/SP5/1/5Y/ATM,0.00170700,,0.00000000,EUR,CPTY_A,2020-03-05,4.079235,32376.58,37544.97,157987.92,0.00,32053.01,1236757.70,568912.60,1236757.70
Up,false,EquityVolatility/SP5/1/5Y/ATM,0.00170700,,0.00000000,EUR,CPTY_A,2020-04-06,4.166667,33387.39,37408.92,161536.05,0.00,33057.30,1236757.70,557668.42,1236757.70
Up,false,EquityVolatility/SP5/1/5Y/ATM,0.00170700,,0.00000000,EUR,CPTY_A,2020-05-05,4.245902,34660.51,37164.63,162748.19,0.00,34321.20,1236757.70,547901.97,1236757.70
Up,false,EquityVolatility/SP5/1/5Y/ATM,0.00170700,,0.00000000,EUR,CPTY_A,2020-06-05,4.330601,35931.65,36453.91,159804.86,0.00,35583.62,1236757.70,537881.86,1236757.70
Up,false,EquityVolatility/SP5/1/5Y/ATM,0.00170700,,0.00000000,EUR,CPTY_A,2020-07-06,4.415301,37240.46,35863.05,168835.58,0.00,36883.63,1236757.70,528271.13,1236757.70
Up,false,EquityVolatility/SP5/1/5Y/ATM,0.00170700,,0.00000000,EUR,CPTY_A,2020-08-05,4.497268,37586.95,36210.58,169731.84,0.00,37230.57,1236757.70,519321.42,1236757.70
Up,false,EquityVolatility/SP5/1/5Y/ATM,0.00170700,,0.00000000,EUR,CPTY_A,2020-09-08,4.590164,37418.59,35477.42,157787.78,0.00,37068.06,1236757.70,509561.53,1236757.70
Up,false,EquityVolatility/SP5/1/5Y/ATM,0.00170700,,0.00000000,EUR,CPTY_A,2020-10-05,4.663934,37887.84,34994.93,162260.86,0.00,37536.35,1236757.70,502095.40,1236757.70
Up,false,EquityVolatility/SP5/1/5Y/ATM,0.00170700,,0.00000000,EUR,CPTY_A,2020-11-05,4.748634,38360.71,33999.32,170939.17,0.00,38008.82,1236757.70,493817.68,1236757.70
Up,false,EquityVolatility/SP5/1/5Y/ATM,0.00170700,,0.00000000,EUR,CPTY_A,2020-12-07,4.836066,39715.58,33087.16,175784.92,0.00,39355.52,1236757.70,485601.41,1236757.70
Up,false,EquityVolatility/SP5/1/5Y/ATM,0.00170700,,0.00000000,EUR,CPTY_A,2021-01-05,4.915330,40968.26,32246.60,169955.16,0.00,40600.82,1236757.70,478425.31,1236757.70
Up,false,EquityVolatility/SP5/1/5Y/ATM,0.00170700,,0.00000000,EUR,CPTY_A,2021-02-05,5.000262,0.00,0.00,0.00,0.00,0.00,1236757.70,470299.06,1236757.70
Up,false,EquityVolatility/SP5/2/10Y/ATM,0.00198100,,0.00000000,EUR,CPTY_A,2016-02-05,0.000000,1226012.00,0.00,1226011.95,1226011.95,1226011.95,1226011.95,1226011.95,1226011.95
Up,false,EquityVolatility/SP5/2/10Y/ATM,0.00198100,,0.00000000,EUR,CPTY_A,2016-03-07,0.084699,1113249.13,0.00,1872138.62,0.00,1113083.86,1226011.95,1113083.86,1226011.95
Up,false,EquityVolatility/SP5/2/10Y/ATM,0.00198100,,0.00000000,EUR,CPTY_A,2016-04-05,0.163934,1131507.75,0.00,2293320.37,0.00,1131125.82,1226011.95,1121804.14,1226011.95
Up,false,EquityVolatility/SP5/2/10Y/ATM,0.00198100,,0.00000000,EUR,CPTY_A,2016-05-06,0.248634,1154590.50,0.00,2573496.69,0.00,1153923.79,1226011.95,1132746.00,1226011.95
Up,false,EquityVolatility/SP5/2/10Y/ATM,0.00198100,,0.00000000,EUR,CPTY_A,2016-06-06,0.333333,1173413.50,0.00,2830618.65,0.00,1172452.07,1226011.95,1142835.24,1226011.95
Up,false,EquityVolatility/SP5/2/10Y/ATM,0.00198100,,0.00000000,EUR,CPTY_A,2016-07-05,0.412568,1189953.88,0.00,3301095.43,0.00,1188635.16,1226011.95,1151631.25,1226011.95
Up,false,EquityVolatility/SP5/2/10Y/ATM,0.00198100,,0.00000000,EUR,CPTY_A,2016-08-05,0.497268,1207474.88,21.77,3447773.49,0.00,1205907.84,1226011.95,1160876.17,1226011.95
Up,false,EquityVolatility/SP5/2/10Y/ATM,0.00198100,,0.00000000,EUR,CPTY_A,2016-09-06,0.584699,1212101.00,128.33,3709928.53,0.00,1210110.34,1226011.95,1168238.29,1226011.95
Up,false,EquityVolatility/SP5/2/10Y/ATM,0.00198100,,0.00000000,EUR,CPTY_A,2016-10-05,0.663934,1211392.88,267.68,4055808.94,0.00,1209095.53,1226011.95,1173114.25,1226011.95
Up,false,EquityVolatility/SP5/2/10Y/ATM,0.00198100,,0.00000000,EUR,CPTY_A,2016-11-07,0.754098,1211792.88,630.69,4346770.86,0.00,1208976.26,1226011.95,1177402.10,1226011.95
Up,false,EquityVolatility/SP5/2/10Y/ATM,0.00198100,,0.00000000,EUR,CPTY_A,2016-12-05,0.830601,1204550.00,820.22,4434221.08,0.00,1201407.94,1226011.95,1179613.17,1226011.95
Up,false,EquityVolatility/SP5/2/10Y/ATM,0.00198100,,0.00000000,EUR,CPTY_A,2017-01-05,0.915330,1203895.25,1267.37,4705344.49,0.00,1200399.19,1226011.95,1181537.27,1226011.95
Up,false,EquityVolatility/SP5/2/10Y/ATM,0.00198100,,0.00000000,EUR,CPTY_A,2017-02-06,1.003002,1197460.00,2111.65,5028079.54,0.00,1193653.60,1226011.95,1182596.34,1226011.95
Up,false,EquityVolatility/SP5/2/10Y/ATM,0.00198100,,0.00000000,EUR,CPTY_A,2017-03-06,1.079714,1197271.00,2620.07,5146192.43,0.00,1193097.36,1226011.95,1183342.43,1226011.95
Up,false,EquityVolatility/SP5/2/10Y/ATM,0.00198100,,0.00000000,EUR,CPTY_A,2017-04-05,1.161906,1195467.75,3391.05,5094173.88,0.00,1190896.13,1226011.95,1183876.77,1226011.95
Up,false,EquityVolatility/SP5/2/10Y/ATM,0.00198100,,0.00000000,EUR,CPTY_A,2017-05-05,1.244098,1204906.13,4059.82,5288413.29,0.00,1199890.96,1226011.95,1184934.75,1226011.95
Up,false,EquityVolatility/SP5/2/10Y/ATM,0.00198100,,0.00000000,EUR,CPTY_A,2017-06-06,1.331769,1203160.50,4993.50,5530762.62,0.00,1197783.35,1226011.95,1185780.58,1226011.95
Up,false,EquityVolatility/SP5/2/10Y/ATM,0.00198100,,0.00000000,EUR,CPTY_A,2017-07-05,1.411221,1198750.63,5921.46,5578325.76,0.00,1193068.06,1226011.95,1186190.87,1226011.95
Up,false,EquityVolatility/SP5/2/10Y/ATM,0.00198100,,0.00000000,EUR,CPTY_A,2017-08-07,1.501632,1191854.13,7009.82,5646475.77,0.00,1185836.59,1226011.95,1186169.54,1226011.95
Up,false,EquityVolatility/SP5/2/10Y/ATM,0.00198100,,0.00000000,EUR,CPTY_A,2017-09-05,1.581084,1179598.50,7859.01,5748554.29,0.00,1173309.51,1226011.95,1185523.30,1226011.95
Up,false,EquityVolatility/SP5/2/10Y/ATM,0.00198100,,0.00000000,EUR,CPTY_A,2017-10-05,1.663276,1176647.63,9253.22,5861878.22,0.00,1170029.31,1226011.95,1184757.65,1226011.95
Up,false,EquityVolatility/SP5/2/10Y/ATM,0.00198100,,0.00000000,EUR,CPTY_A,2017-11-06,1.750947,1166220.75,10234.17,6344539.00,0.00,1159296.47,1226011.95,1183482.79,1226011.95
Up,false,EquityVolatility/SP5/2/10Y/ATM,0.00198100,,0.00000000,EUR,CPTY_A,2017-12-05,1.830399,1169850.38,11387.75,6418042.77,0.00,1162514.21,1226011.95,1182572.61,1226011.95
Up,false,EquityVolatility/SP5/2/10Y/ATM,0.00198100,,0.00000000,EUR,CPTY_A,2018-01-05,1.915330,1166725.50,13184.54,6371000.12,0.00,1158985.59,1226011.95,1181526.69,1226011.95
Up,false,EquityVolatility/SP5/2/10Y/ATM,0.00198100,,0.00000000,EUR,CPTY_A,2018-02-05,2.000262,12060.75,25839.26,64873.74,0.00,11976.36,1226011.95,1131867.36,1226011.95
Up,false,EquityVolatility/SP5/2/10Y/ATM,0.00198100,,0.00000000,EUR,CPTY_A,2018-03-05,2.076974,12669.95,26813.63,67194.12,0.00,12578.73,1226011.95,1090526.82,1226011.95
Up,false,EquityVolatility/SP5/2/10Y/ATM,0.00198100,,0.00000000,EUR,CPTY_A,2018-04-05,2.161906,13374.52,27370.48,71151.20,0.00,13275.55,1226011.95,1048206.49,1226011.95
Up,false,EquityVolatility/SP5/2/10Y/ATM,0.00198100,,0.00000000,EUR,CPTY_A,2018-05-08,2.252317,14114.97,27961.71,73627.02,0.00,14007.49,1226011.95,1006692.38,1226011.95
Up,false,EquityVolatility/SP5/2/10Y/ATM,0.00198100,,0.00000000,EUR,CPTY_A,2018-06-05,2.329029,15181.63,28618.62,77445.62,0.00,15063.27,1226011.95,974030.63,1226011.95
Up,false,EquityVolatility/SP5/2/10Y/ATM,0.00198100,,0.00000000,EUR,CPTY_A,2018-07-05,2.411221,16127.09,29181.84,77275.24,0.00,15998.21,1226011.95,941373.98,1226011.95
Up,false,EquityVolatility/SP5/2/10Y/ATM,0.00198100,,0.00000000,EUR,CPTY_A,2018-08-06,2.498892,16792.30,30221.56,82748.83,0.00,16654.62,1226011.95,908931.09,1226011.95
Up,false,EquityVolatility/SP5/2/10Y/ATM,0.00198100,,0.00000000,EUR,CPTY_A,2018-09-05,2.581084,17139.38,30661.83,87310.31,0.00,16995.52,1226011.95,880528.38,1226011.95
Up,false,EquityVolatility/SP5/2/10Y/ATM,0.00198100,,0.00000000,EUR,CPTY_A,2018-10-05,2.663276,18035.49,31178.72,88196.27,0.00,17880.61,1226011.95,853906.07,1226011.95
Up,false,EquityVolatility/SP5/2/10Y/ATM,0.00198100,,0.00000000,EUR,CPTY_A,2018-11-05,2.748207,19179.46,31554.72,94002.88,0.00,19010.89,1226011.95,828104.19,1226011.95
Up,false,EquityVolatility/SP5/2/10Y/ATM,0.00198100,,0.00000000,EUR,CPTY_A,2018-12-05,2.830399,20550.96,31792.30,92764.78,0.00,20366.34,1226011.95,804648.34,1226011.95
Up,false,EquityVolatility/SP5/2/10Y/ATM,0.00198100,,0.00000000,EUR,CPTY_A,2019-01-07,2.920810,21713.69,31717.12,99115.73,0.00,21513.98,1226011.95,780407.14,1226011.95
Up,false,EquityVolatility/SP5/2/10Y/ATM,0.00198100,,0.00000000,EUR,CPTY_A,2019-02-05,3.000262,22279.39,32477.08,100848.58,0.00,22070.29,1226011.95,760325.09,1226011.95
Up,false,EquityVolatility/SP5/2/10Y/ATM,0.00198100,,0.00000000,EUR,CPTY_A,2019-03-05,3.076974,22964.69,33144.20,105660.03,0.00,22747.37,1226011.95,741936.47,1226011.95
Up,false,EquityVolatility/SP5/2/10Y/ATM,0.00198100,,0.00000000,EUR,CPTY_A,2019-04-05,3.161906,23530.07,33813.75,102666.63,0.00,23306.11,1226011.95,722633.44,1226011.95
Up,false,EquityVolatility/SP5/2/10Y/ATM,0.00198100,,0.00000000,EUR,CPTY_A,2019-05-07,3.249577,24664.65,34472.23,122883.55,0.00,24428.49,1226011.95,703796.38,1226011.95
Up,false,EquityVolatility/SP5/2/10Y/ATM,0.00198100,,0.00000000,EUR,CPTY_A,2019-06-05,3.329029,25497.96,34931.40,118077.75,0.00,25252.51,1226011.95,687601.96,1226011.95
Up,false,EquityVolatility/SP5/2/10Y/ATM,0.00198100,,0.00000000,EUR,CPTY_A,2019-07-05,3.411221,26350.63,35059.02,137789.92,0.00,26095.57,1226011.95,671663.27,1226011.95
Up,false,EquityVolatility/SP5/2/10Y/ATM,0.00198100,,0.00000000,EUR,CPTY_A,2019-08-05,3.496152,27202.74,36219.28,145164.95,0.00,26937.94,1226011.95,656001.05,1226011.95
Up,false,EquityVolatility/SP5/2/10Y/ATM,0.00198100,,0.00000000,EUR,CPTY_A,2019-09-05,3.581084,27974.88,36994.43,136863.97,0.00,27701.03,1226011.95,641099.85,1226011.95
Up,false,EquityVolatility/SP5/2/10Y/ATM,0.00198100,,0.00000000,EUR,CPTY_A,2019-10-07,3.668755,29526.42,37943.69,150780.70,0.00,29235.71,1226011.95,626478.30,1226011.95
Up,false,EquityVolatility/SP5/2/10Y/ATM,0.00198100,,0.00000000,EUR,CPTY_A,2019-11-05,3.748207,30219.92,38092.13,149377.86,0.00,29920.82,1226011.95,613832.86,1226011.95
Up,false,EquityVolatility/SP5/2/10Y/ATM,0.00198100,,0.00000000,EUR,CPTY_A,2019-12-05,3.830399,31307.45,38044.02,145241.30,0.00,30995.93,1226011.95,601326.49,1226011.95
Up,false,EquityVolatility/SP5/2/10Y/ATM,0.00198100,,0.00000000,EUR,CPTY_A,2020-01-06,3.918033,32098.11,37725.19,155970.91,0.00,31776.90,1226011.95,588587.49,1226011.95
Up,false,EquityVolatility/SP5/2/10Y/ATM,0.00198100,,0.00000000,EUR,CPTY_A,2020-02-05,4.000000,32144.36,38243.57,152112.11,0.00,31820.98,1226011.95,577178.34,1226011.95
Up,false,EquityVolatility/SP5/2/10Y/ATM,0.00198100,,0.00000000,EUR,CPTY_A,2020-03-05,4.079235,32376.58,37544.97,157987.92,0.00,32053.01,1226011.95,566589.84,1226011.95
Up,false,EquityVolatility/SP5/2/10Y/ATM,0.00198100,,0.00000000,EUR,CPTY_A,2020-04-06,4.166667,33387.39,37408.92,161536.05,0.00,33057.30,1226011.95,555394.40,1226011.95
Up,false,EquityVolatility/SP5/2/10Y/ATM,0.00198100,,0.00000000,EUR,CPTY_A,2020-05-05,4.245902,34660.51,37164.63,162748.19,0.00,34321.20,1226011.95,545670.39,1226011.95
Up,false,EquityVolatility/SP5/2/10Y/ATM,0.00198100,,0.00000000,EUR,CPTY_A,2020-06-05,4.330601,35931.65,36453.91,159804.86,0.00,35583.62,1226011.95,535693.93,1226011.95
Up,false,EquityVolatility/SP5/2/10Y/ATM,0.00198100,,0.00000000,EUR,CPTY_A,2020-07-06,4.415301,37240.46,35863.05,168835.58,0.00,36883.63,1226011.95,526125.16,1226011.95
Up,false,EquityVolatility/SP5/2/10Y/ATM,0.00198100,,0.00000000,EUR,CPTY_A,2020-08-05,4.497268,37586.95,36210.58,169731.84,0.00,37230.57,1226011.95,517214.57,1226011.95
Up,false,EquityVolatility/SP5/2/10Y/ATM,0.00198100,,0.00000000,EUR,CPTY_A,2020-09-08,4.590164,37418.59,35477.42,157787.78,0.00,37068.06,1226011.95,507497.32,1226011.95
Up,false,EquityVolatility/SP5/2/10Y/ATM,0.00198100,,0.00000000,EUR,CPTY_A,2020-10-05,4.663934,37887.84,34994.93,162260.86,0.00,37536.35,1226011.95,500063.84,1226011.95
Up,false,EquityVolatility/SP5/2/10Y/ATM,0.00198100,,0.00000000,EUR,CPTY_A,2020-11-05,4.748634,38360.71,33999.32,170939.17,0.00,38008.82,1226011.95,491822.35,1226011.95
Up,false,EquityVolatility/SP5/2/10Y/ATM,0.00198100,,0.00000000,EUR,CPTY_A,2020-12-07,4.836066,39715.58,33087.16,175784.92,0.00,39355.52,1226011.95,483642.16,1226011.95
Up,false,EquityVolatility/SP5/2/10Y/ATM,0.00198100,,0.00000000,EUR,CPTY_A,2021-01-05,4.915330,40968.26,32246.60,169955.16,0.00,40600.82,1226011.95,476497.65,1226011.95
Up,false,EquityVolatility/SP5/2/10Y/ATM,0.00198100,,0.00000000,EUR,CPTY_A,2021-02-05,5.000262,0.00,0.00,0.00,0.00,0.00,1226011.95,468404.14,1226011.95
Up,false,SurvivalProbability/CPTY_A/0/1Y,0.00000000,,0.00000000,EUR,CPTY_A,2016-02-05,0.000000,1226012.00,0.00,1226011.95,1226011.95,1226011.95,1226011.95,1226011.95,1226011.95
Up,false,SurvivalProbability/CPTY_A/0/1Y,0.00000000,,0.00000000,EUR,CPTY_A,2016-03-07,0.084699,1112851.13,0.00,1871716.49,0.00,1112685.94,1226011.95,1112685.94,1226011.95
Up,false,SurvivalProbability/CPTY_A/0/1Y,0.00000000,,0.00000000,EUR,CPTY_A,2016-04-05,0.163934,1130775.25,0.00,2292545.37,0.00,1130393.62,1226011.95,1121244.65,1226011.95
Up,false,SurvivalProbability/CPTY_A/0/1Y,0.00000000,,0.00000000,EUR,CPTY_A,2016-05-06,0.248634,1153555.25,0.00,2572454.44,0.00,1152889.04,1226011.95,1132024.61,1226011.95
Up,false,SurvivalProbability/CPTY_A/0/1Y,0.00000000,,0.00000000,EUR,CPTY_A,2016-06-06,0.333333,1172129.00,0.00,2829361.15,0.00,1171168.73,1226011.95,1141971.07,1226011.95
Up,false,SurvivalProbability/CPTY_A/0/1Y,0.00000000,,0.00000000,EUR,CPTY_A,2016-07-05,0.412568,1188483.63,0.00,3299741.43,0.00,1187166.42,1226011.95,1150650.97,1226011.95
Up,false,SurvivalProbability/CPTY_A/0/1Y,0.00000000,,0.00000000,EUR,CPTY_A,2016-08-05,0.497268,1205858.13,22.55,3445926.74,0.00,1204293.15,1226011.95,1159787.82,1226011.95
Up,false,SurvivalProbability/CPTY_A/0/1Y,0.00000000,,0.00000000,EUR,CPTY_A,2016-09-06,0.584699,1210368.75,129.73,3708163.53,0.00,1208381.06,1226011.95,1167054.10,1226011.95
Up,false,SurvivalProbability/CPTY_A/0/1Y,0.00000000,,0.00000000,EUR,CPTY_A,2016-10-05,0.663934,1209601.00,271.15,4053905.44,0.00,1207306.99,1226011.95,1171857.95,1226011.95
Up,false,SurvivalProbability/CPTY_A/0/1Y,0.00000000,,0.00000000,EUR,CPTY_A,2016-11-07,0.754098,1209967.63,636.88,4345617.36,0.00,1207155.23,1226011.95,1176078.27,1226011.95
Up,false,SurvivalProbability/CPTY_A/0/1Y,0.00000000,,0.00000000,EUR,CPTY_A,2016-12-05,0.830601,1202738.50,828.41,4433517.08,0.00,1199601.17,1226011.95,1178244.86,1226011.95
Up,false,SurvivalProbability/CPTY_A/0/1Y,0.00000000,,0.00000000,EUR,CPTY_A,2017-01-05,0.915330,1202141.88,1279.19,4704608.99,0.00,1198650.89,1226011.95,1180133.78,1226011.95
Up,false,SurvivalProbability/CPTY_A/0/1Y,0.00000000,,0.00000000,EUR,CPTY_A,2017-02-06,1.003002,1195818.00,2128.81,5026819.54,0.00,1192016.80,1226011.95,1181172.46,1226011.95
Up,false,SurvivalProbability/CPTY_A/0/1Y,0.00000000,,0.00000000,EUR,CPTY_A,2017-03-06,1.079714,1195788.25,2641.53,5145721.43,0.00,1191619.87,1226011.95,1181914.74,1226011.95
Up,false,SurvivalProbability/CPTY_A/0/1Y,0.00000000,,0.00000000,EUR,CPTY_A,2017-04-05,1.161906,1194183.38,3410.39,5092860.38,0.00,1189616.61,1226011.95,1182459.56,1226011.95
Up,false,SurvivalProbability/CPTY_A/0/1Y,0.00000000,,0.00000000,EUR,CPTY_A,2017-05-05,1.244098,1203877.88,4076.34,5288264.29,0.00,1198866.96,1226011.95,1183543.52,1226011.95
Up,false,SurvivalProbability/CPTY_A/0/1Y,0.00000000,,0.00000000,EUR,CPTY_A,2017-06-06,1.331769,1202440.00,5009.68,5530528.12,0.00,1197066.00,1226011.95,1184433.71,1226011.95
Up,false,SurvivalProbability/CPTY_A/0/1Y,0.00000000,,0.00000000,EUR,CPTY_A,2017-07-05,1.411221,1198344.38,5931.79,5578279.76,0.00,1192663.81,1226011.95,1184897.07,1226011.95
Up,false,SurvivalProbability/CPTY_A/0/1Y,0.00000000,,0.00000000,EUR,CPTY_A,2017-08-07,1.501632,1191854.13,7009.82,5646475.77,0.00,1185836.59,1226011.95,1184953.64,1226011.95
Up,false,SurvivalProbability/CPTY_A/0/1Y,0.00000000,,0.00000000,EUR,CPTY_A,2017-09-05,1.581084,1179598.50,7859.01,5748554.29,0.00,1173309.51,1226011.95,1184368.50,1226011.95
Up,false,SurvivalProbability/CPTY_A/0/1Y,0.00000000,,0.00000000,EUR,CPTY_A,2017-10-05,1.663276,1176647.63,9253.22,5861878.22,0.00,1170029.31,1226011.95,1183659.92,1226011.95
Up,false,SurvivalProbability/CPTY_A/0/1Y,0.00000000,,0.00000000,EUR,CPTY_A,2017-11-06,1.750947,1166220.75,10234.17,6344539.00,0.00,1159296.47,1226011.95,1182440.03,1226011.95
Up,false,SurvivalProbability/CPTY_A/0/1Y,0.00000000,,0.00000000,EUR,CPTY_A,2017-12-05,1.830399,1169850.38,11387.75,6418042.77,0.00,1162514.21,1226011.95,1181575.11,1226011.95
Up,false,SurvivalProbability/CPTY_A/0/1Y,0.00000000,,0.00000000,EUR,CPTY_A,2018-01-05,1.915330,1166725.50,13184.54,6371000.12,0.00,1158985.59,1226011.95,1180573.42,1226011.95
Up,false,SurvivalProbability/CPTY_A/0/1Y,0.00000000,,0.00000000,EUR,CPTY_A,2018-02-05,2.000262,12060.75,25839.26,64873.74,0.00,11976.36,1226011.95,1130954.56,1226011.95
Up,false,SurvivalProbability/CPTY_A/0/1Y,0.00000000,,0.00000000,EUR,CPTY_A,2018-03-05,2.076974,12669.95,26813.63,67194.12,0.00,12578.73,1226011.95,1089647.74,1226011.95
Up,false,SurvivalProbability/CPTY_A/0/1Y,0.00000000,,0.00000000,EUR,CPTY_A,2018-04-05,2.161906,13374.52,27370.48,71151.20,0.00,13275.55,1226011.95,1047361.94,1226011.95
Up,false,SurvivalProbability/CPTY_A/0/1Y,0.00000000,,0.00000000,EUR,CPTY_A,2018-05-08,2.252317,14114.97,27961.71,73627.02,0.00,14007.49,1226011.95,1005881.74,1226011.95
Up,false,SurvivalProbability/CPTY_A/0/1Y,0.00000000,,0.00000000,EUR,CPTY_A,2018-06-05,2.329029,15181.63,28618.62,77445.62,0.00,15063.27,1226011.95,973246.68,1226011.95
Up,false,SurvivalProbability/CPTY_A/0/1Y,0.00000000,,0.00000000,EUR,CPTY_A,2018-07-05,2.411221,16127.09,29181.84,77275.24,0.00,15998.21,1226011.95,940616.76,1226011.95
Up,false,SurvivalProbability/CPTY_A/0/1Y,0.00000000,,0.00000000,EUR,CPTY_A,2018-08-06,2.498892,16792.30,30221.56,82748.83,0.00,16654.62,1226011.95,908200.43,1226011.95
Up,false,SurvivalProbability/CPTY_A/0/1Y,0.00000000,,0.00000000,EUR,CPTY_A,2018-09-05,2.581084,17139.38,30661.83,87310.31,0.00,16995.52,1226011.95,879820.99,1226011.95
Up,false,SurvivalProbability/CPTY_A/0/1Y,0.00000000,,0.00000000,EUR,CPTY_A,2018-10-05,2.663276,18035.49,31178.72,88196.27,0.00,17880.61,1226011.95,853220.51,1226011.95
Up,false,SurvivalProbability/CPTY_A/0/1Y,0.00000000,,0.00000000,EUR,CPTY_A,2018-11-05,2.748207,19179.46,31554.72,94002.88,0.00,19010.89,1226011.95,827439.82,1226011.95
Up,false,SurvivalProbability/CPTY_A/0/1Y,0.00000000,,0.00000000,EUR,CPTY_A,2018-12-05,2.830399,20550.96,31792.30,92764.78,0.00,20366.34,1226011.95,804003.26,1226011.95
Up,false,SurvivalProbability/CPTY_A/0/1Y,0.00000000,,0.00000000,EUR,CPTY_A,2019-01-07,2.920810,21713.69,31717.12,99115.73,0.00,21513.98,1226011.95,779782.03,1226011.95
Up,false,SurvivalProbability/CPTY_A/0/1Y,0.00000000,,0.00000000,EUR,CPTY_A,2019-02-05,3.000262,22279.39,32477.08,100848.58,0.00,22070.29,1226011.95,759716.53,1226011.95
Up,false,SurvivalProbability/CPTY_A/0/1Y,0.00000000,,0.00000000,EUR,CPTY_A,2019-03-05,3.076974,22964.69,33144.20,105660.03,0.00,22747.37,1226011.95,741343.09,1226011.95
Up,false,SurvivalProbability/CPTY_A/0/1Y,0.00000000,,0.00000000,EUR,CPTY_A,2019-04-05,3.161906,23530.07,33813.75,102666.63,0.00,23306.11,1226011.95,722056.00,1226011.95
Up,false,SurvivalProbability/CPTY_A/0/1Y,0.00000000,,0.00000000,EUR,CPTY_A,2019-05-07,3.249577,24664.65,34472.23,122883.55,0.00,24428.49,1226011.95,703234.51,1226011.95
Up,false,SurvivalProbability/CPTY_A/0/1Y,0.00000000,,0.00000000,EUR,CPTY_A,2019-06-05,3.329029,25497.96,34931.40,118077.75,0.00,25252.51,1226011.95,687053.50,1226011.95
Up,false,SurvivalProbability/CPTY_A/0/1Y,0.00000000,,0.00000000,EUR,CPTY_A,2019-07-05,3.411221,26350.63,35059.02,137789.92,0.00,26095.57,1226011.95,671128.03,1226011.95
Up,false,SurvivalProbability/CPTY_A/0/1Y,0.00000000,,0.00000000,EUR,CPTY_A,2019-08-05,3.496152,27202.74,36219.28,145164.95,0.00,26937.94,1226011.95,655478.81,1226011.95
Up,false,SurvivalProbability/CPTY_A/0/1Y,0.00000000,,0.00000000,EUR,CPTY_A,2019-09-05,3.581084,27974.88,36994.43,136863.97,0.00,27701.03,1226011.95,640589.99,1226011.95
Up,false,SurvivalProbability/CPTY_A/0/1Y,0.00000000,,0.00000000,EUR,CPTY_A,2019-10-07,3.668755,29526.42,37943.69,150780.70,0.00,29235.71,1226011.95,625980.63,1226011.95
Up,false,SurvivalProbability/CPTY_A/0/1Y,0.00000000,,0.00000000,EUR,CPTY_A,2019-11-05,3.748207,30219.92,38092.13,149377.86,0.00,29920.82,1226011.95,613345.74,1226011.95
Up,false,SurvivalProbability/CPTY_A/0/1Y,0.00000000,,0.00000000,EUR,CPTY_A,2019-12-05,3.830399,31307.45,38044.02,145241.30,0.00,30995.93,1226011.95,600849.82,1226011.95
Up,false,SurvivalProbability/CPTY_A/0/1Y,0.00000000,,0.00000000,EUR,CPTY_A,2020-01-06,3.918033,32098.11,37725.19,155970.91,0.00,31776.90,1226011.95,588121.49,1226011.95
Up,false,SurvivalProbability/CPTY_A/0/1Y,0.00000000,,0.00000000,EUR,CPTY_A,2020-02-05,4.000000,32144.36,38243.57,152112.11,0.00,31820.98,1226011.95,576721.89,1226011.95
Up,false,SurvivalProbability/CPTY_A/0/1Y,0.00000000,,0.00000000,EUR,CPTY_A,2020-03-05,4.079235,32376.58,37544.97,157987.92,0.00,32053.01,1226011.95,566142.25,1226011.95
Up,false,SurvivalProbability/CPTY_A/0/1Y,0.00000000,,0.00000000,EUR,CPTY_A,2020-04-06,4.166667,33387.39,37408.92,161536.05,0.00,33057.30,1226011.95,554956.20,1226011.95
Up,false,SurvivalProbability/CPTY_A/0/1Y,0.00000000,,0.00000000,EUR,CPTY_A,2020-05-05,4.245902,34660.51,37164.63,162748.19,0.00,34321.20,1226011.95,545240.36,1226011.95
Up,false,SurvivalProbability/CPTY_A/0/1Y,0.00000000,,0.00000000,EUR,CPTY_A,2020-06-05,4.330601,35931.65,36453.91,159804.86,0.00,35583.62,1226011.95,535272.31,1226011.95
Up,false,SurvivalProbability/CPTY_A/0/1Y,0.00000000,,0.00000000,EUR,CPTY_A,2020-07-06,4.415301,37240.46,35863.05,168835.58,0.00,36883.63,1226011.95,525711.64,1226011.95
Up,false,SurvivalProbability/CPTY_A/0/1Y,0.00000000,,0.00000000,EUR,CPTY_A,2020-08-05,4.497268,37586.95,36210.58,169731.84,0.00,37230.57,1226011.95,516808.58,1226011.95
Up,false,SurvivalProbability/CPTY_A/0/1Y,0.00000000,,0.00000000,EUR,CPTY_A,2020-09-08,4.590164,37418.59,35477.42,157787.78,0.00,37068.06,1226011.95,507099.55,1226011.95
Up,false,SurvivalProbability/CPTY_A/0/1Y,0.00000000,,0.00000000,EUR,CPTY_A,2020-10-05,4.663934,37887.84,34994.93,162260.86,0.00,37536.35,1226011.95,499672.36,1226011.95
Up,false,SurvivalProbability/CPTY_A/0/1Y,0.00000000,,0.00000000,EUR,CPTY_A,2020-11-05,4.748634,38360.71,33999.32,170939.17,0.00,38008.82,1226011.95,491437.86,1226011.95
Up,false,SurvivalProbability/CPTY_A/0/1Y,0.00000000,,0.00000000,EUR,CPTY_A,2020-12-07,4.836066,39715.58,33087.16,175784.92,0.00,39355.52,1226011.95,483264.62,1226011.95
Up,false,SurvivalProbability/CPTY_A/0/1Y,0.00000000,,0.00000000,EUR,CPTY_A,2021-01-05,4.915330,40968.26,32246.60,169955.16,0.00,40600.82,1226011.95,476126.19,1226011.95
Up,false,SurvivalProbability/CPTY_A/0/1Y,0.00000000,,0.00000000,EUR,CPTY_A,2021-02-05,5.000262,0.00,0.00,0.00,0.00,0.00,1226011.95,468039.00,1226011.95
Up,false,SurvivalProbability/CPTY_A/1/5Y,0.00010000,,0.00000000,EUR,CPTY_A,2016-02-05,0.000000,1226012.00,0.00,1226011.95,1226011.95,1226011.95,1226011.95,1226011.95,1226011.95
Up,false,SurvivalProbability/CPTY_A/1/5Y,0.00010000,,0.00000000,EUR,CPTY_A,2016-03-07,0.084699,1112851.13,0.00,1871716.49,0.00,1112685.94,1226011.95,1112685.94,1226011.95
Up,false,SurvivalProbability/CPTY_A/1/5Y,0.00010000,,0.00000000,EUR,CPTY_A,2016-04-05,0.163934,1130775.25,0.00,2292545.37,0.00,1130393.62,1226011.95,1121244.65,1226011.95
Up,false,SurvivalProbability/CPTY_A/1/5Y,0.00010000,,0.00000000,EUR,CPTY_A,2016-05-06,0.248634,1153555.25,0.00,2572454.44,0.00,1152889.04,1226011.95,1132024.61,1226011.95
Up,false,SurvivalProbability/CPTY_A/1/5Y,0.00010000,,0.00000000,EUR,CPTY_A,2016-06-06,0.333333,1172129.00,0.00,2829361.15,0.00,1171168.73,1226011.95,1141971.07,1226011.95
Up,false,SurvivalProbability/CPTY_A/1/5Y,0.00010000,,0.00000000,EUR,CPTY_A,2016-07-05,0.412568,1188483.63,0.00,3299741.43,0.00,1187166.42,1226011.95,1150650.97,1226011.95
Up,false,SurvivalProbability/CPTY_A/1/5Y,0.00010000,,0.00000000,EUR,CPTY_A,2016-08-05,0.497268,1205858.13,22.55,3445926.74,0.00,1204293.15,1226011.95,1159787.82,1226011.95
Up,false,SurvivalProbability/CPTY_A/1/5Y,0.00010000,,0.00000000,EUR,CPTY_A,2016-09-06,0.584699,1210368.75,129.73,3708163.53,0.00,1208381.06,1226011.95,1167054.10,1226011.95
Up,false,SurvivalProbability/CPTY_A/1/5Y,0.00010000,,0.00000000,EUR,CPTY_A,2016-10-05,0.663934,1209601.00,271.15,4053905.44,0.00,1207306.99,1226011.95,1171857.95,1226011.95
Up,false,SurvivalProbability/CPTY_A/1/5Y,0.00010000,,0.00000000,EUR,CPTY_A,2016-11-07,0.754098,1209967.63,636.88,4345617.36,0.00,1207155.23,1226011.95,1176078.27,1226011.95
Up,false,SurvivalProbability/CPTY_A/1/5Y,0.00010000,,0.00000000,EUR,CPTY_A,2016-12-05,0.830601,1202738.50,828.41,4433517.08,0.00,1199601.17,1226011.95,1178244.86,1226011.95
Up,false,SurvivalProbability/CPTY_A/1/5Y,0.00010000,,0.00000000,EUR,CPTY_A,2017-01-05,0.915330,1202141.88,1279.19,4704608.99,0.00,1198650.89,1226011.95,1180133.78,1226011.95
Up,false,SurvivalProbability/CPTY_A/1/5Y,0.00010000,,0.00000000,EUR,CPTY_A,2017-02-06,1.003002,1195818.00,2128.81,5026819.54,0.00,1192016.80,1226011.95,1181172.46,1226011.95
Up,false,SurvivalProbability/CPTY_A/1/5Y,0.00010000,,0.00000000,EUR,CPTY_A,2017-03-06,1.079714,1195788.25,2641.53,5145721.43,0.00,1191619.87,1226011.95,1181914.74,1226011.95
Up,false,SurvivalProbability/CPTY_A/1/5Y,0.00010000,,0.00000000,EUR,CPTY_A,2017-04-05,1.161906,1194183.38,3410.39,5092860.38,0.00,1189616.61,1226011.95,1182459.56,1226011.95
Up,false,SurvivalProbability/CPTY_A/1/5Y,0.00010000,,0.00000000,EUR,CPTY_A,2017-05-05,1.244098,1203877.88,4076.34,5288264.29,0.00,1198866.96,1226011.95,1183543.52,1226011.95
Up,false,SurvivalProbability/CPTY_A/1/5Y,0.00010000,,0.00000000,EUR,CPTY_A,2017-06-06,1.331769,1202440.00,5009.68,5530528.12,0.00,1197066.00,1226011.95,1184433.71,1226011.95
Up,false,SurvivalProbability/CPTY_A/1/5Y,0.00010000,,0.00000000,EUR,CPTY_A,2017-07-05,1.411221,1198344.38,5931.79,5578279.76,0.00,1192663.81,1226011.95,1184897.07,1226011.95
Up,false,SurvivalProbability/CPTY_A/1/5Y,0.00010000,,0.00000000,EUR,CPTY_A,2017-08-07,1.501632,1191854.13,7009.82,5646475.77,0.00,1185836.59,1226011.95,1184953.64,1226011.95
Up,false,SurvivalProbability/CPTY_A/1/5Y,0.00010000,,0.00000000,EUR,CPTY_A,2017-09-05,1.581084,1179598.50,7859.01,5748554.29,0.00,1173309.51,1226011.95,1184368.50,1226011.95
Up,false,SurvivalProbability/CPTY_A/1/5Y,0.00010000,,0.00000000,EUR,CPTY_A,2017-10-05,1.663276,1176647.63,9253.22,5861878.22,0.00,1170029.31,1226011.95,1183659.92,1226011.95
Up,false,SurvivalProbability/CPTY_A/1/5Y,0.00010000,,0.00000000,EUR,CPTY_A,2017-11-06,1.750947,1166220.75,10234.17,6344539.00,0.00,1159296.47,1226011.95,1182440.03,1226011.95
Up,false,SurvivalProbability/CPTY_A/1/5Y,0.00010000,,0.00000000,EUR,CPTY_A,2017-12-05,1.830399,1169850.38,11387.75,6418042.77,0.00,1162514.21,1226011.95,1181575.11,1226011.95
Up,false,SurvivalProbability/CPTY_A/1/5Y,0.00010000,,0.00000000,EUR,CPTY_A,2018-01-05,1.915330,1166725.50,13184.54,6371000.12,0.00,1158985.59,1226011.95,1180573.42,1226011.95
Up,false,SurvivalProbability/CPTY_A/1/5Y,0.00010000,,0.00000000,EUR,CPTY_A,2018-02-05,2.000262,12060.75,25839.26,64873.74,0.00,11976.36,1226011.95,1130954.56,1226011.95
Up,false,SurvivalProbability/CPTY_A/1/5Y,0.00010000,,0.00000000,EUR,CPTY_A,2018-03-05,2.076974,12669.95,26813.63,67194.12,0.00,12578.73,1226011.95,1089647.74,1226011.95
Up,false,SurvivalProbability/CPTY_A/1/5Y,0.00010000,,0.00000000,EUR,CPTY_A,2018-04-05,2.161906,13374.52,27370.48,71151.20,0.00,13275.55,1226011.95,1047361.94,1226011.95
Up,false,SurvivalProbability/CPTY_A/1/5Y,0.00010000,,0.00000000,EUR,CPTY_A,2018-05-08,2.252317,14114.97,27961.71,73627.02,0.00,14007.49,1226011.95,1005881.74,1226011.95
Up,false,SurvivalProbability/CPTY_A/1/5Y,0.00010000,,0.00000000,EUR,CPTY_A,2018-06-05,2.329029,15181.63,28618.62,77445.62,0.00,15063.27,1226011.95,973246.68,1226011.95
Up,false,SurvivalProbability/CPTY_A/1/5Y,0.00010000,,0.00000000,EUR,CPTY_A,2018-07-05,2.411221,16127.09,29181.84,77275.24,0.00,15998.21,1226011.95,940616.76,1226011.95
Up,false,SurvivalProbability/CPTY_A/1/5Y,0.00010000,,0.00000000,EUR,CPTY_A,2018-08-06,2.498892,16792.30,30221.56,82748.83,0.00,16654.62,1226011.95,908200.43,1226011.95
Up,false,SurvivalProbability/CPTY_A/1/5Y,0.00010000,,0.00000000,EUR,CPTY_A,2018-09-05,2.581084,17139.38,30661.83,87310.31,0.00,16995.52,1226011.95,879820.99,1226011.95
Up,false,SurvivalProbability/CPTY_A/1/5Y,0.00010000,,0.00000000,EUR,CPTY_A,2018-10-05,2.663276,18035.49,31178.72,88196.27,0.00,17880.61,1226011.95,853220.51,1226011.95
Up,false,SurvivalProbability/CPTY_A/1/5Y,0.00010000,,0.00000000,EUR,CPTY_A,2018-11-05,2.748207,19179.46,31554.72,94002.88,0.00,19010.89,1226011.95,827439.82,1226011.95
Up,false,SurvivalProbability/CPTY_A/1/5Y,0.00010000,,0.00000000,EUR,CPTY_A,2018-12-05,2.830399,20550.96,31792.30,92764.78,0.00,20366.34,1226011.95,804003.26,1226011.95
Up,false,SurvivalProbability/CPTY_A/1/5Y,0.00010000,,0.00000000,EUR,CPTY_A,2019-01-07,2.920810,21713.69,31717.12,99115.73,0.00,21513.98,1226011.95,779782.03,1226011.95
Up,false,SurvivalProbability/CPTY_A/1/5Y,0.00010000,,0.00000000,EUR,CPTY_A,2019-02-05,3.000262,22279.39,32477.08,100848.58,0.00,22070.29,1226011.95,759716.53,1226011.95
Up,false,SurvivalProbability/CPTY_A/1/5Y,0.00010000,,0.00000000,EUR,CPTY_A,2019-03-05,3.076974,22964.69,33144.20,105660.03,0.00,22747.37,1226011.95,741343.09,1226011.95
Up,false,SurvivalProbability/CPTY_A/1/5Y,0.00010000,,0.00000000,EUR,CPTY_A,2019-04-05,3.161906,23530.07,33813.75,102666.63,0.00,23306.11,1226011.95,722056.00,1226011.95
Up,false,SurvivalProbability/CPTY_A/1/5Y,0.00010000,,0.00000000,EUR,CPTY_A,2019-05-07,3.249577,24664.65,34472.23,122883.55,0.00,24428.49,1226011.95,703234.51,1226011.95
Up,false,SurvivalProbability/CPTY_A/1/5Y,0.00010000,,0.00000000,EUR,CPTY_A,2019-06-05,3.329029,25497.96,34931.40,118077.75,0.00,25252.51,1226011.95,687053.50,1226011.95
Up,false,SurvivalProbability/CPTY_A/1/5Y,0.00010000,,0.00000000,EUR,CPTY_A,2019-07-05,3.411221,26350.63,35059.02,137789.92,0.00,26095.57,1226011.95,671128.03,1226011.95
Up,false,SurvivalProbability/CPTY_A/1/5Y,0.00010000,,0.00000000,EUR,CPTY_A,2019-08-05,3.496152,27202.74,36219.28,145164.95,0.00,26937.94,1226011.95,655478.81,1226011.95
Up,false,SurvivalProbability/CPTY_A/1/5Y,0.00010000,,0.00000000,EUR,CPTY_A,2019-09-05,3.581084,27974.88,36994.43,136863.97,0.00,27701.03,1226011.95,640589.99,1226011.95
Up,false,SurvivalProbability/CPTY_A/1/5Y,0.00010000,,0.00000000,EUR,CPTY_A,2019-10-07,3.668755,29526.42,37943.69,150780.70,0.00,29235.71,1226011.95,625980.63,1226011.95
Up,false,SurvivalProbability/CPTY_A/1/5Y,0.00010000,,0.00000000,EUR,CPTY_A,2019-11-05,3.748207,30219.92,38092.13,149377.86,0.00,29920.82,1226011.95,613345.74,1226011.95
Up,false,SurvivalProbability/CPTY_A/1/5Y,0.00010000,,0.00000000,EUR,CPTY_A,2019-12-05,3.830399,31307.45,38044.02,145241.30,0.00,30995.93,1226011.95,600849.82,1226011.95
Up,false,SurvivalProbability/CPTY_A/1/5Y,0.00010000,,0.00000000,EUR,CPTY_A,2020-01-06,3.918033,32098.11,37725.19,155970.91,0.00,31776.90,1226011.95,588121.49,1226011.95
Up,false,SurvivalProbability/CPTY_A/1/5Y,0.00010000,,0.00000000,EUR,CPTY_A,2020-02-05,4.000000,32144.36,38243.57,152112.11,0.00,31820.98,1226011.95,576721.89,1226011.95
Up,false,SurvivalProbability/CPTY_A/1/5Y,0.00010000,,0.00000000,EUR,CPTY_A,2020-03-05,4.079235,32376.58,37544.97,157987.92,0.00,32053.01,1226011.95,566142.25,1226011.95
Up,false,SurvivalProbability/CPTY_A/1/5Y,0.00010000,,0.00000000,EUR,CPTY_A,2020-04-06,4.166667,33387.39,37408.92,161536.05,0.00,33057.30,1226011.95,554956.20,1226011.95
Up,false,SurvivalProbability/CPTY_A/1/5Y,0.00010000,,0.00000000,EUR,CPTY_A,2020-05-05,4.245902,34660.51,37164.63,162748.19,0.00,34321.20,1226011.95,545240.36,1226011.95
Up,false,SurvivalProbability/CPTY_A/1/5Y,0.00010000,,0.00000000,EUR,CPTY_A,2020-06-05,4.330601,35931.65,36453.91,159804.86,0.00,35583.62,1226011.95,535272.31,1226011.95
Up,false,SurvivalProbability/CPTY_A/1/5Y,0.00010000,,0.00000000,EUR,CPTY_A,2020-07-06,4.415301,37240.46,35863.05,168835.58,0.00,36883.63,1226011.95,525711.64,1226011.95
Up,false,SurvivalProbability/CPTY_A/1/5Y,0.00010000,,0.00000000,EUR,CPTY_A,2020-08-05,4.497268,37586.95,36210.58,169731.84,0.00,37230.57,1226011.95,516808.58,1226011.95
Up,false,SurvivalProbability/CPTY_A/1/5Y,0.00010000,,0.00000000,EUR,CPTY_A,2020-09-08,4.590164,37418.59,35477.42,157787.78,0.00,37068.06,1226011.95,507099.55,1226011.95
Up,false,SurvivalProbability/CPTY_A/1/5Y,0.00010000,,0.00000000,EUR,CPTY_A,2020-10-05,4.663934,37887.84,34994.93,162260.86,0.00,37536.35,1226011.95,499672.36,1226011.95
Up,false,SurvivalProbability/CPTY_A/1/5Y,0.00010000,,0.00000000,EUR,CPTY_A,2020-11-05,4.748634,38360.71,33999.32,170939.17,0.00,38008.82,1226011.95,491437.86,1226011.95
Up,false,SurvivalProbability/CPTY_A/1/5Y,0.00010000,,0.00000000,EUR,CPTY_A,2020-12-07,4.836066,39715.58,33087.16,175784.92,0.00,39355.52,1226011.95,483264.62,1226011.95
Up,false,SurvivalProbability/CPTY_A/1/5Y,0.00010000,,0.00000000,EUR,CPTY_A,2021-01-05,4.915330,40968.26,32246.60,169955.16,0.00,40600.82,1226011.95,476126.19,1226011.95
Up,false,SurvivalProbability/CPTY_A/1/5Y,0.00010000,,0.00000000,EUR,CPTY_A,2021-02-05,5.000262,0.00,0.00,0.00,0.00,0.00,1226011.95,468039.00,1226011.95
Up,false,CommodityCurve/COMDTY_WTI_USD/0/1Y,0.00000000,,0.00000000,EUR,CPTY_A,2016-02-05,0.000000,1234293.38,0.00,1234293.39,1234293.39,1234293.39,1234293.39,1234293.39,1234293.39
Up,false,CommodityCurve/COMDTY_WTI_USD/0/1Y,0.00000000,,0.00000000,EUR,CPTY_A,2016-03-07,0.084699,1121109.63,0.00,1879888.72,0.00,1120943.18,1234293.39,1120943.18,1234293.39
Up,false,CommodityCurve/COMDTY_WTI_USD/0/1Y,0.00000000,,0.00000000,EUR,CPTY_A,2016-04-05,0.163934,1139011.50,0.00,2300811.54,0.00,1138627.07,1234293.39,1129490.39,1234293.39
Up,false,CommodityCurve/COMDTY_WTI_USD/0/1Y,0.00000000,,0.00000000,EUR,CPTY_A,2016-05-06,0.248634,1161771.50,0.00,2580306.38,0.00,1161100.55,1234293.39,1140258.69,1234293.39
Up,false,CommodityCurve/COMDTY_WTI_USD/0/1Y,0.00000000,,0.00000000,EUR,CPTY_A,2016-06-06,0.333333,1180323.63,0.00,2837318.05,0.00,1179356.61,1234293.39,1150193.41,1234293.39
Up,false,CommodityCurve/COMDTY_WTI_USD/0/1Y,0.00000000,,0.00000000,EUR,CPTY_A,2016-07-05,0.412568,1196661.00,0.00,3307272.94,0.00,1195334.77,1234293.39,1158862.94,1234293.39
Up,false,CommodityCurve/COMDTY_WTI_USD/0/1Y,0.00000000,,0.00000000,EUR,CPTY_A,2016-08-05,0.497268,1214006.88,11.82,3455376.33,0.00,1212431.32,1234293.39,1167987.22,1234293.39
Up,false,CommodityCurve/COMDTY_WTI_USD/0/1Y,0.00000000,,0.00000000,EUR,CPTY_A,2016-09-06,0.584699,1218449.50,66.82,3717109.83,0.00,1216448.48,1234293.39,1175233.77,1234293.39
Up,false,CommodityCurve/COMDTY_WTI_USD/0/1Y,0.00000000,,0.00000000,EUR,CPTY_A,2016-10-05,0.663934,1217624.25,167.31,4063055.15,0.00,1215315.07,1234293.39,1180017.13,1234293.39
Up,false,CommodityCurve/COMDTY_WTI_USD/0/1Y,0.00000000,,0.00000000,EUR,CPTY_A,2016-11-07,0.754098,1217835.88,392.74,4353297.01,0.00,1215005.13,1234293.39,1184200.48,1234293.39
Up,false,CommodityCurve/COMDTY_WTI_USD/0/1Y,0.00000000,,0.00000000,EUR,CPTY_A,2016-12-05,0.830601,1210536.88,528.80,4440560.56,0.00,1207379.12,1234293.39,1186335.36,1234293.39
Up,false,CommodityCurve/COMDTY_WTI_USD/0/1Y,0.00000000,,0.00000000,EUR,CPTY_A,2017-01-05,0.915330,1209785.00,837.61,4712730.10,0.00,1206271.85,1234293.39,1188180.82,1234293.39
Up,false,CommodityCurve/COMDTY_WTI_USD/0/1Y,0.00000000,,0.00000000,EUR,CPTY_A,2017-02-06,1.003002,1203166.75,1406.70,5037624.51,0.00,1199342.28,1234293.39,1189156.43,1234293.39
Up,false,CommodityCurve/COMDTY_WTI_USD/0/1Y,0.00000000,,0.00000000,EUR,CPTY_A,2017-03-06,1.079714,1203036.75,1827.38,5153677.82,0.00,1198843.04,1234293.39,1189844.65,1234293.39
Up,false,CommodityCurve/COMDTY_WTI_USD/0/1Y,0.00000000,,0.00000000,EUR,CPTY_A,2017-04-05,1.161906,1201322.88,2497.42,5104503.93,0.00,1196728.87,1234293.39,1190331.63,1234293.39
Up,false,CommodityCurve/COMDTY_WTI_USD/0/1Y,0.00000000,,0.00000000,EUR,CPTY_A,2017-05-05,1.244098,1210891.50,3046.81,5295774.92,0.00,1205851.44,1234293.39,1191356.95,1234293.39
Up,false,CommodityCurve/COMDTY_WTI_USD/0/1Y,0.00000000,,0.00000000,EUR,CPTY_A,2017-06-06,1.331769,1209219.50,3754.66,5540905.48,0.00,1203815.25,1234293.39,1192177.09,1234293.39
Up,false,CommodityCurve/COMDTY_WTI_USD/0/1Y,0.00000000,,0.00000000,EUR,CPTY_A,2017-07-05,1.411221,1204999.75,4559.99,5586213.90,0.00,1199287.57,1234293.39,1192577.41,1234293.39
Up,false,CommodityCurve/COMDTY_WTI_USD/0/1Y,0.00000000,,0.00000000,EUR,CPTY_A,2017-08-07,1.501632,1198302.38,5436.45,5654303.70,0.00,1192252.30,1234293.39,1192557.84,1234293.39
Up,false,CommodityCurve/COMDTY_WTI_USD/0/1Y,0.00000000,,0.00000000,EUR,CPTY_A,2017-09-05,1.581084,1185859.63,6103.33,5756103.46,0.00,1179537.17,1234293.39,1191903.53,1234293.39
Up,false,CommodityCurve/COMDTY_WTI_USD/0/1Y,0.00000000,,0.00000000,EUR,CPTY_A,2017-10-05,1.663276,1182671.00,7264.79,5870254.76,0.00,1176018.76,1234293.39,1191118.57,1234293.39
Up,false,CommodityCurve/COMDTY_WTI_USD/0/1Y,0.00000000,,0.00000000,EUR,CPTY_A,2017-11-06,1.750947,1172180.38,8185.38,6351378.58,0.00,1165220.64,1234293.39,1189821.84,1234293.39
Up,false,CommodityCurve/COMDTY_WTI_USD/0/1Y,0.00000000,,0.00000000,EUR,CPTY_A,2017-12-05,1.830399,1175641.25,9169.55,6424470.17,0.00,1168268.67,1234293.39,1188886.29,1234293.39
Up,false,CommodityCurve/COMDTY_WTI_USD/0/1Y,0.00000000,,0.00000000,EUR,CPTY_A,2018-01-05,1.915330,1172269.75,10720.63,6380786.49,0.00,1164493.06,1234293.39,1187804.62,1234293.39
Up,false,CommodityCurve/COMDTY_WTI_USD/0/1Y,0.00000000,,0.00000000,EUR,CPTY_A,2018-02-05,2.000262,15506.42,21275.65,73191.70,0.00,15397.93,1234293.39,1138024.00,1234293.39
Up,false,CommodityCurve/COMDTY_WTI_USD/0/1Y,0.00000000,,0.00000000,EUR,CPTY_A,2018-03-05,2.076974,16107.21,22246.47,76943.65,0.00,15991.25,1234293.39,1096582.11,1234293.39
Up,false,CommodityCurve/COMDTY_WTI_USD/0/1Y,0.00000000,,0.00000000,EUR,CPTY_A,2018-04-05,2.161906,16849.04,22837.98,80279.61,0.00,16724.35,1234293.39,1054159.38,1234293.39
Up,false,CommodityCurve/COMDTY_WTI_USD/0/1Y,0.00000000,,0.00000000,EUR,CPTY_A,2018-05-08,2.252317,17563.60,23402.20,82499.41,0.00,17429.86,1234293.39,1012543.70,1234293.39
Up,false,CommodityCurve/COMDTY_WTI_USD/0/1Y,0.00000000,,0.00000000,EUR,CPTY_A,2018-06-05,2.329029,18640.07,24068.03,86263.41,0.00,18494.74,1234293.39,979802.24,1234293.39
Up,false,CommodityCurve/COMDTY_WTI_USD/0/1Y,0.00000000,,0.00000000,EUR,CPTY_A,2018-07-05,2.411221,19647.98,24689.61,86520.74,0.00,19490.97,1234293.39,947067.91,1234293.39
Up,false,CommodityCurve/COMDTY_WTI_USD/0/1Y,0.00000000,,0.00000000,EUR,CPTY_A,2018-08-06,2.498892,20329.88,25740.23,91800.80,0.00,20163.20,1234293.39,914548.35,1234293.39
Up,false,CommodityCurve/COMDTY_WTI_USD/0/1Y,0.00000000,,0.00000000,EUR,CPTY_A,2018-09-05,2.581084,20669.76,26168.78,96039.73,0.00,20496.27,1234293.39,886078.24,1234293.39
Up,false,CommodityCurve/COMDTY_WTI_USD/0/1Y,0.00000000,,0.00000000,EUR,CPTY_A,2018-10-05,2.663276,21692.27,26806.09,97439.91,0.00,21505.98,1234293.39,859396.54,1234293.39
Up,false,CommodityCurve/COMDTY_WTI_USD/0/1Y,0.00000000,,0.00000000,EUR,CPTY_A,2018-11-05,2.748207,22916.28,27254.67,103762.45,0.00,22714.87,1234293.39,833539.45,1234293.39
Up,false,CommodityCurve/COMDTY_WTI_USD/0/1Y,0.00000000,,0.00000000,EUR,CPTY_A,2018-12-05,2.830399,24360.37,27554.53,103324.44,0.00,24141.53,1234293.39,810035.39,1234293.39
Up,false,CommodityCurve/COMDTY_WTI_USD/0/1Y,0.00000000,,0.00000000,EUR,CPTY_A,2019-01-07,2.920810,25613.07,27558.03,108688.67,0.00,25377.50,1234293.39,785747.04,1234293.39
Up,false,CommodityCurve/COMDTY_WTI_USD/0/1Y,0.00000000,,0.00000000,EUR,CPTY_A,2019-02-05,3.000262,26162.85,28292.01,112226.76,0.00,25917.31,1234293.39,765625.45,1234293.39
Up,false,CommodityCurve/COMDTY_WTI_USD/0/1Y,0.00000000,,0.00000000,EUR,CPTY_A,2019-03-05,3.076974,26797.27,28895.84,119378.78,0.00,26543.68,1234293.39,747199.34,1234293.39
Up,false,CommodityCurve/COMDTY_WTI_USD/0/1Y,0.00000000,,0.00000000,EUR,CPTY_A,2019-04-05,3.161906,27563.45,29756.31,113374.50,0.00,27301.10,1234293.39,727862.25,1234293.39
Up,false,CommodityCurve/COMDTY_WTI_USD/0/1Y,0.00000000,,0.00000000,EUR,CPTY_A,2019-05-07,3.249577,28619.15,30319.36,131239.47,0.00,28345.12,1234293.39,708989.79,1234293.39
Up,false,CommodityCurve/COMDTY_WTI_USD/0/1Y,0.00000000,,0.00000000,EUR,CPTY_A,2019-06-05,3.329029,29464.95,30775.13,130774.92,0.00,29181.31,1234293.39,692765.18,1234293.39
Up,false,CommodityCurve/COMDTY_WTI_USD/0/1Y,0.00000000,,0.00000000,EUR,CPTY_A,2019-07-05,3.411221,30339.96,30909.62,147689.34,0.00,30046.28,1234293.39,676797.28,1234293.39
Up,false,CommodityCurve/COMDTY_WTI_USD/0/1Y,0.00000000,,0.00000000,EUR,CPTY_A,2019-08-05,3.496152,31164.32,32023.43,154639.98,0.00,30860.96,1234293.39,661105.64,1234293.39
Up,false,CommodityCurve/COMDTY_WTI_USD/0/1Y,0.00000000,,0.00000000,EUR,CPTY_A,2019-09-05,3.581084,31888.61,32731.26,149427.19,0.00,31576.44,1234293.39,646175.29,1234293.39
Up,false,CommodityCurve/COMDTY_WTI_USD/0/1Y,0.00000000,,0.00000000,EUR,CPTY_A,2019-10-07,3.668755,33606.09,33824.67,161666.58,0.00,33275.20,1234293.39,631528.98,1234293.39
Up,false,CommodityCurve/COMDTY_WTI_USD/0/1Y,0.00000000,,0.00000000,EUR,CPTY_A,2019-11-05,3.748207,34295.85,33950.54,161334.00,0.00,33956.42,1234293.39,618862.03,1234293.39
Up,false,CommodityCurve/COMDTY_WTI_USD/0/1Y,0.00000000,,0.00000000,EUR,CPTY_A,2019-12-05,3.830399,35502.43,34000.37,156842.48,0.00,35149.17,1234293.39,606336.86,1234293.39
Up,false,CommodityCurve/COMDTY_WTI_USD/0/1Y,0.00000000,,0.00000000,EUR,CPTY_A,2020-01-06,3.918033,36372.57,33739.73,167341.44,0.00,36008.59,1234293.39,593580.45,1234293.39
Up,false,CommodityCurve/COMDTY_WTI_USD/0/1Y,0.00000000,,0.00000000,EUR,CPTY_A,2020-02-05,4.000000,36425.23,34242.07,163523.16,0.00,36058.79,1234293.39,582155.82,1234293.39
Up,false,CommodityCurve/COMDTY_WTI_USD/0/1Y,0.00000000,,0.00000000,EUR,CPTY_A,2020-03-05,4.079235,36728.59,33607.59,171206.20,0.00,36361.53,1234293.39,571554.33,1234293.39
Up,false,CommodityCurve/COMDTY_WTI_USD/0/1Y,0.00000000,,0.00000000,EUR,CPTY_A,2020-04-06,4.166667,37736.51,33462.94,175550.42,0.00,37363.42,1234293.39,560345.07,1234293.39
Up,false,CommodityCurve/COMDTY_WTI_USD/0/1Y,0.00000000,,0.00000000,EUR,CPTY_A,2020-05-05,4.245902,39061.50,33264.47,176081.23,0.00,38679.10,1234293.39,550609.99,1234293.39
Up,false,CommodityCurve/COMDTY_WTI_USD/0/1Y,0.00000000,,0.00000000,EUR,CPTY_A,2020-06-05,4.330601,40311.20,32519.45,171579.47,0.00,39920.75,1234293.39,540621.75,1234293.39
Up,false,CommodityCurve/COMDTY_WTI_USD/0/1Y,0.00000000,,0.00000000,EUR,CPTY_A,2020-07-06,4.415301,41845.38,32147.13,180565.08,0.00,41444.41,1234293.39,531045.95,1234293.39
Up,false,CommodityCurve/COMDTY_WTI_USD/0/1Y,0.00000000,,0.00000000,EUR,CPTY_A,2020-08-05,4.497268,42150.52,32445.97,180465.61,0.00,41750.87,1234293.39,522128.05,1234293.39
Up,false,CommodityCurve/COMDTY_WTI_USD/0/1Y,0.00000000,,0.00000000,EUR,CPTY_A,2020-09-08,4.590164,42070.61,31790.69,169157.20,0.00,41676.51,1234293.39,512404.63,1234293.39
Up,false,CommodityCurve/COMDTY_WTI_USD/0/1Y,0.00000000,,0.00000000,EUR,CPTY_A,2020-10-05,4.663934,42489.39,31247.57,172010.70,0.00,42095.22,1234293.39,504965.64,1234293.39
Up,false,CommodityCurve/COMDTY_WTI_USD/0/1Y,0.00000000,,0.00000000,EUR,CPTY_A,2020-11-05,4.748634,42955.28,30232.58,181583.78,0.00,42561.24,1234293.39,496717.92,1234293.39
Up,false,CommodityCurve/COMDTY_WTI_USD/0/1Y,0.00000000,,0.00000000,EUR,CPTY_A,2020-12-07,4.836066,44380.16,29382.75,186478.47,0.00,43977.81,1234293.39,488532.79,1234293.39
Up,false,CommodityCurve/COMDTY_WTI_USD/0/1Y,0.00000000,,0.00000000,EUR,CPTY_A,2021-01-05,4.915330,45825.18,28727.39,181135.27,0.00,45414.18,1234293.39,481387.03,1234293.39
Up,false,CommodityCurve/COMDTY_WTI_USD/0/1Y,0.00000000,,0.00000000,EUR,CPTY_A,2021-02-05,5.000262,0.00,0.00,0.00,0.00,0.00,1234293.39,473210.48,1234293.39
Up,false,CommodityVolatility/COMDTY_WTI_USD/0/1Y/0,0.00110885,,0.00000000,EUR,CPTY_A,2016-02-05,0.000000,1226012.00,0.00,1226011.95,1226011.95,1226011.95,1226011.95,1226011.95,1226011.95
Up,false,CommodityVolatility/COMDTY_WTI_USD/0/1Y/0,0.00110885,,0.00000000,EUR,CPTY_A,2016-03-07,0.084699,1112851.13,0.00,1871716.49,0.00,1112685.94,1226011.95,1112685.94,1226011.95
Up,false,CommodityVolatility/COMDTY_WTI_USD/0/1Y/0,0.00110885,,0.00000000,EUR,CPTY_A,2016-04-05,0.163934,1130775.25,0.00,2292545.37,0.00,1130393.62,1226011.95,1121244.65,1226011.95
Up,false,CommodityVolatility/COMDTY_WTI_USD/0/1Y/0,0.00110885,,0.00000000,EUR,CPTY_A,2016-05-06,0.248634,1153555.25,0.00,2572454.44,0.00,1152889.04,1226011.95,1132024.61,1226011.95
Up,false,CommodityVolatility/COMDTY_WTI_USD/0/1Y/0,0.00110885,,0.00000000,EUR,CPTY_A,2016-06-06,0.333333,1172129.00,0.00,2829361.15,0.00,1171168.73,1226011.95,1141971.07,1226011.95
Up,false,CommodityVolatility/COMDTY_WTI_USD/0/1Y/0,0.00110885,,0.00000000,EUR,CPTY_A,2016-07-05,0.412568,1188483.63,0.00,3299741.43,0.00,1187166.42,1226011.95,1150650.97,1226011.95
Up,false,CommodityVolatility/COMDTY_WTI_USD/0/1Y/0,0.00110885,,0.00000000,EUR,CPTY_A,2016-08-05,0.497268,1205858.13,22.55,3445926.74,0.00,1204293.15,1226011.95,1159787.82,1226011.95
Up,false,CommodityVolatility/COMDTY_WTI_USD/0/1Y/0,0.00110885,,0.00000000,EUR,CPTY_A,2016-09-06,0.584699,1210368.75,129.73,3708163.53,0.00,1208381.06,1226011.95,1167054.10,1226011.95
Up,false,CommodityVolatility/COMDTY_WTI_USD/0/1Y/0,0.00110885,,0.00000000,EUR,CPTY_A,2016-10-05,0.663934,1209601.00,271.15,4053905.44,0.00,1207306.99,1226011.95,1171857.95,1226011.95
Up,false,CommodityVolatility/COMDTY_WTI_USD/0/1Y/0,0.00110885,,0.00000000,EUR,CPTY_A,2016-11-07,0.754098,1209967.63,636.88,4345617.36,0.00,1207155.23,1226011.95,1176078.27,1226011.95
Up,false,CommodityVolatility/COMDTY_WTI_USD/0/1Y/0,0.00110885,,0.00000000,EUR,CPTY_A,2016-12-05,0.830601,1202738.50,828.41,4433517.08,0.00,1199601.17,1226011.95,1178244.86,1226011.95
Up,false,CommodityVolatility/COMDTY_WTI_USD/0/1Y/0,0.00110885,,0.00000000,EUR,CPTY_A,2017-01-05,0.915330,1202141.88,1279.19,4704608.99,0.00,1198650.89,1226011.95,1180133.78,1226011.95
Up,false,CommodityVolatility/COMDTY_WTI_USD/0/1Y/0,0.00110885,,0.00000000,EUR,CPTY_A,2017-02-06,1.003002,1195818.00,2128.81,5026819.54,0.00,1192016.80,1226011.95,1181172.46,1226011.95
Up,false,CommodityVolatility/COMDTY_WTI_USD/0/1Y/0,0.00110885,,0.00000000,EUR,CPTY_A,2017-03-06,1.079714,1195788.25,2641.53,5145721.43,0.00,1191619.87,1226011.95,1181914.74,1226011.95
Up,false,CommodityVolatility/COMDTY_WTI_USD/0/1Y/0,0.00110885,,0.00000000,EUR,CPTY_A,2017-04-05,1.161906,1194183.38,3410.39,5092860.38,0.00,1189616.61,1226011.95,1182459.56,1226011.95
Up,false,CommodityVolatility/COMDTY_WTI_USD/0/1Y/0,0.00110885,,0.00000000,EUR,CPTY_A,2017-05-05,1.244098,1203877.88,4076.34,5288264.29,0.00,1198866.96,1226011.95,1183543.52,1226011.95
Up,false,CommodityVolatility/COMDTY_WTI_USD/0/1Y/0,0.00110885,,0.00000000,EUR,CPTY_A,2017-06-06,1.331769,1202440.00,5009.68,5530528.12,0.00,1197066.00,1226011.95,1184433.71,1226011.95
Up,false,CommodityVolatility/COMDTY_WTI_USD/0/1Y/0,0.00110885,,0.00000000,EUR,CPTY_A,2017-07-05,1.411221,1198344.38,5931.79,5578279.76,0.00,1192663.81,1226011.95,1184897.07,1226011.95
Up,false,CommodityVolatility/COMDTY_WTI_USD/0/1Y/0,0.00110885,,0.00000000,EUR,CPTY_A,2017-08-07,1.501632,1191854.13,7009.82,5646475.77,0.00,1185836.59,1226011.95,1184953.64,1226011.95
Up,false,CommodityVolatility/COMDTY_WTI_USD/0/1Y/0,0.00110885,,0.00000000,EUR,CPTY_A,2017-09-05,1.581084,1179598.50,7859.01,5748554.29,0.00,1173309.51,1226011.95,1184368.50,1226011.95
Up,false,CommodityVolatility/COMDTY_WTI_USD/0/1Y/0,0.00110885,,0.00000000,EUR,CPTY_A,2017-10-05,1.663276,1176647.63,9253.22,5861878.22,0.00,1170029.31,1226011.95,1183659.92,1226011.95
Up,false,CommodityVolatility/COMDTY_WTI_USD/0/1Y/0,0.00110885,,0.00000000,EUR,CPTY_A,2017-11-06,1.750947,1166220.75,10234.17,6344539.00,0.00,1159296.47,1226011.95,1182440.03,1226011.95
Up,false,CommodityVolatility/COMDTY_WTI_USD/0/1Y/0,0.00110885,,0.00000000,EUR,CPTY_A,2017-12-05,1.830399,1169850.38,11387.75,6418042.77,0.00,1162514.21,1226011.95,1181575.11,1226011.95
Up,false,CommodityVolatility/COMDTY_WTI_USD/0/1Y/0,0.00110885,,0.00000000,EUR,CPTY_A,2018-01-05,1.915330,1166725.50,13184.54,6371000.12,0.00,1158985.59,1226011.95,1180573.42,1226011.95
Up,false,CommodityVolatility/COMDTY_WTI_USD/0/1Y/0,0.00110885,,0.00000000,EUR,CPTY_A,2018-02-05,2.000262,12060.75,25839.26,64873.74,0.00,11976.36,1226011.95,1130954.56,1226011.95
Up,false,CommodityVolatility/COMDTY_WTI_USD/0/1Y/0,0.00110885,,0.00000000,EUR,CPTY_A,2018-03-05,2.076974,12669.95,26813.63,67194.12,0.00,12578.73,1226011.95,1089647.74,1226011.95
Up,false,CommodityVolatility/COMDTY_WTI_USD/0/1Y/0,0.00110885,,0.00000000,EUR,CPTY_A,2018-04-05,2.161906,13374.52,27370.48,71151.20,0.00,13275.55,1226011.95,1047361.94,1226011.95
Up,false,CommodityVolatility/COMDTY_WTI_USD/0/1Y/0,0.00110885,,0.00000000,EUR,CPTY_A,2018-05-08,2.252317,14114.97,27961.71,73627.02,0.00,14007.49,1226011.95,1005881.74,1226011.95
Up,false,CommodityVolatility/COMDTY_WTI_USD/0/1Y/0,0.00110885,,0.00000000,EUR,CPTY_A,2018-06-05,2.329029,15181.63,28618.62,77445.62,0.00,15063.27,1226011.95,973246.68,1226011.95
Up,false,CommodityVolatility/COMDTY_WTI_USD/0/1Y/0,0.00110885,,0.00000000,EUR,CPTY_A,2018-07-05,2.411221,16127.09,29181.84,77275.24,0.00,15998.21,1226011.95,940616.76,1226011.95
Up,false,CommodityVolatility/COMDTY_WTI_USD/0/1Y/0,0.00110885,,0.00000000,EUR,CPTY_A,2018-08-06,2.498892,16792.30,30221.56,82748.83,0.00,16654.62,1226011.95,908200.43,1226011.95
Up,false,CommodityVolatility/COMDTY_WTI_USD/0/1Y/0,0.00110885,,0.00000000,EUR,CPTY_A,2018-09-05,2.581084,17139.38,30661.83,87310.31,0.00,16995.52,1226011.95,879820.99,1226011.95
Up,false,CommodityVolatility/COMDTY_WTI_USD/0/1Y/0,0.00110885,,0.00000000,EUR,CPTY_A,2018-10-05,2.663276,18035.49,31178.72,88196.27,0.00,17880.61,1226011.95,853220.51,1226011.95
Up,false,CommodityVolatility/COMDTY_WTI_USD/0/1Y/0,0.00110885,,0.00000000,EUR,CPTY_A,2018-11-05,2.748207,19179.46,31554.72,94002.88,0.00,19010.89,1226011.95,827439.82,1226011.95
Up,false,CommodityVolatility/COMDTY_WTI_USD/0/1Y/0,0.00110885,,0.00000000,EUR,CPTY_A,2018-12-05,2.830399,20550.96,31792.30,92764.78,0.00,20366.34,1226011.95,804003.26,1226011.95
Up,false,CommodityVolatility/COMDTY_WTI_USD/0/1Y/0,0.00110885,,0.00000000,EUR,CPTY_A,2019-01-07,2.920810,21713.69,31717.12,99115.73,0.00,21513.98,1226011.95,779782.03,1226011.95
Up,false,CommodityVolatility/COMDTY_WTI_USD/0/1Y/0,0.00110885,,0.00000000,EUR,CPTY_A,2019-02-05,3.000262,22279.39,32477.08,100848.58,0.00,22070.29,1226011.95,759716.53,1226011.95
Up,false,CommodityVolatility/COMDTY_WTI_USD/0/1Y/0,0.00110885,,0.00000000,EUR,CPTY_A,2019-03-05,3.076974,22964.69,33144.20,105660.03,0.00,22747.37,1226011.95,741343.09,1226011.95
Up,false,CommodityVolatility/COMDTY_WTI_USD/0/1Y/0,0.00110885,,0.00000000,EUR,CPTY_A,2019-04-05,3.161906,23530.07,33813.75,102666.63,0.00,23306.11,1226011.95,722056.00,1226011.95
Up,false,CommodityVolatility/COMDTY_WTI_USD/0/1Y/0,0.00110885,,0.00000000,EUR,CPTY_A,2019-05-07,3.249577,24664.65,34472.23,122883.55,0.00,24428.49,1226011.95,703234.51,1226011.95
Up,false,CommodityVolatility/COMDTY_WTI_USD/0/1Y/0,0.00110885,,0.00000000,EUR,CPTY_A,2019-06-05,3.329029,25497.96,34931.40,118077.75,0.00,25252.51,1226011.95,687053.50,1226011.95
Up,false,CommodityVolatility/COMDTY_WTI_USD/0/1Y/0,0.00110885,,0.00000000,EUR,CPTY_A,2019-07-05,3.411221,26350.63,35059.02,137789.92,0.00,26095.57,1226011.95,671128.03,1226011.95
Up,false,CommodityVolatility/COMDTY_WTI_USD/0/1Y/0,0.00110885,,0.00000000,EUR,CPTY_A,2019-08-05,3.496152,27202.74,36219.28,145164.95,0.00,26937.94,1226011.95,655478.81,1226011.95
Up,false,CommodityVolatility/COMDTY_WTI_USD/0/1Y/0,0.00110885,,0.00000000,EUR,CPTY_A,2019-09-05,3.581084,27974.88,36994.43,136863.97,0.00,27701.03,1226011.95,640589.99,1226011.95
Up,false,CommodityVolatility/COMDTY_WTI_USD/0/1Y/0,0.00110885,,0.00000000,EUR,CPTY_A,2019-10-07,3.668755,29526.42,37943.69,150780.70,0.00,29235.71,1226011.95,625980.63,1226011.95
Up,false,CommodityVolatility/COMDTY_WTI_USD/0/1Y/0,0.00110885,,0.00000000,EUR,CPTY_A,2019-11-05,3.748207,30219.92,38092.13,149377.86,0.00,29920.82,1226011.95,613345.74,1226011.95
Up,false,CommodityVolatility/COMDTY_WTI_USD/0/1Y/0,0.00110885,,0.00000000,EUR,CPTY_A,2019-12-05,3.830399,31307.45,38044.02,145241.30,0.00,30995.93,1226011.95,600849.82,1226011.95
Up,false,CommodityVolatility/COMDTY_WTI_USD/0/1Y/0,0.00110885,,0.00000000,EUR,CPTY_A,2020-01-06,3.918033,32098.11,37725.19,155970.91,0.00,31776.90,1226011.95,588121.49,1226011.95
Up,false,CommodityVolatility/COMDTY_WTI_USD/0/1Y/0,0.00110885,,0.00000000,EUR,CPTY_A,2020-02-05,4.000000,32144.36,38243.57,152112.11,0.00,31820.98,1226011.95,576721.89,1226011.95
Up,false,CommodityVolatility/COMDTY_WTI_USD/0/1Y/0,0.00110885,,0.00000000,EUR,CPTY_A,2020-03-05,4.079235,32376.58,37544.97,157987.92,0.00,32053.01,1226011.95,566142.25,1226011.95
Up,false,CommodityVolatility/COMDTY_WTI_USD/0/1Y/0,0.00110885,,0.00000000,EUR,CPTY_A,2020-04-06,4.166667,33387.39,37408.92,161536.05,0.00,33057.30,1226011.95,554956.20,1226011.95
Up,false,CommodityVolatility/COMDTY_WTI_USD/0/1Y/0,0.00110885,,0.00000000,EUR,CPTY_A,2020-05-05,4.245902,34660.51,37164.63,162748.19,0.00,34321.20,1226011.95,545240.36,1226011.95
Up,false,CommodityVolatility/COMDTY_WTI_USD/0/1Y/0,0.00110885,,0.00000000,EUR,CPTY_A,2020-06-05,4.330601,35931.65,36453.91,159804.86,0.00,35583.62,1226011.95,535272.31,1226011.95
Up,false,CommodityVolatility/COMDTY_WTI_USD/0/1Y/0,0.00110885,,0.00000000,EUR,CPTY_A,2020-07-06,4.415301,37240.46,35863.05,168835.58,0.00,36883.63,1226011.95,525711.64,1226011.95
Up,false,CommodityVolatility/COMDTY_WTI_USD/0/1Y/0,0.00110885,,0.00000000,EUR,CPTY_A,2020-08-05,4.497268,37586.95,36210.58,169731.84,0.00,37230.57,1226011.95,516808.58,1226011.95
Up,false,CommodityVolatility/COMDTY_WTI_USD/0/1Y/0,0.00110885,,0.00000000,EUR,CPTY_A,2020-09-08,4.590164,37418.59,35477.42,157787.78,0.00,37068.06,1226011.95,507099.55,1226011.95
Up,false,CommodityVolatility/COMDTY_WTI_USD/0/1Y/0,0.00110885,,0.00000000,EUR,CPTY_A,2020-10-05,4.663934,37887.84,34994.93,162260.86,0.00,37536.35,1226011.95,499672.36,1226011.95
Up,false,CommodityVolatility/COMDTY_WTI_USD/0/1Y/0,0.00110885,,0.00000000,EUR,CPTY_A,2020-11-05,4.748634,38360.71,33999.32,170939.17,0.00,38008.82,1226011.95,491437.86,1226011.95
Up,false,CommodityVolatility/COMDTY_WTI_USD/0/1Y/0,0.00110885,,0.00000000,EUR,CPTY_A,2020-12-07,4.836066,39715.58,33087.16,175784.92,0.00,39355.52,1226011.95,483264.62,1226011.95
Up,false,CommodityVolatility/COMDTY_WTI_USD/0/1Y/0,0.00110885,,0.00000000,EUR,CPTY_A,2021-01-05,4.915330,40968.26,32246.60,169955.16,0.00,40600.82,1226011.95,476126.19,1226011.95
Up,false,CommodityVolatility/COMDTY_WTI_USD/0/1Y/0,0.00110885,,0.00000000,EUR,CPTY_A,2021-02-05,5.000262,0.00,0.00,0.00,0.00,0.00,1226011.95,468039.00,1226011.95
Up,false,CommodityVolatility/COMDTY_WTI_USD/3/1Y/ATM,0.00110885,,0.00000000,EUR,CPTY_A,2016-02-05,0.000000,1226012.00,0.00,1226011.95,1226011.95,1226011.95,1226011.95,1226011.95,1226011.95
Up,false,CommodityVolatility/COMDTY_WTI_USD/3/1Y/ATM,0.00110885,,0.00000000,EUR,CPTY_A,2016-03-07,0.084699,1112851.13,0.00,1871711.56,0.00,1112685.95,1226011.95,1112685.95,1226011.95
Up,false,CommodityVolatility/COMDTY_WTI_USD/3/1Y/ATM,0.00110885,,0.00000000,EUR,CPTY_A,2016-04-05,0.163934,1130775.38,0.00,2292617.92,0.00,1130393.75,1226011.95,1121244.72,1226011.95
Up,false,CommodityVolatility/COMDTY_WTI_USD/3/1Y/ATM,0.00110885,,0.00000000,EUR,CPTY_A,2016-05-06,0.248634,1153555.25,0.00,2572297.50,0.00,1152889.09,1226011.95,1132024.67,1226011.95
Up,false,CommodityVolatility/COMDTY_WTI_USD/3/1Y/ATM,0.00110885,,0.00000000,EUR,CPTY_A,2016-06-06,0.333333,1172129.00,0.00,2829354.00,0.00,1171168.67,1226011.95,1141971.10,1226011.95
Up,false,CommodityVolatility/COMDTY_WTI_USD/3/1Y/ATM,0.00110885,,0.00000000,EUR,CPTY_A,2016-07-05,0.412568,1188483.63,0.00,3299607.95,0.00,1187166.53,1226011.95,1150651.02,1226011.95
Up,false,CommodityVolatility/COMDTY_WTI_USD/3/1Y/ATM,0.00110885,,0.00000000,EUR,CPTY_A,2016-08-05,0.497268,1205858.88,23.08,3445942.19,0.00,1204293.89,1226011.95,1159787.99,1226011.95
Up,false,CommodityVolatility/COMDTY_WTI_USD/3/1Y/ATM,0.00110885,,0.00000000,EUR,CPTY_A,2016-09-06,0.584699,1210370.13,130.84,3708279.31,0.00,1208382.42,1226011.95,1167054.44,1226011.95
Up,false,CommodityVolatility/COMDTY_WTI_USD/3/1Y/ATM,0.00110885,,0.00000000,EUR,CPTY_A,2016-10-05,0.663934,1209603.50,273.43,4053736.77,0.00,1207309.44,1226011.95,1171858.54,1226011.95
Up,false,CommodityVolatility/COMDTY_WTI_USD/3/1Y/ATM,0.00110885,,0.00000000,EUR,CPTY_A,2016-11-07,0.754098,1209971.88,640.95,4345712.60,0.00,1207159.41,1226011.95,1176079.30,1226011.95
Up,false,CommodityVolatility/COMDTY_WTI_USD/3/1Y/ATM,0.00110885,,0.00000000,EUR,CPTY_A,2016-12-05,0.830601,1202744.13,833.99,4433661.10,0.00,1199606.72,1226011.95,1178246.29,1226011.95
Up,false,CommodityVolatility/COMDTY_WTI_USD/3/1Y/ATM,0.00110885,,0.00000000,EUR,CPTY_A,2017-01-05,0.915330,1202150.38,1287.71,4704695.40,0.00,1198659.43,1226011.95,1180135.88,1226011.95
Up,false,CommodityVolatility/COMDTY_WTI_USD/3/1Y/ATM,0.00110885,,0.00000000,EUR,CPTY_A,2017-02-06,1.003002,1195830.50,2141.74,5027082.93,0.00,1192029.35,1226011.95,1181175.47,1226011.95
Up,false,CommodityVolatility/COMDTY_WTI_USD/3/1Y/ATM,0.00110885,,0.00000000,EUR,CPTY_A,2017-03-06,1.079714,1195805.50,2658.94,5145659.30,0.00,1191636.99,1226011.95,1181918.75,1226011.95
Up,false,CommodityVolatility/COMDTY_WTI_USD/3/1Y/ATM,0.00110885,,0.00000000,EUR,CPTY_A,2017-04-05,1.161906,1194204.00,3431.31,5092591.57,0.00,1189637.23,1226011.95,1182464.75,1226011.95
Up,false,CommodityVolatility/COMDTY_WTI_USD/3/1Y/ATM,0.00110885,,0.00000000,EUR,CPTY_A,2017-05-05,1.244098,1203901.00,4099.96,5288422.15,0.00,1198890.01,1226011.95,1183549.89,1226011.95
Up,false,CommodityVolatility/COMDTY_WTI_USD/3/1Y/ATM,0.00110885,,0.00000000,EUR,CPTY_A,2017-06-06,1.331769,1202469.88,5039.82,5531146.25,0.00,1197095.77,1226011.95,1184441.62,1226011.95
Up,false,CommodityVolatility/COMDTY_WTI_USD/3/1Y/ATM,0.00110885,,0.00000000,EUR,CPTY_A,2017-07-05,1.411221,1198380.25,5968.23,5577990.16,0.00,1192699.50,1226011.95,1184906.54,1226011.95
Up,false,CommodityVolatility/COMDTY_WTI_USD/3/1Y/ATM,0.00110885,,0.00000000,EUR,CPTY_A,2017-08-07,1.501632,1191894.75,7051.45,5646550.42,0.00,1185877.11,1226011.95,1184964.98,1226011.95
Up,false,CommodityVolatility/COMDTY_WTI_USD/3/1Y/ATM,0.00110885,,0.00000000,EUR,CPTY_A,2017-09-05,1.581084,1179644.38,7905.58,5748273.59,0.00,1173355.08,1226011.95,1184381.56,1226011.95
Up,false,CommodityVolatility/COMDTY_WTI_USD/3/1Y/ATM,0.00110885,,0.00000000,EUR,CPTY_A,2017-10-05,1.663276,1176700.00,9306.53,5861646.14,0.00,1170081.40,1226011.95,1183674.91,1226011.95
Up,false,CommodityVolatility/COMDTY_WTI_USD/3/1Y/ATM,0.00110885,,0.00000000,EUR,CPTY_A,2017-11-06,1.750947,1166279.88,10293.92,6344511.86,0.00,1159355.26,1226011.95,1182457.21,1226011.95
Up,false,CommodityVolatility/COMDTY_WTI_USD/3/1Y/ATM,0.00110885,,0.00000000,EUR,CPTY_A,2017-12-05,1.830399,1169915.88,11454.05,6417533.32,0.00,1162579.29,1226011.95,1181594.37,1226011.95
Up,false,CommodityVolatility/COMDTY_WTI_USD/3/1Y/ATM,0.00110885,,0.00000000,EUR,CPTY_A,2018-01-05,1.915330,1166805.00,13264.48,6371025.34,0.00,1159064.55,1226011.95,1180595.33,1226011.95
Up,false,CommodityVolatility/COMDTY_WTI_USD/3/1Y/ATM,0.00110885,,0.00000000,EUR,CPTY_A,2018-02-05,2.000262,12203.24,25982.38,65540.72,0.00,12117.86,1226011.95,1130981.55,1226011.95
Up,false,CommodityVolatility/COMDTY_WTI_USD/3/1Y/ATM,0.00110885,,0.00000000,EUR,CPTY_A,2018-03-05,2.076974,12817.73,26964.08,67890.61,0.00,12725.45,1226011.95,1089679.15,1226011.95
Up,false,CommodityVolatility/COMDTY_WTI_USD/3/1Y/ATM,0.00110885,,0.00000000,EUR,CPTY_A,2018-04-05,2.161906,13528.70,27526.09,71881.45,0.00,13428.58,1226011.95,1047398.13,1226011.95
Up,false,CommodityVolatility/COMDTY_WTI_USD/3/1Y/ATM,0.00110885,,0.00000000,EUR,CPTY_A,2018-05-08,2.252317,14274.51,28123.31,74377.52,0.00,14165.82,1226011.95,1005922.82,1226011.95
Up,false,CommodityVolatility/COMDTY_WTI_USD/3/1Y/ATM,0.00110885,,0.00000000,EUR,CPTY_A,2018-06-05,2.329029,15348.64,28787.24,78225.88,0.00,15228.97,1226011.95,973291.87,1226011.95
Up,false,CommodityVolatility/COMDTY_WTI_USD/3/1Y/ATM,0.00110885,,0.00000000,EUR,CPTY_A,2018-07-05,2.411221,16301.81,29358.72,78036.93,0.00,16171.54,1226011.95,940666.32,1226011.95
Up,false,CommodityVolatility/COMDTY_WTI_USD/3/1Y/ATM,0.00110885,,0.00000000,EUR,CPTY_A,2018-08-06,2.498892,16974.10,30404.50,83564.74,0.00,16834.93,1226011.95,908254.58,1226011.95
Up,false,CommodityVolatility/COMDTY_WTI_USD/3/1Y/ATM,0.00110885,,0.00000000,EUR,CPTY_A,2018-09-05,2.581084,17323.32,30847.62,88198.27,0.00,17177.92,1226011.95,879879.22,1226011.95
Up,false,CommodityVolatility/COMDTY_WTI_USD/3/1Y/ATM,0.00110885,,0.00000000,EUR,CPTY_A,2018-10-05,2.663276,18226.85,31372.48,89058.10,0.00,18070.32,1226011.95,853282.80,1226011.95
Up,false,CommodityVolatility/COMDTY_WTI_USD/3/1Y/ATM,0.00110885,,0.00000000,EUR,CPTY_A,2018-11-05,2.748207,19378.43,31756.33,94919.63,0.00,19208.11,1226011.95,827506.28,1226011.95
Up,false,CommodityVolatility/COMDTY_WTI_USD/3/1Y/ATM,0.00110885,,0.00000000,EUR,CPTY_A,2018-12-05,2.830399,20757.44,32002.18,93651.16,0.00,20570.96,1226011.95,804073.73,1226011.95
Up,false,CommodityVolatility/COMDTY_WTI_USD/3/1Y/ATM,0.00110885,,0.00000000,EUR,CPTY_A,2019-01-07,2.920810,21926.70,31932.59,100047.02,0.00,21725.03,1226011.95,779856.86,1226011.95
Up,false,CommodityVolatility/COMDTY_WTI_USD/3/1Y/ATM,0.00110885,,0.00000000,EUR,CPTY_A,2019-02-05,3.000262,22497.80,32697.96,101797.84,0.00,22286.65,1226011.95,759795.11,1226011.95
Up,false,CommodityVolatility/COMDTY_WTI_USD/3/1Y/ATM,0.00110885,,0.00000000,EUR,CPTY_A,2019-03-05,3.076974,23188.18,33370.20,106649.89,0.00,22968.75,1226011.95,741425.22,1226011.95
Up,false,CommodityVolatility/COMDTY_WTI_USD/3/1Y/ATM,0.00110885,,0.00000000,EUR,CPTY_A,2019-04-05,3.161906,23758.46,34047.24,103628.37,0.00,23532.32,1226011.95,722142.00,1226011.95
Up,false,CommodityVolatility/COMDTY_WTI_USD/3/1Y/ATM,0.00110885,,0.00000000,EUR,CPTY_A,2019-05-07,3.249577,24900.85,34712.38,124030.63,0.00,24662.43,1226011.95,703324.51,1226011.95
Up,false,CommodityVolatility/COMDTY_WTI_USD/3/1Y/ATM,0.00110885,,0.00000000,EUR,CPTY_A,2019-06-05,3.329029,25738.93,35177.70,119166.23,0.00,25491.17,1226011.95,687147.04,1226011.95
Up,false,CommodityVolatility/COMDTY_WTI_USD/3/1Y/ATM,0.00110885,,0.00000000,EUR,CPTY_A,2019-07-05,3.411221,26596.59,35309.32,139067.41,0.00,26339.15,1226011.95,671225.18,1226011.95
Up,false,CommodityVolatility/COMDTY_WTI_USD/3/1Y/ATM,0.00110885,,0.00000000,EUR,CPTY_A,2019-08-05,3.496152,27457.89,36476.52,146492.52,0.00,27190.61,1226011.95,655579.75,1226011.95
Up,false,CommodityVolatility/COMDTY_WTI_USD/3/1Y/ATM,0.00110885,,0.00000000,EUR,CPTY_A,2019-09-05,3.581084,28236.55,37257.40,138114.50,0.00,27960.13,1226011.95,640694.68,1226011.95
Up,false,CommodityVolatility/COMDTY_WTI_USD/3/1Y/ATM,0.00110885,,0.00000000,EUR,CPTY_A,2019-10-07,3.668755,29800.79,38216.27,152160.44,0.00,29507.37,1226011.95,626089.30,1226011.95
Up,false,CommodityVolatility/COMDTY_WTI_USD/3/1Y/ATM,0.00110885,,0.00000000,EUR,CPTY_A,2019-11-05,3.748207,30496.83,38369.64,150744.91,0.00,30194.99,1226011.95,613457.92,1226011.95
Up,false,CommodityVolatility/COMDTY_WTI_USD/3/1Y/ATM,0.00110885,,0.00000000,EUR,CPTY_A,2019-12-05,3.830399,31588.94,38326.60,146538.69,0.00,31274.61,1226011.95,600965.58,1226011.95
Up,false,CommodityVolatility/COMDTY_WTI_USD/3/1Y/ATM,0.00110885,,0.00000000,EUR,CPTY_A,2020-01-06,3.918033,32381.97,38010.66,157356.81,0.00,32057.93,1226011.95,588240.94,1226011.95
Up,false,CommodityVolatility/COMDTY_WTI_USD/3/1Y/ATM,0.00110885,,0.00000000,EUR,CPTY_A,2020-02-05,4.000000,32429.50,38531.39,153477.31,0.00,32103.25,1226011.95,576844.68,1226011.95
Up,false,CommodityVolatility/COMDTY_WTI_USD/3/1Y/ATM,0.00110885,,0.00000000,EUR,CPTY_A,2020-03-05,4.079235,32660.27,37830.94,159367.92,0.00,32333.87,1226011.95,566268.11,1226011.95
Up,false,CommodityVolatility/COMDTY_WTI_USD/3/1Y/ATM,0.00110885,,0.00000000,EUR,CPTY_A,2020-04-06,4.166667,33674.81,37699.64,162925.63,0.00,33341.88,1226011.95,555085.39,1226011.95
Up,false,CommodityVolatility/COMDTY_WTI_USD/3/1Y/ATM,0.00110885,,0.00000000,EUR,CPTY_A,2020-05-05,4.245902,34952.57,37459.55,164182.13,0.00,34610.39,1226011.95,545372.54,1226011.95
Up,false,CommodityVolatility/COMDTY_WTI_USD/3/1Y/ATM,0.00110885,,0.00000000,EUR,CPTY_A,2020-06-05,4.330601,36228.08,36751.46,161171.58,0.00,35877.18,1226011.95,535407.65,1226011.95
Up,false,CommodityVolatility/COMDTY_WTI_USD/3/1Y/ATM,0.00110885,,0.00000000,EUR,CPTY_A,2020-07-06,4.415301,37538.96,36161.95,170312.05,0.00,37179.26,1226011.95,525850.05,1226011.95
Up,false,CommodityVolatility/COMDTY_WTI_USD/3/1Y/ATM,0.00110885,,0.00000000,EUR,CPTY_A,2020-08-05,4.497268,37887.86,36512.47,171083.72,0.00,37528.62,1226011.95,516949.90,1226011.95
Up,false,CommodityVolatility/COMDTY_WTI_USD/3/1Y/ATM,0.00110885,,0.00000000,EUR,CPTY_A,2020-09-08,4.590164,37715.28,35776.48,159090.77,0.00,37361.97,1226011.95,507243.95,1226011.95
Up,false,CommodityVolatility/COMDTY_WTI_USD/3/1Y/ATM,0.00110885,,0.00000000,EUR,CPTY_A,2020-10-05,4.663934,38184.93,35294.53,163676.58,0.00,37830.68,1226011.95,499819.14,1226011.95
Up,false,CommodityVolatility/COMDTY_WTI_USD/3/1Y/ATM,0.00110885,,0.00000000,EUR,CPTY_A,2020-11-05,4.748634,38654.59,34297.43,172318.81,0.00,38300.00,1226011.95,491587.21,1226011.95
Up,false,CommodityVolatility/COMDTY_WTI_USD/3/1Y/ATM,0.00110885,,0.00000000,EUR,CPTY_A,2020-12-07,4.836066,40011.76,33386.80,177338.73,0.00,39649.01,1226011.95,483416.58,1226011.95
Up,false,CommodityVolatility/COMDTY_WTI_USD/3/1Y/ATM,0.00110885,,0.00000000,EUR,CPTY_A,2021-01-05,4.915330,41263.98,32545.06,171371.39,0.00,40893.89,1226011.95,476280.43,1226011.95
Up,false,CommodityVolatility/COMDTY_WTI_USD/3/1Y/ATM,0.00110885,,0.00000000,EUR,CPTY_A,2021-02-05,5.000262,0.00,0.00,0.00,0.00,0.00,1226011.95,468190.61,1226011.95
Up,false,CommodityVolatility/COMDTY_WTI_USD/1/5Y/0,0.00109155,,0.00000000,EUR,CPTY_A,2016-02-05,0.000000,1226012.00,0.00,1226011.95,1226011.95,1226011.95,1226011.95,1226011.95,1226011.95
Up,false,CommodityVolatility/COMDTY_WTI_USD/1/5Y/0,0.00109155,,0.00000000,EUR,CPTY_A,2016-03-07,0.084699,1112851.13,0.00,1871716.49,0.00,1112685.94,1226011.95,1112685.94,1226011.95
Up,false,CommodityVolatility/COMDTY_WTI_USD/1/5Y/0,0.00109155,,0.00000000,EUR,CPTY_A,2016-04-05,0.163934,1130775.25,0.00,2292545.37,0.00,1130393.62,1226011.95,1121244.65,1226011.95
Up,false,CommodityVolatility/COMDTY_WTI_USD/1/5Y/0,0.00109155,,0.00000000,EUR,CPTY_A,2016-05-06,0.248634,1153555.25,0.00,2572454.44,0.00,1152889.04,1226011.95,1132024.61,1226011.95
Up,false,CommodityVolatility/COMDTY_WTI_USD/1/5Y/0,0.00109155,,0.00000000,EUR,CPTY_A,2016-06-06,0.333333,1172129.00,0.00,2829361.15,0.00,1171168.73,1226011.95,1141971.07,1226011.95
Up,false,CommodityVolatility/COMDTY_WTI_USD/1/5Y/0,0.00109155,,0.00000000,EUR,CPTY_A,2016-07-05,0.412568,1188483.63,0.00,3299741.43,0.00,1187166.42,1226011.95,1150650.97,1226011.95
Up,false,CommodityVolatility/COMDTY_WTI_USD/1/5Y/0,0.00109155,,0.00000000,EUR,CPTY_A,2016-08-05,0.497268,1205858.13,22.55,3445926.74,0.00,1204293.15,1226011.95,1159787.82,1226011.95
Up,false,CommodityVolatility/COMDTY_WTI_USD/1/5Y/0,0.00109155,,0.00000000,EUR,CPTY_A,2016-09-06,0.584699,1210368.75,129.73,3708163.53,0.00,1208381.06,1226011.95,1167054.10,1226011.95
Up,false,CommodityVolatility/COMDTY_WTI_USD/1/5Y/0,0.00109155,,0.00000000,EUR,CPTY_A,2016-10-05,0.663934,1209601.00,271.15,4053905.44,0.00,1207306.99,1226011.95,1171857.95,1226011.95
Up,false,CommodityVolatility/COMDTY_WTI_USD/1/5Y/0,0.00109155,,0.00000000,EUR,CPTY_A,2016-11-07,0.754098,1209967.63,636.88,4345617.36,0.00,1207155.23,1226011.95,1176078.27,1226011.95
Up,false,CommodityVolatility/COMDTY_WTI_USD/1/5Y/0,0.00109155,,0.00000000,EUR,CPTY_A,2016-12-05,0.830601,1202738.50,828.41,4433517.08,0.00,1199601.17,1226011.95,1178244.86,1226011.95
Up,false,CommodityVolatility/COMDTY_WTI_USD/1/5Y/0,0.00109155,,0.00000000,EUR,CPTY_A,2017-01-05,0.915330,1202141.88,1279.19,4704608.99,0.00,1198650.89,1226011.95,1180133.78,1226011.95
Up,false,CommodityVolatility/COMDTY_WTI_USD/1/5Y/0,0.00109155,,0.00000000,EUR,CPTY_A,2017-02-06,1.003002,1195818.00,2128.81,5026819.54,0.00,1192016.80,1226011.95,1181172.46,1226011.95
Up,false,CommodityVolatility/COMDTY_WTI_USD/1/5Y/0,0.00109155,,0.00000000,EUR,CPTY_A,2017-03-06,1.079714,1195788.25,2641.53,5145721.43,0.00,1191619.87,1226011.95,1181914.74,1226011.95
Up,false,CommodityVolatility/COMDTY_WTI_USD/1/5Y/0,0.00109155,,0.00000000,EUR,CPTY_A,2017-04-05,1.161906,1194183.38,3410.39,5092860.38,0.00,1189616.61,1226011.95,1182459.56,1226011.95
Up,false,CommodityVolatility/COMDTY_WTI_USD/1/5Y/0,0.00109155,,0.00000000,EUR,CPTY_A,2017-05-05,1.244098,1203877.88,4076.34,5288264.29,0.00,1198866.96,1226011.95,1183543.52,1226011.95
Up,false,CommodityVolatility/COMDTY_WTI_USD/1/5Y/0,0.00109155,,0.00000000,EUR,CPTY_A,2017-06-06,1.331769,1202440.00,5009.68,5530528.12,0.00,1197066.00,1226011.95,1184433.71,1226011.95
Up,false,CommodityVolatility/COMDTY_WTI_USD/1/5Y/0,0.00109155,,0.00000000,EUR,CPTY_A,2017-07-05,1.411221,1198344.38,5931.79,5578279.76,0.00,1192663.81,1226011.95,1184897.07,1226011.95
Up,false,CommodityVolatility/COMDTY_WTI_USD/1/5Y/0,0.00109155,,0.00000000,EUR,CPTY_A,2017-08-07,1.501632,1191854.13,7009.82,5646475.77,0.00,1185836.59,1226011.95,1184953.64,1226011.95
Up,false,CommodityVolatility/COMDTY_WTI_USD/1/5Y/0,0.00109155,,0.00000000,EUR,CPTY_A,2017-09-05,1.581084,1179598.50,7859.01,5748554.29,0.00,1173309.51,1226011.95,1184368.50,1226011.95
Up,false,CommodityVolatility/COMDTY_WTI_USD/1/5Y/0,0.00109155,,0.00000000,EUR,CPTY_A,2017-10-05,1.663276,1176647.63,9253.22,5861878.22,0.00,1170029.31,1226011.95,1183659.92,1226011.95
Up,false,CommodityVolatility/COMDTY_WTI_USD/1/5Y/0,0.00109155,,0.00000000,EUR,CPTY_A,2017-11-06,1.750947,1166220.75,10234.17,6344539.00,0.00,1159296.47,1226011.95,1182440.03,1226011.95
Up,false,CommodityVolatility/COMDTY_WTI_USD/1/5Y/0,0.00109155,,0.00000000,EUR,CPTY_A,2017-12-05,1.830399,1169850.38,11387.75,6418042.77,0.00,1162514.21,1226011.95,1181575.11,1226011.95
Up,false,CommodityVolatility/COMDTY_WTI_USD/1/5Y/0,0.00109155,,0.00000000,EUR,CPTY_A,2018-01-05,1.915330,1166725.50,13184.54,6371000.12,0.00,1158985.59,1226011.95,1180573.42,1226011.95
Up,false,CommodityVolatility/COMDTY_WTI_USD/1/5Y/0,0.00109155,,0.00000000,EUR,CPTY_A,2018-02-05,2.000262,12060.75,25839.26,64873.74,0.00,11976.36,1226011.95,1130954.56,1226011.95
Up,false,CommodityVolatility/COMDTY_WTI_USD/1/5Y/0,0.00109155,,0.00000000,EUR,CPTY_A,2018-03-05,2.076974,12669.95,26813.63,67194.12,0.00,12578.73,1226011.95,1089647.74,1226011.95
Up,false,CommodityVolatility/COMDTY_WTI_USD/1/5Y/0,0.00109155,,0.00000000,EUR,CPTY_A,2018-04-05,2.161906,13374.52,27370.48,71151.20,0.00,13275.55,1226011.95,1047361.94,1226011.95
Up,false,CommodityVolatility/COMDTY_WTI_USD/1/5Y/0,0.00109155,,0.00000000,EUR,CPTY_A,2018-05-08,2.252317,14114.97,27961.71,73627.02,0.00,14007.49,1226011.95,1005881.74,1226011.95
Up,false,CommodityVolatility/COMDTY_WTI_USD/1/5Y/0,0.00109155,,0.00000000,EUR,CPTY_A,2018-06-05,2.329029,15181.63,28618.62,77445.62,0.00,15063.27,1226011.95,973246.68,1226011.95
Up,false,CommodityVolatility/COMDTY_WTI_USD/1/5Y/0,0.00109155,,0.00000000,EUR,CPTY_A,2018-07-05,2.411221,16127.09,29181.84,77275.24,0.00,15998.21,1226011.95,940616.76,1226011.95
Up,false,CommodityVolatility/COMDTY_WTI_USD/1/5Y/0,0.00109155,,0.00000000,EUR,CPTY_A,2018-08-06,2.498892,16792.30,30221.56,82748.83,0.00,16654.62,1226011.95,908200.43,1226011.95
Up,false,CommodityVolatility/COMDTY_WTI_USD/1/5Y/0,0.00109155,,0.00000000,EUR,CPTY_A,2018-09-05,2.581084,17139.38,30661.83,87310.31,0.00,16995.52,1226011.95,879820.99,1226011.95
Up,false,CommodityVolatility/COMDTY_WTI_USD/1/5Y/0,0.00109155,,0.00000000,EUR,CPTY_A,2018-10-05,2.663276,18035.49,31178.72,88196.27,0.00,17880.61,1226011.95,853220.51,1226011.95
Up,false,CommodityVolatility/COMDTY_WTI_USD/1/5Y/0,0.00109155,,0.00000000,EUR,CPTY_A,2018-11-05,2.748207,19179.46,31554.72,94002.88,0.00,19010.89,1226011.95,827439.82,1226011.95
Up,false,CommodityVolatility/COMDTY_WTI_USD/1/5Y/0,0.00109155,,0.00000000,EUR,CPTY_A,2018-12-05,2.830399,20550.96,31792.30,92764.78,0.00,20366.34,1226011.95,804003.26,1226011.95
Up,false,CommodityVolatility/COMDTY_WTI_USD/1/5Y/0,0.00109155,,0.00000000,EUR,CPTY_A,2019-01-07,2.920810,21713.69,31717.12,99115.73,0.00,21513.98,1226011.95,779782.03,1226011.95
Up,false,CommodityVolatility/COMDTY_WTI_USD/1/5Y/0,0.00109155,,0.00000000,EUR,CPTY_A,2019-02-05,3.000262,22279.39,32477.08,100848.58,0.00,22070.29,1226011.95,759716.53,1226011.95
Up,false,CommodityVolatility/COMDTY_WTI_USD/1/5Y/0,0.00109155,,0.00000000,EUR,CPTY_A,2019-03-05,3.076974,22964.69,33144.20,105660.03,0.00,22747.37,1226011.95,741343.09,1226011.95
Up,false,CommodityVolatility/COMDTY_WTI_USD/1/5Y/0,0.00109155,,0.00000000,EUR,CPTY_A,2019-04-05,3.161906,23530.07,33813.75,102666.63,0.00,23306.11,1226011.95,722056.00,1226011.95
Up,false,CommodityVolatility/COMDTY_WTI_USD/1/5Y/0,0.00109155,,0.00000000,EUR,CPTY_A,2019-05-07,3.249577,24664.65,34472.23,122883.55,0.00,24428.49,1226011.95,703234.51,1226011.95
Up,false,CommodityVolatility/COMDTY_WTI_USD/1/5Y/0,0.00109155,,0.00000000,EUR,CPTY_A,2019-06-05,3.329029,25497.96,34931.40,118077.75,0.00,25252.51,1226011.95,687053.50,1226011.95
Up,false,CommodityVolatility/COMDTY_WTI_USD/1/5Y/0,0.00109155,,0.00000000,EUR,CPTY_A,2019-07-05,3.411221,26350.63,35059.02,137789.92,0.00,26095.57,1226011.95,671128.03,1226011.95
Up,false,CommodityVolatility/COMDTY_WTI_USD/1/5Y/0,0.00109155,,0.00000000,EUR,CPTY_A,2019-08-05,3.496152,27202.74,36219.28,145164.95,0.00,26937.94,1226011.95,655478.81,1226011.95
Up,false,CommodityVolatility/COMDTY_WTI_USD/1/5Y/0,0.00109155,,0.00000000,EUR,CPTY_A,2019-09-05,3.581084,27974.88,36994.43,136863.97,0.00,27701.03,1226011.95,640589.99,1226011.95
Up,false,CommodityVolatility/COMDTY_WTI_USD/1/5Y/0,0.00109155,,0.00000000,EUR,CPTY_A,2019-10-07,3.668755,29526.42,37943.69,150780.70,0.00,29235.71,1226011.95,625980.63,1226011.95
Up,false,CommodityVolatility/COMDTY_WTI_USD/1/5Y/0,0.00109155,,0.00000000,EUR,CPTY_A,2019-11-05,3.748207,30219.92,38092.13,149377.86,0.00,29920.82,1226011.95,613345.74,1226011.95
Up,false,CommodityVolatility/COMDTY_WTI_USD/1/5Y/0,0.00109155,,0.00000000,EUR,CPTY_A,2019-12-05,3.830399,31307.45,38044.02,145241.30,0.00,30995.93,1226011.95,600849.82,1226011.95
Up,false,CommodityVolatility/COMDTY_WTI_USD/1/5Y/0,0.00109155,,0.00000000,EUR,CPTY_A,2020-01-06,3.918033,32098.11,37725.19,155970.91,0.00,31776.90,1226011.95,588121.49,1226011.95
Up,false,CommodityVolatility/COMDTY_WTI_USD/1/5Y/0,0.00109155,,0.00000000,EUR,CPTY_A,2020-02-05,4.000000,32144.36,38243.57,152112.11,0.00,31820.98,1226011.95,576721.89,1226011.95
Up,false,CommodityVolatility/COMDTY_WTI_USD/1/5Y/0,0.00109155,,0.00000000,EUR,CPTY_A,2020-03-05,4.079235,32376.58,37544.97,157987.92,0.00,32053.01,1226011.95,566142.25,1226011.95
Up,false,CommodityVolatility/COMDTY_WTI_USD/1/5Y/0,0.00109155,,0.00000000,EUR,CPTY_A,2020-04-06,4.166667,33387.39,37408.92,161536.05,0.00,33057.30,1226011.95,554956.20,1226011.95
Up,false,CommodityVolatility/COMDTY_WTI_USD/1/5Y/0,0.00109155,,0.00000000,EUR,CPTY_A,2020-05-05,4.245902,34660.51,37164.63,162748.19,0.00,34321.20,1226011.95,545240.36,1226011.95
Up,false,CommodityVolatility/COMDTY_WTI_USD/1/5Y/0,0.00109155,,0.00000000,EUR,CPTY_A,2020-06-05,4.330601,35931.65,36453.91,159804.86,0.00,35583.62,1226011.95,535272.31,1226011.95
Up,false,CommodityVolatility/COMDTY_WTI_USD/1/5Y/0,0.00109155,,0.00000000,EUR,CPTY_A,2020-07-06,4.415301,37240.46,35863.05,168835.58,0.00,36883.63,1226011.95,525711.64,1226011.95
Up,false,CommodityVolatility/COMDTY_WTI_USD/1/5Y/0,0.00109155,,0.00000000,EUR,CPTY_A,2020-08-05,4.497268,37586.95,36210.58,169731.84,0.00,37230.57,1226011.95,516808.58,1226011.95
Up,false,CommodityVolatility/COMDTY_WTI_USD/1/5Y/0,0.00109155,,0.00000000,EUR,CPTY_A,2020-09-08,4.590164,37418.59,35477.42,157787.78,0.00,37068.06,1226011.95,507099.55,1226011.95
Up,false,CommodityVolatility/COMDTY_WTI_USD/1/5Y/0,0.00109155,,0.00000000,EUR,CPTY_A,2020-10-05,4.663934,37887.84,34994.93,162260.86,0.00,37536.35,1226011.95,499672.36,1226011.95
Up,false,CommodityVolatility/COMDTY_WTI_USD/1/5Y/0,0.00109155,,0.00000000,EUR,CPTY_A,2020-11-05,4.748634,38360.71,33999.32,170939.17,0.00,38008.82,1226011.95,491437.86,1226011.95
Up,false,CommodityVolatility/COMDTY_WTI_USD/1/5Y/0,0.00109155,,0.00000000,EUR,CPTY_A,2020-12-07,4.836066,39715.58,33087.16,175784.92,0.00,39355.52,1226011.95,483264.62,1226011.95
Up,false,CommodityVolatility/COMDTY_WTI_USD/1/5Y/0,0.00109155,,0.00000000,EUR,CPTY_A,2021-01-05,4.915330,40968.26,32246.60,169955.16,0.00,40600.82,1226011.95,476126.19,1226011.95
Up,false,CommodityVolatility/COMDTY_WTI_USD/1/5Y/0,0.00109155,,0.00000000,EUR,CPTY_A,2021-02-05,5.000262,0.00,0.00,0.00,0.00,0.00,1226011.95,468039.00,1226011.95
Up,false,CommodityVolatility/COMDTY_WTI_USD/4/5Y/ATM,0.00109155,,0.00000000,EUR,CPTY_A,2016-02-05,0.000000,1226012.00,0.00,1226011.95,1226011.95,1226011.95,1226011.95,1226011.95,1226011.95
Up,false,CommodityVolatility/COMDTY_WTI_USD/4/5Y/ATM,0.00109155,,0.00000000,EUR,CPTY_A,2016-03-07,0.084699,1112851.13,0.00,1871715.64,0.00,1112685.94,1226011.95,1112685.94,1226011.95
Up,false,CommodityVolatility/COMDTY_WTI_USD/4/5Y/ATM,0.00109155,,0.00000000,EUR,CPTY_A,2016-04-05,0.163934,1130775.25,0.00,2292557.92,0.00,1130393.65,1226011.95,1121244.66,1226011.95
Up,false,CommodityVolatility/COMDTY_WTI_USD/4/5Y/ATM,0.00109155,,0.00000000,EUR,CPTY_A,2016-05-06,0.248634,1153555.25,0.00,2572427.29,0.00,1152889.05,1226011.95,1132024.62,1226011.95
Up,false,CommodityVolatility/COMDTY_WTI_USD/4/5Y/ATM,0.00109155,,0.00000000,EUR,CPTY_A,2016-06-06,0.333333,1172129.00,0.00,2829359.92,0.00,1171168.72,1226011.95,1141971.07,1226011.95
Up,false,CommodityVolatility/COMDTY_WTI_USD/4/5Y/ATM,0.00109155,,0.00000000,EUR,CPTY_A,2016-07-05,0.412568,1188483.63,0.00,3299718.34,0.00,1187166.44,1226011.95,1150650.98,1226011.95
Up,false,CommodityVolatility/COMDTY_WTI_USD/4/5Y/ATM,0.00109155,,0.00000000,EUR,CPTY_A,2016-08-05,0.497268,1205858.25,22.65,3445929.42,0.00,1204293.28,1226011.95,1159787.85,1226011.95
Up,false,CommodityVolatility/COMDTY_WTI_USD/4/5Y/ATM,0.00109155,,0.00000000,EUR,CPTY_A,2016-09-06,0.584699,1210369.00,129.92,3708183.56,0.00,1208381.29,1226011.95,1167054.16,1226011.95
Up,false,CommodityVolatility/COMDTY_WTI_USD/4/5Y/ATM,0.00109155,,0.00000000,EUR,CPTY_A,2016-10-05,0.663934,1209601.38,271.54,4053876.26,0.00,1207307.41,1226011.95,1171858.05,1226011.95
Up,false,CommodityVolatility/COMDTY_WTI_USD/4/5Y/ATM,0.00109155,,0.00000000,EUR,CPTY_A,2016-11-07,0.754098,1209968.38,637.58,4345633.84,0.00,1207155.95,1226011.95,1176078.45,1226011.95
Up,false,CommodityVolatility/COMDTY_WTI_USD/4/5Y/ATM,0.00109155,,0.00000000,EUR,CPTY_A,2016-12-05,0.830601,1202739.50,829.37,4433541.99,0.00,1199602.13,1226011.95,1178245.10,1226011.95
Up,false,CommodityVolatility/COMDTY_WTI_USD/4/5Y/ATM,0.00109155,,0.00000000,EUR,CPTY_A,2017-01-05,0.915330,1202143.38,1280.66,4704623.94,0.00,1198652.37,1226011.95,1180134.14,1226011.95
Up,false,CommodityVolatility/COMDTY_WTI_USD/4/5Y/ATM,0.00109155,,0.00000000,EUR,CPTY_A,2017-02-06,1.003002,1195820.13,2131.05,5026865.10,0.00,1192018.97,1226011.95,1181172.98,1226011.95
Up,false,CommodityVolatility/COMDTY_WTI_USD/4/5Y/ATM,0.00109155,,0.00000000,EUR,CPTY_A,2017-03-06,1.079714,1195791.25,2644.54,5145710.69,0.00,1191622.84,1226011.95,1181915.43,1226011.95
Up,false,CommodityVolatility/COMDTY_WTI_USD/4/5Y/ATM,0.00109155,,0.00000000,EUR,CPTY_A,2017-04-05,1.161906,1194187.00,3414.01,5092813.88,0.00,1189620.18,1226011.95,1182460.46,1226011.95
Up,false,CommodityVolatility/COMDTY_WTI_USD/4/5Y/ATM,0.00109155,,0.00000000,EUR,CPTY_A,2017-05-05,1.244098,1203881.88,4080.43,5288291.60,0.00,1198870.95,1226011.95,1183544.62,1226011.95
Up,false,CommodityVolatility/COMDTY_WTI_USD/4/5Y/ATM,0.00109155,,0.00000000,EUR,CPTY_A,2017-06-06,1.331769,1202445.13,5014.89,5530635.01,0.00,1197071.15,1226011.95,1184435.08,1226011.95
Up,false,CommodityVolatility/COMDTY_WTI_USD/4/5Y/ATM,0.00109155,,0.00000000,EUR,CPTY_A,2017-07-05,1.411221,1198350.63,5938.09,5578229.66,0.00,1192669.99,1226011.95,1184898.71,1226011.95
Up,false,CommodityVolatility/COMDTY_WTI_USD/4/5Y/ATM,0.00109155,,0.00000000,EUR,CPTY_A,2017-08-07,1.501632,1191861.13,7017.02,5646488.69,0.00,1185843.60,1226011.95,1184955.60,1226011.95
Up,false,CommodityVolatility/COMDTY_WTI_USD/4/5Y/ATM,0.00109155,,0.00000000,EUR,CPTY_A,2017-09-05,1.581084,1179606.50,7867.05,5748505.73,0.00,1173317.39,1226011.95,1184370.76,1226011.95
Up,false,CommodityVolatility/COMDTY_WTI_USD/4/5Y/ATM,0.00109155,,0.00000000,EUR,CPTY_A,2017-10-05,1.663276,1176656.63,9262.40,5861838.09,0.00,1170038.28,1226011.95,1183662.51,1226011.95
Up,false,CommodityVolatility/COMDTY_WTI_USD/4/5Y/ATM,0.00109155,,0.00000000,EUR,CPTY_A,2017-11-06,1.750947,1166231.00,10244.50,6344534.32,0.00,1159306.64,1226011.95,1182443.00,1226011.95
Up,false,CommodityVolatility/COMDTY_WTI_USD/4/5Y/ATM,0.00109155,,0.00000000,EUR,CPTY_A,2017-12-05,1.830399,1169861.75,11399.22,6417954.60,0.00,1162525.47,1226011.95,1181578.44,1226011.95
Up,false,CommodityVolatility/COMDTY_WTI_USD/4/5Y/ATM,0.00109155,,0.00000000,EUR,CPTY_A,2018-01-05,1.915330,1166739.25,13198.37,6371004.51,0.00,1158999.25,1226011.95,1180577.21,1226011.95
Up,false,CommodityVolatility/COMDTY_WTI_USD/4/5Y/ATM,0.00109155,,0.00000000,EUR,CPTY_A,2018-02-05,2.000262,12085.37,25863.99,64989.08,0.00,12000.82,1226011.95,1130959.23,1226011.95
Up,false,CommodityVolatility/COMDTY_WTI_USD/4/5Y/ATM,0.00109155,,0.00000000,EUR,CPTY_A,2018-03-05,2.076974,12695.49,26839.64,67314.57,0.00,12604.10,1226011.95,1089653.17,1226011.95
Up,false,CommodityVolatility/COMDTY_WTI_USD/4/5Y/ATM,0.00109155,,0.00000000,EUR,CPTY_A,2018-04-05,2.161906,13401.19,27397.40,71277.48,0.00,13302.02,1226011.95,1047368.20,1226011.95
Up,false,CommodityVolatility/COMDTY_WTI_USD/4/5Y/ATM,0.00109155,,0.00000000,EUR,CPTY_A,2018-05-08,2.252317,14142.57,27989.66,73756.82,0.00,14034.87,1226011.95,1005888.84,1226011.95
Up,false,CommodityVolatility/COMDTY_WTI_USD/4/5Y/ATM,0.00109155,,0.00000000,EUR,CPTY_A,2018-06-05,2.329029,15210.52,28647.79,77580.55,0.00,15091.93,1226011.95,973254.50,1226011.95
Up,false,CommodityVolatility/COMDTY_WTI_USD/4/5Y/ATM,0.00109155,,0.00000000,EUR,CPTY_A,2018-07-05,2.411221,16157.30,29212.42,77406.95,0.00,16028.19,1226011.95,940625.33,1226011.95
Up,false,CommodityVolatility/COMDTY_WTI_USD/4/5Y/ATM,0.00109155,,0.00000000,EUR,CPTY_A,2018-08-06,2.498892,16823.74,30253.20,82889.91,0.00,16685.81,1226011.95,908209.79,1226011.95
Up,false,CommodityVolatility/COMDTY_WTI_USD/4/5Y/ATM,0.00109155,,0.00000000,EUR,CPTY_A,2018-09-05,2.581084,17171.19,30693.97,87463.90,0.00,17027.07,1226011.95,879831.06,1226011.95
Up,false,CommodityVolatility/COMDTY_WTI_USD/4/5Y/ATM,0.00109155,,0.00000000,EUR,CPTY_A,2018-10-05,2.663276,18068.60,31212.23,88345.28,0.00,17913.42,1226011.95,853231.28,1226011.95
Up,false,CommodityVolatility/COMDTY_WTI_USD/4/5Y/ATM,0.00109155,,0.00000000,EUR,CPTY_A,2018-11-05,2.748207,19213.88,31589.59,94161.43,0.00,19045.01,1226011.95,827451.31,1226011.95
Up,false,CommodityVolatility/COMDTY_WTI_USD/4/5Y/ATM,0.00109155,,0.00000000,EUR,CPTY_A,2018-12-05,2.830399,20586.68,31828.61,92918.08,0.00,20401.74,1226011.95,804015.45,1226011.95
Up,false,CommodityVolatility/COMDTY_WTI_USD/4/5Y/ATM,0.00109155,,0.00000000,EUR,CPTY_A,2019-01-07,2.920810,21750.54,31754.39,99276.79,0.00,21550.49,1226011.95,779794.97,1226011.95
Up,false,CommodityVolatility/COMDTY_WTI_USD/4/5Y/ATM,0.00109155,,0.00000000,EUR,CPTY_A,2019-02-05,3.000262,22317.17,32515.28,101012.77,0.00,22107.72,1226011.95,759730.12,1226011.95
Up,false,CommodityVolatility/COMDTY_WTI_USD/4/5Y/ATM,0.00109155,,0.00000000,EUR,CPTY_A,2019-03-05,3.076974,23003.35,33183.29,105831.23,0.00,22785.66,1226011.95,741357.29,1226011.95
Up,false,CommodityVolatility/COMDTY_WTI_USD/4/5Y/ATM,0.00109155,,0.00000000,EUR,CPTY_A,2019-04-05,3.161906,23569.58,33854.13,102832.93,0.00,23345.24,1226011.95,722070.87,1226011.95
Up,false,CommodityVolatility/COMDTY_WTI_USD/4/5Y/ATM,0.00109155,,0.00000000,EUR,CPTY_A,2019-05-07,3.249577,24705.51,34513.77,123081.89,0.00,24468.96,1226011.95,703250.08,1226011.95
Up,false,CommodityVolatility/COMDTY_WTI_USD/4/5Y/ATM,0.00109155,,0.00000000,EUR,CPTY_A,2019-06-05,3.329029,25539.65,34974.00,118265.99,0.00,25293.80,1226011.95,687069.68,1226011.95
Up,false,CommodityVolatility/COMDTY_WTI_USD/4/5Y/ATM,0.00109155,,0.00000000,EUR,CPTY_A,2019-07-05,3.411221,26393.18,35102.32,138010.80,0.00,26137.71,1226011.95,671144.83,1226011.95
Up,false,CommodityVolatility/COMDTY_WTI_USD/4/5Y/ATM,0.00109155,,0.00000000,EUR,CPTY_A,2019-08-05,3.496152,27246.87,36263.78,145394.61,0.00,26981.65,1226011.95,655496.27,1226011.95
Up,false,CommodityVolatility/COMDTY_WTI_USD/4/5Y/ATM,0.00109155,,0.00000000,EUR,CPTY_A,2019-09-05,3.581084,28020.14,37039.92,137080.25,0.00,27745.85,1226011.95,640608.10,1226011.95
Up,false,CommodityVolatility/COMDTY_WTI_USD/4/5Y/ATM,0.00109155,,0.00000000,EUR,CPTY_A,2019-10-07,3.668755,29573.88,37990.84,151019.31,0.00,29282.70,1226011.95,625999.42,1226011.95
Up,false,CommodityVolatility/COMDTY_WTI_USD/4/5Y/ATM,0.00109155,,0.00000000,EUR,CPTY_A,2019-11-05,3.748207,30267.82,38140.13,149614.25,0.00,29968.25,1226011.95,613365.14,1226011.95
Up,false,CommodityVolatility/COMDTY_WTI_USD/4/5Y/ATM,0.00109155,,0.00000000,EUR,CPTY_A,2019-12-05,3.830399,31356.14,38092.90,145465.69,0.00,31044.13,1226011.95,600869.84,1226011.95
Up,false,CommodityVolatility/COMDTY_WTI_USD/4/5Y/ATM,0.00109155,,0.00000000,EUR,CPTY_A,2020-01-06,3.918033,32147.21,37774.57,156210.58,0.00,31825.51,1226011.95,588142.15,1226011.95
Up,false,CommodityVolatility/COMDTY_WTI_USD/4/5Y/ATM,0.00109155,,0.00000000,EUR,CPTY_A,2020-02-05,4.000000,32193.69,38293.36,152348.19,0.00,31869.81,1226011.95,576743.12,1226011.95
Up,false,CommodityVolatility/COMDTY_WTI_USD/4/5Y/ATM,0.00109155,,0.00000000,EUR,CPTY_A,2020-03-05,4.079235,32425.65,37594.43,158226.61,0.00,32101.60,1226011.95,566164.02,1226011.95
Up,false,CommodityVolatility/COMDTY_WTI_USD/4/5Y/ATM,0.00109155,,0.00000000,EUR,CPTY_A,2020-04-06,4.166667,33437.11,37459.21,161776.41,0.00,33106.53,1226011.95,554978.55,1226011.95
Up,false,CommodityVolatility/COMDTY_WTI_USD/4/5Y/ATM,0.00109155,,0.00000000,EUR,CPTY_A,2020-05-05,4.245902,34711.03,37215.64,162996.14,0.00,34371.23,1226011.95,545263.23,1226011.95
Up,false,CommodityVolatility/COMDTY_WTI_USD/4/5Y/ATM,0.00109155,,0.00000000,EUR,CPTY_A,2020-06-05,4.330601,35982.93,36505.38,160041.22,0.00,35634.41,1226011.95,535295.72,1226011.95
Up,false,CommodityVolatility/COMDTY_WTI_USD/4/5Y/ATM,0.00109155,,0.00000000,EUR,CPTY_A,2020-07-06,4.415301,37292.10,35914.75,169090.86,0.00,36934.77,1226011.95,525735.58,1226011.95
Up,false,CommodityVolatility/COMDTY_WTI_USD/4/5Y/ATM,0.00109155,,0.00000000,EUR,CPTY_A,2020-08-05,4.497268,37639.00,36262.80,169965.72,0.00,37282.13,1226011.95,516833.03,1226011.95
Up,false,CommodityVolatility/COMDTY_WTI_USD/4/5Y/ATM,0.00109155,,0.00000000,EUR,CPTY_A,2020-09-08,4.590164,37469.91,35529.16,158013.14,0.00,37118.91,1226011.95,507124.53,1226011.95
Up,false,CommodityVolatility/COMDTY_WTI_USD/4/5Y/ATM,0.00109155,,0.00000000,EUR,CPTY_A,2020-10-05,4.663934,37939.23,35046.75,162505.63,0.00,37587.26,1226011.95,499697.75,1226011.95
Up,false,CommodityVolatility/COMDTY_WTI_USD/4/5Y/ATM,0.00109155,,0.00000000,EUR,CPTY_A,2020-11-05,4.748634,38411.55,34050.89,171177.80,0.00,38059.19,1226011.95,491463.69,1226011.95
Up,false,CommodityVolatility/COMDTY_WTI_USD/4/5Y/ATM,0.00109155,,0.00000000,EUR,CPTY_A,2020-12-07,4.836066,39766.82,33139.00,176053.53,0.00,39406.29,1226011.95,483290.90,1226011.95
Up,false,CommodityVolatility/COMDTY_WTI_USD/4/5Y/ATM,0.00109155,,0.00000000,EUR,CPTY_A,2021-01-05,4.915330,41019.42,32298.23,170200.03,0.00,40651.52,1226011.95,476152.87,1226011.95
Up,false,CommodityVolatility/COMDTY_WTI_USD/4/5Y/ATM,0.00109155,,0.00000000,EUR,CPTY_A,2021-02-05,5.000262,0.00,0.00,0.00,0.00,0.00,1226011.95,468065.22,1226011.95
Up,false,CommodityVolatility/COMDTY_WTI_USD/2/10Y/0,0.00102159,,0.00000000,EUR,CPTY_A,2016-02-05,0.000000,1226012.00,0.00,1226011.95,1226011.95,1226011.95,1226011.95,1226011.95,1226011.95
Up,false,CommodityVolatility/COMDTY_WTI_USD/2/10Y/0,0.00102159,,0.00000000,EUR,CPTY_A,2016-03-07,0.084699,1112851.13,0.00,1871716.49,0.00,1112685.94,1226011.95,1112685.94,1226011.95
Up,false,CommodityVolatility/COMDTY_WTI_USD/2/10Y/0,0.00102159,,0.00000000,EUR,CPTY_A,2016-04-05,0.163934,1130775.25,0.00,2292545.37,0.00,1130393.62,1226011.95,1121244.65,1226011.95
Up,false,CommodityVolatility/COMDTY_WTI_USD/2/10Y/0,0.00102159,,0.00000000,EUR,CPTY_A,2016-05-06,0.248634,1153555.25,0.00,2572454.44,0.00,1152889.04,1226011.95,1132024.61,1226011.95
Up,false,CommodityVolatility/COMDTY_WTI_USD/2/10Y/0,0.00102159,,0.00000000,EUR,CPTY_A,2016-06-06,0.333333,1172129.00,0.00,2829361.15,0.00,1171168.73,1226011.95,1141971.07,1226011.95
Up,false,CommodityVolatility/COMDTY_WTI_USD/2/10Y/0,0.00102159,,0.00000000,EUR,CPTY_A,2016-07-05,0.412568,1188483.63,0.00,3299741.43,0.00,1187166.42,1226011.95,1150650.97,1226011.95
Up,false,CommodityVolatility/COMDTY_WTI_USD/2/10Y/0,0.00102159,,0.00000000,EUR,CPTY_A,2016-08-05,0.497268,1205858.13,22.55,3445926.74,0.00,1204293.15,1226011.95,1159787.82,1226011.95
Up,false,CommodityVolatility/COMDTY_WTI_USD/2/10Y/0,0.00102159,,0.00000000,EUR,CPTY_A,2016-09-06,0.584699,1210368.75,129.73,3708163.53,0.00,1208381.06,1226011.95,1167054.10,1226011.95
Up,false,CommodityVolatility/COMDTY_WTI_USD/2/10Y/0,0.00102159,,0.00000000,EUR,CPTY_A,2016-10-05,0.663934,1209601.00,271.15,4053905.44,0.00,1207306.99,1226011.95,1171857.95,1226011.95
Up,false,CommodityVolatility/COMDTY_WTI_USD/2/10Y/0,0.00102159,,0.00000000,EUR,CPTY_A,2016-11-07,0.754098,1209967.63,636.88,4345617.36,0.00,1207155.23,1226011.95,1176078.27,1226011.95
Up,false,CommodityVolatility/COMDTY_WTI_USD/2/10Y/0,0.00102159,,0.00000000,EUR,CPTY_A,2016-12-05,0.830601,1202738.50,828.41,4433517.08,0.00,1199601.17,1226011.95,1178244.86,1226011.95
Up,false,CommodityVolatility/COMDTY_WTI_USD/2/10Y/0,0.00102159,,0.00000000,EUR,CPTY_A,2017-01-05,0.915330,1202141.88,1279.19,4704608.99,0.00,1198650.89,1226011.95,1180133.78,1226011.95
Up,false,CommodityVolatility/COMDTY_WTI_USD/2/10Y/0,0.00102159,,0.00000000,EUR,CPTY_A,2017-02-06,1.003002,1195818.00,2128.81,5026819.54,0.00,1192016.80,1226011.95,1181172.46,1226011.95
Up,false,CommodityVolatility/COMDTY_WTI_USD/2/10Y/0,0.00102159,,0.00000000,EUR,CPTY_A,2017-03-06,1.079714,1195788.25,2641.53,5145721.43,0.00,1191619.87,1226011.95,1181914.74,1226011.95
Up,false,CommodityVolatility/COMDTY_WTI_USD/2/10Y/0,0.00102159,,0.00000000,EUR,CPTY_A,2017-04-05,1.161906,1194183.38,3410.39,5092860.38,0.00,1189616.61,1226011.95,1182459.56,1226011.95
Up,false,CommodityVolatility/COMDTY_WTI_USD/2/10Y/0,0.00102159,,0.00000000,EUR,CPTY_A,2017-05-05,1.244098,1203877.88,4076.34,5288264.29,0.00,1198866.96,1226011.95,1183543.52,1226011.95
Up,false,CommodityVolatility/COMDTY_WTI_USD/2/10Y/0,0.00102159,,0.00000000,EUR,CPTY_A,2017-06-06,1.331769,1202440.00,5009.68,5530528.12,0.00,1197066.00,1226011.95,1184433.71,1226011.95
Up,false,CommodityVolatility/COMDTY_WTI_USD/2/10Y/0,0.00102159,,0.00000000,EUR,CPTY_A,2017-07-05,1.411221,1198344.38,5931.79,5578279.76,0.00,1192663.81,1226011.95,1184897.07,1226011.95
Up,false,CommodityVolatility/COMDTY_WTI_USD/2/10Y/0,0.00102159,,0.00000000,EUR,CPTY_A,2017-08-07,1.501632,1191854.13,7009.82,5646475.77,0.00,1185836.59,1226011.95,1184953.64,1226011.95
Up,false,CommodityVolatility/COMDTY_WTI_USD/2/10Y/0,0.00102159,,0.00000000,EUR,CPTY_A,2017-09-05,1.581084,1179598.50,7859.01,5748554.29,0.00,1173309.51,1226011.95,1184368.50,1226011.95
Up,false,CommodityVolatility/COMDTY_WTI_USD/2/10Y/0,0.00102159,,0.00000000,EUR,CPTY_A,2017-10-05,1.663276,1176647.63,9253.22,5861878.22,0.00,1170029.31,1226011.95,1183659.92,1226011.95
Up,false,CommodityVolatility/COMDTY_WTI_USD/2/10Y/0,0.00102159,,0.00000000,EUR,CPTY_A,2017-11-06,1.750947,1166220.75,10234.17,6344539.00,0.00,1159296.47,1226011.95,1182440.03,1226011.95
Up,false,CommodityVolatility/COMDTY_WTI_USD/2/10Y/0,0.00102159,,0.00000000,EUR,CPTY_A,2017-12-05,1.830399,1169850.38,11387.75,6418042.77,0.00,1162514.21,1226011.95,1181575.11,1226011.95
Up,false,CommodityVolatility/COMDTY_WTI_USD/2/10Y/0,0.00102159,,0.00000000,EUR,CPTY_A,2018-01-05,1.915330,1166725.50,13184.54,6371000.12,0.00,1158985.59,1226011.95,1180573.42,1226011.95
Up,false,CommodityVolatility/COMDTY_WTI_USD/2/10Y/0,0.00102159,,0.00000000,EUR,CPTY_A,2018-02-05,2.000262,12060.75,25839.26,64873.74,0.00,11976.36,1226011.95,1130954.56,1226011.95
Up,false,CommodityVolatility/COMDTY_WTI_USD/2/10Y/0,0.00102159,,0.00000000,EUR,CPTY_A,2018-03-05,2.076974,12669.95,26813.63,67194.12,0.00,12578.73,1226011.95,1089647.74,1226011.95
Up,false,CommodityVolatility/COMDTY_WTI_USD/2/10Y/0,0.00102159,,0.00000000,EUR,CPTY_A,2018-04-05,2.161906,13374.52,27370.48,71151.20,0.00,13275.55,1226011.95,1047361.94,1226011.95
Up,false,CommodityVolatility/COMDTY_WTI_USD/2/10Y/0,0.00102159,,0.00000000,EUR,CPTY_A,2018-05-08,2.252317,14114.97,27961.71,73627.02,0.00,14007.49,1226011.95,1005881.74,1226011.95
Up,false,CommodityVolatility/COMDTY_WTI_USD/2/10Y/0,0.00102159,,0.00000000,EUR,CPTY_A,2018-06-05,2.329029,15181.63,28618.62,77445.62,0.00,15063.27,1226011.95,973246.68,1226011.95
Up,false,CommodityVolatility/COMDTY_WTI_USD/2/10Y/0,0.00102159,,0.00000000,EUR,CPTY_A,2018-07-05,2.411221,16127.09,29181.84,77275.24,0.00,15998.21,1226011.95,940616.76,1226011.95
Up,false,CommodityVolatility/COMDTY_WTI_USD/2/10Y/0,0.00102159,,0.00000000,EUR,CPTY_A,2018-08-06,2.498892,16792.30,30221.56,82748.83,0.00,16654.62,1226011.95,908200.43,1226011.95
Up,false,CommodityVolatility/COMDTY_WTI_USD/2/10Y/0,0.00102159,,0.00000000,EUR,CPTY_A,2018-09-05,2.581084,17139.38,30661.83,87310.31,0.00,16995.52,1226011.95,879820.99,1226011.95
Up,false,CommodityVolatility/COMDTY_WTI_USD/2/10Y/0,0.00102159,,0.00000000,EUR,CPTY_A,2018-10-05,2.663276,18035.49,31178.72,88196.27,0.00,17880.61,1226011.95,853220.51,1226011.95
Up,false,CommodityVolatility/COMDTY_WTI_USD/2/10Y/0,0.00102159,,0.00000000,EUR,CPTY_A,2018-11-05,2.748207,19179.46,31554.72,94002.88,0.00,19010.89,1226011.95,827439.82,1226011.95
Up,false,CommodityVolatility/COMDTY_WTI_USD/2/10Y/0,0.00102159,,0.00000000,EUR,CPTY_A,2018-12-05,2.830399,20550.96,31792.30,92764.78,0.00,20366.34,1226011.95,804003.26,1226011.95
Up,false,CommodityVolatility/COMDTY_WTI_USD/2/10Y/0,0.00102159,,0.00000000,EUR,CPTY_A,2019-01-07,2.920810,21713.69,31717.12,99115.73,0.00,21513.98,1226011.95,779782.03,1226011.95
Up,false,CommodityVolatility/COMDTY_WTI_USD/2/10Y/0,0.00102159,,0.00000000,EUR,CPTY_A,2019-02-05,3.000262,22279.39,32477.08,100848.58,0.00,22070.29,1226011.95,759716.53,1226011.95
Up,false,CommodityVolatility/COMDTY_WTI_USD/2/10Y/0,0.00102159,,0.00000000,EUR,CPTY_A,2019-03-05,3.076974,22964.69,33144.20,105660.03,0.00,22747.37,1226011.95,741343.09,1226011.95
Up,false,CommodityVolatility/COMDTY_WTI_USD/2/10Y/0,0.00102159,,0.00000000,EUR,CPTY_A,2019-04-05,3.161906,23530.07,33813.75,102666.63,0.00,23306.11,1226011.95,722056.00,1226011.95
Up,false,CommodityVolatility/COMDTY_WTI_USD/2/10Y/0,0.00102159,,0.00000000,EUR,CPTY_A,2019-05-07,3.249577,24664.65,34472.23,122883.55,0.00,24428.49,1226011.95,703234.51,1226011.95
Up,false,CommodityVolatility/COMDTY_WTI_USD/2/10Y/0,0.00102159,,0.00000000,EUR,CPTY_A,2019-06-05,3.329029,25497.96,34931.40,118077.75,0.00,25252.51,1226011.95,687053.50,1226011.95
Up,false,CommodityVolatility/COMDTY_WTI_USD/2/10Y/0,0.00102159,,0.00000000,EUR,CPTY_A,2019-07-05,3.411221,26350.63,35059.02,137789.92,0.00,26095.57,1226011.95,671128.03,1226011.95
Up,false,CommodityVolatility/COMDTY_WTI_USD/2/10Y/0,0.00102159,,0.00000000,EUR,CPTY_A,2019-08-05,3.496152,27202.74,36219.28,145164.95,0.00,26937.94,1226011.95,655478.81,1226011.95
Up,false,CommodityVolatility/COMDTY_WTI_USD/2/10Y/0,0.00102159,,0.00000000,EUR,CPTY_A,2019-09-05,3.581084,27974.88,36994.43,136863.97,0.00,27701.03,1226011.95,640589.99,1226011.95
Up,false,CommodityVolatility/COMDTY_WTI_USD/2/10Y/0,0.00102159,,0.00000000,EUR,CPTY_A,2019-10-07,3.668755,29526.42,37943.69,150780.70,0.00,29235.71,1226011.95,625980.63,1226011.95
Up,false,CommodityVolatility/COMDTY_WTI_USD/2/10Y/0,0.00102159,,0.00000000,EUR,CPTY_A,2019-11-05,3.748207,30219.92,38092.13,149377.86,0.00,29920.82,1226011.95,613345.74,1226011.95
Up,false,CommodityVolatility/COMDTY_WTI_USD/2/10Y/0,0.00102159,,0.00000000,EUR,CPTY_A,2019-12-05,3.830399,31307.45,38044.02,145241.30,0.00,30995.93,1226011.95,600849.82,1226011.95
Up,false,CommodityVolatility/COMDTY_WTI_USD/2/10Y/0,0.00102159,,0.00000000,EUR,CPTY_A,2020-01-06,3.918033,32098.11,37725.19,155970.91,0.00,31776.90,1226011.95,588121.49,1226011.95
Up,false,CommodityVolatility/COMDTY_WTI_USD/2/10Y/0,0.00102159,,0.00000000,EUR,CPTY_A,2020-02-05,4.000000,32144.36,38243.57,152112.11,0.00,31820.98,1226011.95,576721.89,1226011.95
Up,false,CommodityVolatility/COMDTY_WTI_USD/2/10Y/0,0.00102159,,0.00000000,EUR,CPTY_A,2020-03-05,4.079235,32376.58,37544.97,157987.92,0.00,32053.01,1226011.95,566142.25,1226011.95
Up,false,CommodityVolatility/COMDTY_WTI_USD/2/10Y/0,0.00102159,,0.00000000,EUR,CPTY_A,2020-04-06,4.166667,33387.39,37408.92,161536.05,0.00,33057.30,1226011.95,554956.20,1226011.95
Up,false,CommodityVolatility/COMDTY_WTI_USD/2/10Y/0,0.00102159,,0.00000000,EUR,CPTY_A,2020-05-05,4.245902,34660.51,37164.63,162748.19,0.00,34321.20,1226011.95,545240.36,1226011.95
Up,false,CommodityVolatility/COMDTY_WTI_USD/2/10Y/0,0.00102159,,0.00000000,EUR,CPTY_A,2020-06-05,4.330601,35931.65,36453.91,159804.86,0.00,35583.62,1226011.95,535272.31,1226011.95
Up,false,CommodityVolatility/COMDTY_WTI_USD/2/10Y/0,0.00102159,,0.00000000,EUR,CPTY_A,2020-07-06,4.415301,37240.46,35863.05,168835.58,0.00,36883.63,1226011.95,525711.64,1226011.95
Up,false,CommodityVolatility/COMDTY_WTI_USD/2/10Y/0,0.00102159,,0.00000000,EUR,CPTY_A,2020-08-05,4.497268,37586.95,36210.58,169731.84,0.00,37230.57,1226011.95,516808.58,1226011.95
Up,false,CommodityVolatility/COMDTY_WTI_USD/2/10Y/0,0.00102159,,0.00000000,EUR,CPTY_A,2020-09-08,4.590164,37418.59,35477.42,157787.78,0.00,37068.06,1226011.95,507099.55,1226011.95
Up,false,CommodityVolatility/COMDTY_WTI_USD/2/10Y/0,0.00102159,,0.00000000,EUR,CPTY_A,2020-10-05,4.663934,37887.84,34994.93,162260.86,0.00,37536.35,1226011.95,499672.36,1226011.95
Up,false,CommodityVolatility/COMDTY_WTI_USD/2/10Y/0,0.00102159,,0.00000000,EUR,CPTY_A,2020-11-05,4.748634,38360.71,33999.32,170939.17,0.00,38008.82,1226011.95,491437.86,1226011.95
Up,false,CommodityVolatility/COMDTY_WTI_USD/2/10Y/0,0.00102159,,0.00000000,EUR,CPTY_A,2020-12-07,4.836066,39715.58,33087.16,175784.92,0.00,39355.52,1226011.95,483264.62,1226011.95
Up,false,CommodityVolatility/COMDTY_WTI_USD/2/10Y/0,0.00102159,,0.00000000,EUR,CPTY_A,2021-01-05,4.915330,40968.26,32246.60,169955.16,0.00,40600.82,1226011.95,476126.19,1226011.95
Up,false,CommodityVolatility/COMDTY_WTI_USD/2/10Y/0,0.00102159,,0.00000000,EUR,CPTY_A,2021-02-05,5.000262,0.00,0.00,0.00,0.00,0.00,1226011.95,468039.00,1226011.95
Up,false,CommodityVolatility/COMDTY_WTI_USD/5/10Y/ATM,0.00102159,,0.00000000,EUR,CPTY_A,2016-02-05,0.000000,1226012.00,0.00,1226011.95,1226011.95,1226011.95,1226011.95,1226011.95,1226011.95
Up,false,CommodityVolatility/COMDTY_WTI_USD/5/10Y/ATM,0.00102159,,0.00000000,EUR,CPTY_A,2016-03-07,0.084699,1112851.13,0.00,1871716.31,0.00,1112685.94,1226011.95,1112685.94,1226011.95
Up,false,CommodityVolatility/COMDTY_WTI_USD/5/10Y/ATM,0.00102159,,0.00000000,EUR,CPTY_A,2016-04-05,0.163934,1130775.25,0.00,2292548.04,0.00,1130393.63,1226011.95,1121244.65,1226011.95
Up,false,CommodityVolatility/COMDTY_WTI_USD/5/10Y/ATM,0.00102159,,0.00000000,EUR,CPTY_A,2016-05-06,0.248634,1153555.25,0.00,2572448.67,0.00,1152889.05,1226011.95,1132024.61,1226011.95
Up,false,CommodityVolatility/COMDTY_WTI_USD/5/10Y/ATM,0.00102159,,0.00000000,EUR,CPTY_A,2016-06-06,0.333333,1172129.00,0.00,2829360.89,0.00,1171168.73,1226011.95,1141971.07,1226011.95
Up,false,CommodityVolatility/COMDTY_WTI_USD/5/10Y/ATM,0.00102159,,0.00000000,EUR,CPTY_A,2016-07-05,0.412568,1188483.63,0.00,3299736.52,0.00,1187166.42,1226011.95,1150650.97,1226011.95
Up,false,CommodityVolatility/COMDTY_WTI_USD/5/10Y/ATM,0.00102159,,0.00000000,EUR,CPTY_A,2016-08-05,0.497268,1205858.13,22.57,3445927.31,0.00,1204293.18,1226011.95,1159787.83,1226011.95
Up,false,CommodityVolatility/COMDTY_WTI_USD/5/10Y/ATM,0.00102159,,0.00000000,EUR,CPTY_A,2016-09-06,0.584699,1210368.88,129.77,3708167.79,0.00,1208381.11,1226011.95,1167054.12,1226011.95
Up,false,CommodityVolatility/COMDTY_WTI_USD/5/10Y/ATM,0.00102159,,0.00000000,EUR,CPTY_A,2016-10-05,0.663934,1209601.13,271.23,4053899.24,0.00,1207307.08,1226011.95,1171857.97,1226011.95
Up,false,CommodityVolatility/COMDTY_WTI_USD/5/10Y/ATM,0.00102159,,0.00000000,EUR,CPTY_A,2016-11-07,0.754098,1209967.75,637.03,4345620.86,0.00,1207155.38,1226011.95,1176078.31,1226011.95
Up,false,CommodityVolatility/COMDTY_WTI_USD/5/10Y/ATM,0.00102159,,0.00000000,EUR,CPTY_A,2016-12-05,0.830601,1202738.75,828.61,4433522.38,0.00,1199601.37,1226011.95,1178244.91,1226011.95
Up,false,CommodityVolatility/COMDTY_WTI_USD/5/10Y/ATM,0.00102159,,0.00000000,EUR,CPTY_A,2017-01-05,0.915330,1202142.13,1279.50,4704612.17,0.00,1198651.21,1226011.95,1180133.86,1226011.95
Up,false,CommodityVolatility/COMDTY_WTI_USD/5/10Y/ATM,0.00102159,,0.00000000,EUR,CPTY_A,2017-02-06,1.003002,1195818.38,2129.29,5026829.22,0.00,1192017.26,1226011.95,1181172.57,1226011.95
Up,false,CommodityVolatility/COMDTY_WTI_USD/5/10Y/ATM,0.00102159,,0.00000000,EUR,CPTY_A,2017-03-06,1.079714,1195788.88,2642.17,5145719.15,0.00,1191620.50,1226011.95,1181914.89,1226011.95
Up,false,CommodityVolatility/COMDTY_WTI_USD/5/10Y/ATM,0.00102159,,0.00000000,EUR,CPTY_A,2017-04-05,1.161906,1194184.13,3411.16,5092850.49,0.00,1189617.37,1226011.95,1182459.75,1226011.95
Up,false,CommodityVolatility/COMDTY_WTI_USD/5/10Y/ATM,0.00102159,,0.00000000,EUR,CPTY_A,2017-05-05,1.244098,1203878.75,4077.21,5288270.10,0.00,1198867.81,1226011.95,1183543.75,1226011.95
Up,false,CommodityVolatility/COMDTY_WTI_USD/5/10Y/ATM,0.00102159,,0.00000000,EUR,CPTY_A,2017-06-06,1.331769,1202441.13,5010.79,5530550.84,0.00,1197067.09,1226011.95,1184434.00,1226011.95
Up,false,CommodityVolatility/COMDTY_WTI_USD/5/10Y/ATM,0.00102159,,0.00000000,EUR,CPTY_A,2017-07-05,1.411221,1198345.75,5933.13,5578269.11,0.00,1192665.12,1226011.95,1184897.42,1226011.95
Up,false,CommodityVolatility/COMDTY_WTI_USD/5/10Y/ATM,0.00102159,,0.00000000,EUR,CPTY_A,2017-08-07,1.501632,1191855.63,7011.35,5646478.52,0.00,1185838.08,1226011.95,1184954.05,1226011.95
Up,false,CommodityVolatility/COMDTY_WTI_USD/5/10Y/ATM,0.00102159,,0.00000000,EUR,CPTY_A,2017-09-05,1.581084,1179600.25,7860.71,5748543.97,0.00,1173311.18,1226011.95,1184368.98,1226011.95
Up,false,CommodityVolatility/COMDTY_WTI_USD/5/10Y/ATM,0.00102159,,0.00000000,EUR,CPTY_A,2017-10-05,1.663276,1176649.50,9255.17,5861869.69,0.00,1170031.22,1226011.95,1183660.47,1226011.95
Up,false,CommodityVolatility/COMDTY_WTI_USD/5/10Y/ATM,0.00102159,,0.00000000,EUR,CPTY_A,2017-11-06,1.750947,1166223.00,10236.37,6344538.01,0.00,1159298.64,1226011.95,1182440.66,1226011.95
Up,false,CommodityVolatility/COMDTY_WTI_USD/5/10Y/ATM,0.00102159,,0.00000000,EUR,CPTY_A,2017-12-05,1.830399,1169852.88,11390.19,6418024.02,0.00,1162516.60,1226011.95,1181575.81,1226011.95
Up,false,CommodityVolatility/COMDTY_WTI_USD/5/10Y/ATM,0.00102159,,0.00000000,EUR,CPTY_A,2018-01-05,1.915330,1166728.38,13187.49,6371001.05,0.00,1158988.49,1226011.95,1180574.22,1226011.95
Up,false,CommodityVolatility/COMDTY_WTI_USD/5/10Y/ATM,0.00102159,,0.00000000,EUR,CPTY_A,2018-02-05,2.000262,12065.98,25844.52,64898.26,0.00,11981.56,1226011.95,1130955.56,1226011.95
Up,false,CommodityVolatility/COMDTY_WTI_USD/5/10Y/ATM,0.00102159,,0.00000000,EUR,CPTY_A,2018-03-05,2.076974,12675.38,26819.16,67219.73,0.00,12584.13,1226011.95,1089648.89,1226011.95
Up,false,CommodityVolatility/COMDTY_WTI_USD/5/10Y/ATM,0.00102159,,0.00000000,EUR,CPTY_A,2018-04-05,2.161906,13380.19,27376.21,71178.05,0.00,13281.17,1226011.95,1047363.27,1226011.95
Up,false,CommodityVolatility/COMDTY_WTI_USD/5/10Y/ATM,0.00102159,,0.00000000,EUR,CPTY_A,2018-05-08,2.252317,14120.83,27967.65,73654.62,0.00,14013.31,1226011.95,1005883.25,1226011.95
Up,false,CommodityVolatility/COMDTY_WTI_USD/5/10Y/ATM,0.00102159,,0.00000000,EUR,CPTY_A,2018-06-05,2.329029,15187.77,28624.82,77474.30,0.00,15069.36,1226011.95,973248.34,1226011.95
Up,false,CommodityVolatility/COMDTY_WTI_USD/5/10Y/ATM,0.00102159,,0.00000000,EUR,CPTY_A,2018-07-05,2.411221,16133.51,29188.34,77303.24,0.00,16004.59,1226011.95,940618.58,1226011.95
Up,false,CommodityVolatility/COMDTY_WTI_USD/5/10Y/ATM,0.00102159,,0.00000000,EUR,CPTY_A,2018-08-06,2.498892,16798.98,30228.29,82778.82,0.00,16661.25,1226011.95,908202.42,1226011.95
Up,false,CommodityVolatility/COMDTY_WTI_USD/5/10Y/ATM,0.00102159,,0.00000000,EUR,CPTY_A,2018-09-05,2.581084,17146.14,30668.66,87342.97,0.00,17002.23,1226011.95,879823.13,1226011.95
Up,false,CommodityVolatility/COMDTY_WTI_USD/5/10Y/ATM,0.00102159,,0.00000000,EUR,CPTY_A,2018-10-05,2.663276,18042.53,31185.84,88227.95,0.00,17887.58,1226011.95,853222.80,1226011.95
Up,false,CommodityVolatility/COMDTY_WTI_USD/5/10Y/ATM,0.00102159,,0.00000000,EUR,CPTY_A,2018-11-05,2.748207,19186.78,31562.13,94036.59,0.00,19018.14,1226011.95,827442.26,1226011.95
Up,false,CommodityVolatility/COMDTY_WTI_USD/5/10Y/ATM,0.00102159,,0.00000000,EUR,CPTY_A,2018-12-05,2.830399,20558.56,31800.02,92797.38,0.00,20373.87,1226011.95,804005.85,1226011.95
Up,false,CommodityVolatility/COMDTY_WTI_USD/5/10Y/ATM,0.00102159,,0.00000000,EUR,CPTY_A,2019-01-07,2.920810,21721.52,31725.05,99149.97,0.00,21521.74,1226011.95,779784.78,1226011.95
Up,false,CommodityVolatility/COMDTY_WTI_USD/5/10Y/ATM,0.00102159,,0.00000000,EUR,CPTY_A,2019-02-05,3.000262,22287.43,32485.20,100883.48,0.00,22078.25,1226011.95,759719.42,1226011.95
Up,false,CommodityVolatility/COMDTY_WTI_USD/5/10Y/ATM,0.00102159,,0.00000000,EUR,CPTY_A,2019-03-05,3.076974,22972.90,33152.50,105696.43,0.00,22755.51,1226011.95,741346.11,1226011.95
Up,false,CommodityVolatility/COMDTY_WTI_USD/5/10Y/ATM,0.00102159,,0.00000000,EUR,CPTY_A,2019-04-05,3.161906,23538.47,33822.33,102701.99,0.00,23314.43,1226011.95,722059.16,1226011.95
Up,false,CommodityVolatility/COMDTY_WTI_USD/5/10Y/ATM,0.00102159,,0.00000000,EUR,CPTY_A,2019-05-07,3.249577,24673.34,34481.06,122925.71,0.00,24437.10,1226011.95,703237.82,1226011.95
Up,false,CommodityVolatility/COMDTY_WTI_USD/5/10Y/ATM,0.00102159,,0.00000000,EUR,CPTY_A,2019-06-05,3.329029,25506.82,34940.46,118117.77,0.00,25261.29,1226011.95,687056.94,1226011.95
Up,false,CommodityVolatility/COMDTY_WTI_USD/5/10Y/ATM,0.00102159,,0.00000000,EUR,CPTY_A,2019-07-05,3.411221,26359.67,35068.22,137836.88,0.00,26104.53,1226011.95,671131.60,1226011.95
Up,false,CommodityVolatility/COMDTY_WTI_USD/5/10Y/ATM,0.00102159,,0.00000000,EUR,CPTY_A,2019-08-05,3.496152,27212.12,36228.74,145213.78,0.00,26947.23,1226011.95,655482.52,1226011.95
Up,false,CommodityVolatility/COMDTY_WTI_USD/5/10Y/ATM,0.00102159,,0.00000000,EUR,CPTY_A,2019-09-05,3.581084,27984.50,37004.11,136909.95,0.00,27710.56,1226011.95,640593.84,1226011.95
Up,false,CommodityVolatility/COMDTY_WTI_USD/5/10Y/ATM,0.00102159,,0.00000000,EUR,CPTY_A,2019-10-07,3.668755,29536.51,37953.72,150831.44,0.00,29245.70,1226011.95,625984.62,1226011.95
Up,false,CommodityVolatility/COMDTY_WTI_USD/5/10Y/ATM,0.00102159,,0.00000000,EUR,CPTY_A,2019-11-05,3.748207,30230.10,38102.33,149428.11,0.00,29930.91,1226011.95,613349.87,1226011.95
Up,false,CommodityVolatility/COMDTY_WTI_USD/5/10Y/ATM,0.00102159,,0.00000000,EUR,CPTY_A,2019-12-05,3.830399,31317.80,38054.41,145289.00,0.00,31006.18,1226011.95,600854.07,1226011.95
Up,false,CommodityVolatility/COMDTY_WTI_USD/5/10Y/ATM,0.00102159,,0.00000000,EUR,CPTY_A,2020-01-06,3.918033,32108.55,37735.69,156021.86,0.00,31787.24,1226011.95,588125.88,1226011.95
Up,false,CommodityVolatility/COMDTY_WTI_USD/5/10Y/ATM,0.00102159,,0.00000000,EUR,CPTY_A,2020-02-05,4.000000,32154.85,38254.16,152162.30,0.00,31831.36,1226011.95,576726.40,1226011.95
Up,false,CommodityVolatility/COMDTY_WTI_USD/5/10Y/ATM,0.00102159,,0.00000000,EUR,CPTY_A,2020-03-05,4.079235,32387.01,37555.48,158038.66,0.00,32063.34,1226011.95,566146.88,1226011.95
Up,false,CommodityVolatility/COMDTY_WTI_USD/5/10Y/ATM,0.00102159,,0.00000000,EUR,CPTY_A,2020-04-06,4.166667,33397.96,37419.61,161587.16,0.00,33067.76,1226011.95,554960.95,1226011.95
Up,false,CommodityVolatility/COMDTY_WTI_USD/5/10Y/ATM,0.00102159,,0.00000000,EUR,CPTY_A,2020-05-05,4.245902,34671.25,37175.47,162800.91,0.00,34331.83,1226011.95,545245.22,1226011.95
Up,false,CommodityVolatility/COMDTY_WTI_USD/5/10Y/ATM,0.00102159,,0.00000000,EUR,CPTY_A,2020-06-05,4.330601,35942.55,36464.85,159855.11,0.00,35594.42,1226011.95,535277.29,1226011.95
Up,false,CommodityVolatility/COMDTY_WTI_USD/5/10Y/ATM,0.00102159,,0.00000000,EUR,CPTY_A,2020-07-06,4.415301,37251.44,35874.04,168889.84,0.00,36894.50,1226011.95,525716.73,1226011.95
Up,false,CommodityVolatility/COMDTY_WTI_USD/5/10Y/ATM,0.00102159,,0.00000000,EUR,CPTY_A,2020-08-05,4.497268,37598.02,36221.68,169781.58,0.00,37241.53,1226011.95,516813.78,1226011.95
Up,false,CommodityVolatility/COMDTY_WTI_USD/5/10Y/ATM,0.00102159,,0.00000000,EUR,CPTY_A,2020-09-08,4.590164,37429.50,35488.42,157835.69,0.00,37078.87,1226011.95,507104.86,1226011.95
Up,false,CommodityVolatility/COMDTY_WTI_USD/5/10Y/ATM,0.00102159,,0.00000000,EUR,CPTY_A,2020-10-05,4.663934,37898.77,35005.95,162312.89,0.00,37547.17,1226011.95,499677.76,1226011.95
Up,false,CommodityVolatility/COMDTY_WTI_USD/5/10Y/ATM,0.00102159,,0.00000000,EUR,CPTY_A,2020-11-05,4.748634,38371.52,34010.29,170989.91,0.00,38019.53,1226011.95,491443.35,1226011.95
Up,false,CommodityVolatility/COMDTY_WTI_USD/5/10Y/ATM,0.00102159,,0.00000000,EUR,CPTY_A,2020-12-07,4.836066,39726.47,33098.18,175842.03,0.00,39366.31,1226011.95,483270.21,1226011.95
Up,false,CommodityVolatility/COMDTY_WTI_USD/5/10Y/ATM,0.00102159,,0.00000000,EUR,CPTY_A,2021-01-05,4.915330,40979.14,32257.58,170007.22,0.00,40611.60,1226011.95,476131.87,1226011.95
Up,false,CommodityVolatility/COMDTY_WTI_USD/5/10Y/ATM,0.00102159,,0.00000000,EUR,CPTY_A,2021-02-05,5.000262,0.00,0.00,0.00,0.00,0.00,1226011.95,468044.57,1226011.95
